ID,Type,SKU,Name,Published,Is featured?,Visibility in catalog,Short description,Description,Date sale price starts,Date sale price ends,Tax status,Tax class,In stock?,Stock,Low stock amount,Backorders allowed?,Sold individually?,Weight (kg),Length (cm),Width (cm),Height (cm),Allow customer reviews?,Purchase note,Sale price,Regular price,Categories,Tags,Shipping class,Images,Download limit,Download expiry days,Parent,Grouped products,Upsells,Cross-sells,External URL,Button text,Position,Brands,Attribute 1 name,Attribute 1 value(s),Attribute 1 visible,Attribute 1 global,Meta: _yoast_wpseo_metadesc
,simple,F03125,"Scraper Plastic Handle Green (Putty Knife) 1"" - 25MM",1,,visible,,,,,taxable,,1,786,3,0,0,,,,,1,,,8.84,"All Products, Hardware, Hardware > Cutting & Grinding, Hardware > Painting & Decorating",,,,,,,,,,,,,ALCO,,,,,
,simple,F03128,"Scraper Plastic Handle Green (Putty Knife) 2.5"" - 65MM",1,,visible,,,,,taxable,,1,697,3,0,0,,,,,1,,,13.67,"All Products, Hardware, Hardware > Cutting & Grinding, Hardware > Painting & Decorating",,,,,,,,,,,,,ALCO,,,,,
,simple,F03131,"Scraper Plastic Handle Green (Putty Knife) 4"" - 100MM",1,,visible,,,,,taxable,,1,997,3,0,0,,,,,1,,,15.76,"All Products, Hardware, Hardware > Cutting & Grinding, Hardware > Painting & Decorating",,,,,,,,,,,,,ALCO,,,,,
,simple,F03126,"Scraper Plastic Handle Green (Putty Knife) 1.5"" - 38MM",1,,visible,,,,,taxable,,1,709,3,0,0,,,,,1,,,10.45,"All Products, Hardware, Hardware > Cutting & Grinding, Hardware > Painting & Decorating",,,,,,,,,,,,,ALCO,,,,,
,simple,F03129,"Scraper Plastic Handle Green (Putty Knife) 3"" - 75MM",1,,visible,,,,,taxable,,1,9,3,0,0,,,,,1,,,14.41,"All Products, Hardware, Hardware > Cutting & Grinding, Hardware > Painting & Decorating",,,,,,,,,,,,,ALCO,,,,,
,simple,F03132,"Scraper Plastic Handle Green (Putty Knife) 5"" - 125MM",1,,visible,,,,,taxable,,1,1056,3,0,0,,,,,1,,,17.63,"All Products, Hardware, Hardware > Cutting & Grinding, Hardware > Painting & Decorating",,,,,,,,,,,,,ALCO,,,,,
,simple,F03127,"Scraper Plastic Handle Green (Putty Knife) 2"" - 50MM",1,,visible,,,,,taxable,,1,219,3,0,0,,,,,1,,,12.38,"All Products, Hardware, Hardware > Cutting & Grinding, Hardware > Painting & Decorating",,,,,,,,,,,,,ALCO,,,,,
,simple,F03130,"Scraper Plastic Handle Green (Putty Knife) 3.5"" - 90MM",1,,visible,,,,,taxable,,1,1061,3,0,0,,,,,1,,,15.29,"All Products, Hardware, Hardware > Cutting & Grinding, Hardware > Painting & Decorating",,,,,,,,,,,,,ALCO,,,,,
,simple,F03133,"Scraper Plastic Handle Green (Putty Knife) 6"" - 150MM",1,,visible,,,,,taxable,,1,1169,3,0,0,,,,,1,,,19.24,"All Products, Hardware, Hardware > Cutting & Grinding, Hardware > Painting & Decorating",,,,,,,,,,,,,ALCO,,,,,
,simple,F03116,"Scraper Wooden Beech Handle (Putty Knife) 1"" - 25MM",1,,visible,,,,,taxable,,1,518,3,0,0,,,,,1,,,12.07,"All Products, Hardware, Hardware > Cutting & Grinding, Hardware > Painting & Decorating",,,,,,,,,,,,,ALCO,,,,,
,simple,F03119,"Scraper Wooden Beech Handle (Putty Knife) 2.5"" - 65MM",1,,visible,,,,,taxable,,1,398,3,0,0,,,,,1,,,15.29,"All Products, Hardware, Hardware > Cutting & Grinding, Hardware > Painting & Decorating",,,,,,,,,,,,,ALCO,,,,,
,simple,F03122,"Scraper Wooden Beech Handle (Putty Knife) 4"" - 100MM",1,,visible,,,,,taxable,,1,608,3,0,0,,,,,1,,,18.51,"All Products, Hardware, Hardware > Cutting & Grinding, Hardware > Painting & Decorating",,,,,,,,,,,,,ALCO,,,,,
,simple,F03117,"Scraper Wooden Beech Handle (Putty Knife) 1.5"" - 38MM",1,,visible,,,,,taxable,,1,441,3,0,0,,,,,1,,,12.8,"All Products, Hardware, Hardware > Cutting & Grinding, Hardware > Painting & Decorating",,,,,,,,,,,,,ALCO,,,,,
,simple,F03120,"Scraper Wooden Beech Handle (Putty Knife) 3"" - 75MM",1,,visible,,,,,taxable,,1,43,3,0,0,,,,,1,,,16.02,"All Products, Hardware, Hardware > Cutting & Grinding, Hardware > Painting & Decorating",,,,,,,,,,,,,ALCO,,,,,
,simple,F03123,"Scraper Wooden Beech Handle (Putty Knife) 5"" - 125MM",1,,visible,,,,,taxable,,1,758,3,0,0,,,,,1,,,20.43,"All Products, Hardware, Hardware > Cutting & Grinding, Hardware > Painting & Decorating",,,,,,,,,,,,,ALCO,,,,,
,simple,F03118,"Scraper Wooden Beech Handle (Putty Knife) 2"" - 50MM",1,,visible,,,,,taxable,,1,149,3,0,0,,,,,1,,,14.41,"All Products, Hardware, Hardware > Cutting & Grinding, Hardware > Painting & Decorating",,,,,,,,,,,,,ALCO,,,,,
,simple,F03121,"Scraper Wooden Beech Handle (Putty Knife) 3.5"" - 90MM",1,,visible,,,,,taxable,,1,630,3,0,0,,,,,1,,,16.9,"All Products, Hardware, Hardware > Cutting & Grinding, Hardware > Painting & Decorating",,,,,,,,,,,,,ALCO,,,,,
,simple,F03124,"Scraper Wooden Beech Handle (Putty Knife) 6"" - 150MM",1,,visible,,,,,taxable,,1,777,3,0,0,,,,,1,,,22.46,"All Products, Hardware, Hardware > Cutting & Grinding, Hardware > Painting & Decorating",,,,,,,,,,,,,ALCO,,,,,
,simple,F03090,"Wide Scraper (Putty Knife) Rubber Handle 6""",1,,visible,,,,,taxable,,1,351,3,0,0,,,,,1,,,19.24,"All Products, Hardware, Hardware > Cutting & Grinding, Hardware > Painting & Decorating",,,,,,,,,,,,,ALCO,,,,,
,simple,F03091,"Wide Scraper (Putty Knife) Rubber Handle 8""",1,,visible,,,,,taxable,,1,262,3,0,0,,,,,1,,,24.07,"All Products, Hardware, Hardware > Cutting & Grinding, Hardware > Painting & Decorating",,,,,,,,,,,,,ALCO,,,,,
,simple,F03092,"Wide Scraper (Putty Knife) Rubber Handle 10""",1,,visible,,,,,taxable,,1,108,3,0,0,,,,,1,,,32.12,"All Products, Hardware, Hardware > Cutting & Grinding, Hardware > Painting & Decorating",,,,,,,,,,,,,ALCO,,,,,
,simple,F03573,"Trowel Bricklaying Ruby Handle 8""",1,,visible,,,,,taxable,,1,474,3,0,0,,,,,1,,,53.05,"All Products, Hardware, Hardware > Painting & Decorating",,,,,,,,,,,,,Impulse,,,,,
,simple,F03574,"Trowel Bricklaying Ruby Handle 10""",1,,visible,,,,,taxable,,1,453,3,0,0,,,,,1,,,57.88,"All Products, Hardware, Hardware > Painting & Decorating",,,,,,,,,,,,,Impulse,,,,,
,simple,F03525,Trowel Plain Blue Plastic Handle,1,,visible,,,,,taxable,,1,965,3,0,0,,,,,1,,,38.56,"All Products, Hardware, Hardware > Painting & Decorating",,,,,,,,,,,,,ALCO,,,,,
,simple,F03572,Trowel Plain Rubber Handle Better Quality,1,,visible,,,,,taxable,,1,25,3,0,0,,,,,1,,,45.0,"All Products, Hardware, Hardware > Painting & Decorating",,,,,,,,,,,,,ALCO,,,,,
,simple,F03110,"Paint Brush Green Plastic Handle DIY 1"" - 25MM",1,,visible,,,,,taxable,,1,568,3,0,0,,,,,1,,,6.44,"All Products, Hardware, Hardware > Painting & Decorating",,,,,,,,,,,,,ALCO,,,,,
,simple,F03112,"Paint Brush Green Plastic Handle DIY 2"" - 50MM",1,,visible,,,,,taxable,,1,696,3,0,0,,,,,1,,,14.47,"All Products, Hardware, Hardware > Painting & Decorating",,,,,,,,,,,,,ALCO,,,,,
,simple,F03114,"Paint Brush Green Plastic Handle DIY 3"" - 75MM",1,,visible,,,,,taxable,,1,763,3,0,0,,,,,1,,,20.85,"All Products, Hardware, Hardware > Painting & Decorating",,,,,,,,,,,,,ALCO,,,,,
,simple,F03111,"Paint Brush Green Plastic Handle DIY 1.5"" - 38MM",1,,visible,,,,,taxable,,1,742,3,0,0,,,,,1,,,9.66,"All Products, Hardware, Hardware > Painting & Decorating",,,,,,,,,,,,,ALCO,,,,,
,simple,F03113,"Paint Brush Green Plastic Handle DIY 2.5"" - 63MM",1,,visible,,,,,taxable,,1,504,3,0,0,,,,,1,,,15.92,"All Products, Hardware, Hardware > Painting & Decorating",,,,,,,,,,,,,ALCO,,,,,
,simple,F03115,"Paint Brush Green Plastic Handle DIY 4"" - 100MM",1,,visible,,,,,taxable,,1,1079,3,0,0,,,,,1,,,24.95,"All Products, Hardware, Hardware > Painting & Decorating",,,,,,,,,,,,,ALCO,,,,,
,simple,F03098,"Paint Brush Red Handle DIY PRO 1"" - 25MM",1,,visible,,,,,taxable,,1,1507,3,0,0,,,,,1,,,8.05,"All Products, Hardware, Hardware > Painting & Decorating",,,,,,,,,,,,,ALCO,,,,,
,simple,F03100,"Paint Brush Red Handle DIY PRO 2"" - 50MM",1,,visible,,,,,taxable,,1,802,3,0,0,,,,,1,,,14.96,"All Products, Hardware, Hardware > Painting & Decorating",,,,,,,,,,,,,ALCO,,,,,
,simple,F03102,"Paint Brush Red Handle DIY PRO 3"" - 75MM",1,,visible,,,,,taxable,,1,1049,3,0,0,,,,,1,,,22.14,"All Products, Hardware, Hardware > Painting & Decorating",,,,,,,,,,,,,ALCO,,,,,
,simple,F03099,"Paint Brush Red Handle DIY PRO 1.5"" - 38MM",1,,visible,,,,,taxable,,1,1233,3,0,0,,,,,1,,,11.27,"All Products, Hardware, Hardware > Painting & Decorating",,,,,,,,,,,,,ALCO,,,,,
,simple,F03101,"Paint Brush Red Handle DIY PRO 2.5"" - 63MM",1,,visible,,,,,taxable,,1,1089,3,0,0,,,,,1,,,17.71,"All Products, Hardware, Hardware > Painting & Decorating",,,,,,,,,,,,,ALCO,,,,,
,simple,F03103,"Paint Brush Red Handle DIY PRO 4"" - 100MM",1,,visible,,,,,taxable,,1,1500,3,0,0,,,,,1,,,28.17,"All Products, Hardware, Hardware > Painting & Decorating",,,,,,,,,,,,,ALCO,,,,,
,simple,F03104,"Paint Brush Wooden Lotus Handle Craftman 1"" - 25MM",1,,visible,,,,,taxable,,1,1226,3,0,0,,,,,1,,,9.66,"All Products, Hardware, Hardware > Painting & Decorating",,,,,,,,,,,,,ALCO,,,,,
,simple,F03106,"Paint Brush Wooden Lotus Handle Craftman 2"" - 50MM",1,,visible,,,,,taxable,,1,81,3,0,0,,,,,1,,,20.91,"All Products, Hardware, Hardware > Painting & Decorating",,,,,,,,,,,,,ALCO,,,,,
,simple,F03108,"Paint Brush Wooden Lotus Handle Craftman 3"" - 75MM",1,,visible,,,,,taxable,,1,1371,3,0,0,,,,,1,,,37.43,"All Products, Hardware, Hardware > Painting & Decorating",,,,,,,,,,,,,ALCO,,,,,
,simple,F03105,"Paint Brush Wooden Lotus Handle Craftman 1.5"" - 38MM",1,,visible,,,,,taxable,,1,862,3,0,0,,,,,1,,,14.96,"All Products, Hardware, Hardware > Painting & Decorating",,,,,,,,,,,,,ALCO,,,,,
,simple,F03107,"Paint Brush Wooden Lotus Handle Craftman 2.5"" - 63MM",1,,visible,,,,,taxable,,1,1063,3,0,0,,,,,1,,,28.98,"All Products, Hardware, Hardware > Painting & Decorating",,,,,,,,,,,,,ALCO,,,,,
,simple,F03109,"Paint Brush Wooden Lotus Handle Craftman 4"" - 100MM",1,,visible,,,,,taxable,,1,1132,3,0,0,,,,,1,,,45.88,"All Products, Hardware, Hardware > Painting & Decorating",,,,,,,,,,,,,ALCO,,,,,
,simple,F03097,Paint Roller Grey Sponge Short Handle 160MM,1,,visible,,,,,taxable,,1,19,3,0,0,,,,,1,,,25.68,"All Products, Hardware, Hardware > Painting & Decorating",,,,,,,,,,,,,Impulse,,,,,
,simple,F03096,Paint Roller Grey Sponge Long Handle 160MM,1,,visible,,,,,taxable,,1,346,3,0,0,,,,,1,,,30.51,"All Products, Hardware, Hardware > Painting & Decorating",,,,,,,,,,,,,Impulse,,,,,
,simple,F03144,Paint Roller Small DIY Long Handle 100MM,1,,visible,,,,,taxable,,1,221,3,0,0,,,,,1,,,30.51,"All Products, Hardware, Hardware > Painting & Decorating",,,,,,,,,,,,,Impulse,,,,,
,simple,F03139,Paint Roller 3pce Set 100MM Promo,1,,visible,,,,,taxable,,1,1204,3,0,0,,,,,1,,,32.12,"All Products, Hardware, Hardware > Painting & Decorating",,,,,,,,,,,,,Impulse,,,,,
,simple,F03147,Paint Roller Anti Splash,1,,visible,,,,,taxable,,1,72,3,0,0,,,,,1,,,80.42,"All Products, Hardware, Hardware > Painting & Decorating",,,,,,,,,,,,,Impulse,,,,,
,simple,F03135,Pro Medium Paint Roller Yellow,1,,visible,,,,,taxable,,1,2642,3,0,0,,,,,1,,,36.95,"All Products, Hardware, Hardware > Painting & Decorating",,,,,,,,,,,,,Impulse,,,,,
,simple,F03140,"Medium ""Pro"" Roller Gary Stripe",1,,visible,,,,,taxable,,1,1294,3,0,0,,,,,1,,,43.39,"All Products, Hardware, Hardware > Painting & Decorating",,,,,,,,,,,,,Impulse,,,,,
,simple,F03142,"""Pro"" Roller Yellow Handle High Quality",1,,visible,,,,,taxable,,1,36,3,0,0,,,,,1,,,69.15,"All Products, Hardware, Hardware > Painting & Decorating",,,,,,,,,,,,,Impulse,,,,,
,simple,F03141,"Textured ""Pro"" Roller Blue Handle Best Quality/Durability",1,,visible,,,,,taxable,,1,143,3,0,0,,,,,1,,,73.98,"All Products, Hardware, Hardware > Painting & Decorating",,,,,,,,,,,,,Impulse,,,,,
,simple,F03148,Textured Spaghetti Roller,1,,visible,,,,,taxable,,1,199,3,0,0,,,,,1,,,96.52,"All Products, Hardware, Hardware > Painting & Decorating",,,,,,,,,,,,,Impulse,,,,,
,simple,F03089,High Density Med Textureed Roller,1,,visible,,,,,taxable,,1,422,3,0,0,,,,,1,,,96.52,"All Products, Hardware, Hardware > Painting & Decorating",,,,,,,,,,,,,Impulse,,,,,
,simple,F01671,"Paint Brush Set 3PCE - 1"",1.5"",2""",1,,visible,,,,,taxable,,1,1679,3,0,0,,,,,1,,,27.29,"All Products, Hardware, Hardware > Painting & Decorating",,,,,,,,,,,,,ALCO,,,,,
,simple,F01672,"Paint Brush Set 3PCE - 1"",1.5"",2"",2.5"",3""",1,,visible,,,,,taxable,,1,2009,3,0,0,,,,,1,,,43.39,"All Products, Hardware, Hardware > Painting & Decorating",,,,,,,,,,,,,ALCO,,,,,
,simple,F03145,Soft Pattern Designer Roller,1,,visible,,,,,taxable,,1,39,3,0,0,,,,,1,,,223.79,"All Products, Hardware, Hardware > Painting & Decorating",,,,,,,,,,,,,Impulse,,,,,
,simple,F03093,Masking Paper Tape For Painting 2CM x 20M,1,,visible,,,,,taxable,,1,10,3,0,0,,,,,1,,,11.19,"All Products, Hardware",,,,,,,,,,,,,Impulse,,,,,
,simple,F03094,Masking Paper Tape For Painting 5CM x 20M,1,,visible,,,,,taxable,,1,191,3,0,0,,,,,1,,,27.29,"All Products, Hardware",,,,,,,,,,,,,Impulse,,,,,
,simple,F03466,Paint Brush Set Double Blister 3 Piece,1,,visible,,,,,taxable,,1,4712,3,0,0,,,,,1,,,36.95,"All Products, Hardware, Hardware > Painting & Decorating",,,,,,,,,,,,,Impulse,,,,,
,simple,F03461,Paint Brush Set Double Blister 5 Piece,1,,visible,,,,,taxable,,1,1212,3,0,0,,,,,1,,,53.05,"All Products, Hardware, Hardware > Painting & Decorating",,,,,,,,,,,,,Impulse,,,,,
,simple,F03281,Econo Roller Set Paint Roller & Tray Set,1,,visible,,,,,taxable,,1,10,3,0,0,,,,,1,,,25.68,"All Products, Hardware, Hardware > Painting & Decorating",,,,,,,,,,,,,ALCO TOOLS,,,,,
,simple,F02578,Budget Set Paint Roller & Tray Set,1,,visible,,,,,taxable,,1,10,3,0,0,,,,,1,,,30.51,"All Products, Hardware, Hardware > Painting & Decorating",,,,,,,,,,,,,ALCO TOOLS,,,,,
,simple,F02579,DIY Set Paint Roller & Tray Set,1,,visible,,,,,taxable,,1,10,3,0,0,,,,,1,,,36.95,"All Products, Hardware, Hardware > Painting & Decorating",,,,,,,,,,,,,ALCO TOOLS,,,,,
,simple,F02580,Supa Pile Paint Roller & Tray Set,1,,visible,,,,,taxable,,1,6744,3,0,0,,,,,1,,,46.61,"All Products, Hardware, Hardware > Painting & Decorating",,,,,,,,,,,,,ALCO TOOLS,,,,,
,simple,F03134,Her Pile Paint Roller & Tray Set,1,,visible,,,,,taxable,,1,10,3,0,0,,,,,1,,,48.22,"All Products, Hardware, Hardware > Painting & Decorating",,,,,,,,,,,,,ALCO TOOLS,,,,,
,simple,F03095,MoHAIR Paint Roller & Tray Set,1,,visible,,,,,taxable,,1,10,3,0,0,,,,,1,,,57.88,"All Products, Hardware, Hardware > Painting & Decorating, Homeware, Homeware > Appliances, Homeware > Appliances > Small Appliances",,,,,,,,,,,,,ALCO TOOLS,,,,,
,simple,F02905,Lambswool Paint Roller & Tray Set,1,,visible,,,,,taxable,,1,5052,3,0,0,,,,,1,,,57.88,"All Products, Hardware, Hardware > Painting & Decorating",,,,,,,,,,,,,ALCO TOOLS,,,,,
,simple,F02904,Ruffer Pile Paint Roller & Tray Set,1,,visible,,,,,taxable,,1,12,3,0,0,,,,,1,,,57.88,"All Products, Hardware, Hardware > Painting & Decorating",,,,,,,,,,,,,ALCO TOOLS,,,,,
,simple,F02581,Eazi Brush Paint Roller & Tray Set,1,,visible,,,,,taxable,,1,10,3,0,0,,,,,1,,,59.49,"All Products, Hardware, Hardware > Painting & Decorating",,,,,,,,,,,,,ALCO TOOLS,,,,,
,simple,F02582,Microfibre High Density Paint Roller & Tray Set,1,,visible,,,,,taxable,,1,1289,3,0,0,,,,,1,,,70.76,"All Products, Hardware, Hardware > Painting & Decorating",,,,,,,,,,,,,ALCO TOOLS,,,,,
,simple,F03280,"Prof"" Pile Paint Roller & Tray Set",1,,visible,,,,,taxable,,1,10,3,0,0,,,,,1,,,77.2,"All Products, Hardware, Hardware > Painting & Decorating",,,,,,,,,,,,,ALCO TOOLS,,,,,
,simple,F03884,7PCE Value Set,1,,visible,,,,,taxable,,1,10,3,0,0,,,,,1,,,80.42,"All Products, Hardware, Hardware > Painting & Decorating",,,,,,,,,,,,,ALCO,,,,,
,simple,F03146,Paint Roller Handle Extender 3M,1,,visible,,,,,taxable,,1,1458,3,0,0,,,,,1,,,61.1,"All Products, Hardware, Hardware > Painting & Decorating",,,,,,,,,,,,,Impulse,,,,,
,simple,F03532,Plier Mini 4PC Set,1,,visible,,,,,taxable,,1,163,3,0,0,,,,,1,,,144.82,"All Products, Hardware, Hardware > Hand Tools",,,,,,,,,,,,,ALCO,,,,,
,simple,F02241,Plier Fencing Un-Insulated Handle 300MM,1,,visible,,,,,taxable,,1,10,3,0,0,,,,,1,,,144.82,"All Products, Hardware, Hardware > Hand Tools",,,,,,,,,,,,,ALCO,,,,,
,simple,F03575,Plier Side Cutter 3 In 1,1,,visible,,,,,taxable,,1,10,3,0,0,,,,,1,,,144.82,"All Products, Hardware, Hardware > Cutting & Grinding, Hardware > Hand Tools",,,,,,,,,,,,,ALCO,,,,,
,simple,F03577,Plier Side Long Nose 4 In 1,1,,visible,,,,,taxable,,1,5,3,0,0,,,,,1,,,141.6,"All Products, Hardware, Hardware > Hand Tools",,,,,,,,,,,,,ALCO,,,,,
,simple,F03576,Plier Side Combination 5 In 1,1,,visible,,,,,taxable,,1,10,3,0,0,,,,,1,,,144.82,"All Products, Hardware, Hardware > Hand Tools",,,,,,,,,,,,,ALCO,,,,,
,simple,F03571,Plier Set 3PCE DIY,1,,visible,,,,,taxable,,1,117,3,0,0,,,,,1,,,152.87,"All Products, Hardware, Hardware > Hand Tools",,,,,,,,,,,,,ALCO,,,,,
,simple,F00997,Cauking Gun Half Barrel,1,,visible,,,,,taxable,,1,1058,3,0,0,,,,,1,,,36.95,"All Products, Hardware",,,,,,,,,,,,,Impulse,,,,,
,simple,F03228,Cauking Gun Metal Pro Red,1,,visible,,,,,taxable,,1,169,3,0,0,,,,,1,,,64.32,"All Products, Hardware",,,,,,,,,,,,,Impulse,,,,,
,simple,F03229T,Cauking Gun Metal Pro Black,1,,visible,,,,,taxable,,1,10,3,0,0,,,,,1,,,39.95,"All Products, Hardware",,,,,,,,,,,,,Impulse,,,,,
,simple,F00981,Ladder House Wife 4 Step,1,,visible,,,,,taxable,,1,3,3,0,0,,,,,1,,,803.39,"All Products, Hardware, Hardware > Ladders & Access",,,,,,,,,,,,,Impulse,,,,,
,simple,F01368,Ladder House Wife 5 Step,1,,visible,,,,,taxable,,1,10,3,0,0,,,,,1,,,1109.29,"All Products, Hardware, Hardware > Ladders & Access",,,,,,,,,,,,,Impulse,,,,,
,simple,F03450,Hacksaw Full Metal,1,,visible,,,,,taxable,,1,411,3,0,0,,,,,1,,,61.1,"All Products, Hardware",,,,,,,,,,,,,Impulse,,,,,
,simple,F03526,Hacksaw Metal Handle Pro,1,,visible,,,,,taxable,,1,223,3,0,0,,,,,1,,,144.82,"All Products, Hardware",,,,,,,,,,,,,ALCO,,,,,
,simple,F03527,Hacksaw Rubber Handle Pro,1,,visible,,,,,taxable,,1,225,3,0,0,,,,,1,,,160.92,"All Products, Hardware",,,,,,,,,,,,,Impulse,,,,,
,simple,F01010,Handsaw Plastic Handle,1,,visible,,,,,taxable,,1,10,3,0,0,,,,,1,,,30.51,"All Products, Hardware",,,,,,,,,,,,,ALCO,,,,,
,simple,F01009,Handsaw Wooden Handle,1,,visible,,,,,taxable,,1,10,3,0,0,,,,,1,,,48.22,"All Products, Hardware",,,,,,,,,,,,,ALCO,,,,,
,simple,F03482,Hacksaw + Mitre Box Pro,1,,visible,,,,,taxable,,1,20,3,0,0,,,,,1,,,112.54,"All Products, Homeware, Homeware > Storage & Organisation",,,,,,,,,,,,,ALCO,,,,,
,simple,F03056,Staple Gun + Staples,1,,visible,,,,,taxable,,1,222,3,0,0,,,,,1,,,157.7,"All Products, Hardware",,,,,,,,,,,,,ALCO,,,,,
,simple,F03603,Jack Plane,1,,visible,,,,,taxable,,1,10,3,0,0,,,,,1,,,207.69,"All Products, Hardware",,,,,,,,,,,,,Impulse,,,,,
,simple,F02203,Hammer Spring Forged,1,,visible,,,,,taxable,,1,45,3,0,0,,,,,1,,,64.32,"All Products, Hardware, Hardware > Hand Tools",,,,,,,,,,,,,Impulse,,,,,
,simple,F03564,Trimmer Line Assorted Colors 1.6 x 6M,1,,visible,,,,,taxable,,1,835,3,0,0,,,,,1,,,11.19,"All Products, Hardware, Hardware > Garden & Outdoor",,,,,,,,,,,,,ALCO,,,,,
,simple,F03566,Trimmer Line Assorted Colors 2.4 x 6M,1,,visible,,,,,taxable,,1,732,3,0,0,,,,,1,,,18.51,"All Products, Hardware, Hardware > Garden & Outdoor",,,,,,,,,,,,,ALCO,,,,,
,simple,F03568,Trimmer Line Assorted Colors 2 x 10M,1,,visible,,,,,taxable,,1,12,3,0,0,,,,,1,,,17.63,"All Products, Hardware, Hardware > Garden & Outdoor",,,,,,,,,,,,,ALCO,,,,,
,simple,F03565,Trimmer Line Assorted Colors 2 x 6M,1,,visible,,,,,taxable,,1,872,3,0,0,,,,,1,,,14.41,"All Products, Hardware, Hardware > Garden & Outdoor",,,,,,,,,,,,,ALCO,,,,,
,simple,F03567,Trimmer Line Assorted Colors 1.6 x 10M,1,,visible,,,,,taxable,,1,134,3,0,0,,,,,1,,,16.02,"All Products, Hardware, Hardware > Garden & Outdoor",,,,,,,,,,,,,ALCO,,,,,
,simple,F03569,Trimmer Line Assorted Colors 2.4 x 10M,1,,visible,,,,,taxable,,1,10,3,0,0,,,,,1,,,22.46,"All Products, Hardware, Hardware > Garden & Outdoor",,,,,,,,,,,,,ALCO,,,,,
,simple,F03513,Axe Tomahawk,1,,visible,,,,,taxable,,1,181,3,0,0,,,,,1,,,77.2,"All Products, Hardware",,,,,,,,,,,,,Impulse,,,,,
,simple,F03511,Axe Fibre Glass Handle 2LB,1,,visible,,,,,taxable,,1,376,3,0,0,,,,,1,,,138.38,"All Products, Hardware",,,,,,,,,,,,,Impulse,,,,,
,simple,F03512,Axe Fibre Glass Handle 4LB,1,,visible,,,,,taxable,,1,415,3,0,0,,,,,1,,,305.82,"All Products, Hardware",,,,,,,,,,,,,Impulse,,,,,
,simple,F03457,"Axe, Hatchet Axe Fibre-Glass Handle",1,,visible,,,,,taxable,,1,146,3,0,0,,,,,1,,,96.52,"All Products, Hardware",,,,,,,,,,,,,Impulse,,,,,
,simple,F01055,Hammer Sledge 2LB,1,,visible,,,,,taxable,,1,71,3,0,0,,,,,1,,,112.62,"All Products, Hardware, Hardware > Hand Tools",,,,,,,,,,,,,Impulse,,,,,
,simple,F01054,Hammer Sledge 4LB,1,,visible,,,,,taxable,,1,7,3,0,0,,,,,1,,,207.69,"All Products, Hardware, Hardware > Hand Tools",,,,,,,,,,,,,Impulse,,,,,
,simple,F03710,Hammer Sledge 6LB,1,,visible,,,,,taxable,,1,79,3,0,0,,,,,1,,,320.39,"All Products, Hardware, Hardware > Hand Tools",,,,,,,,,,,,,Impulse,,,,,
,simple,F03570,Garden Set 3PCE,1,,visible,,,,,taxable,,1,10,3,0,0,,,,,1,,,56.27,"All Products, Hardware, Hardware > Garden & Outdoor",,,,,,,,,,,,,Impulse,,,,,
,simple,F03458,"Shear Pruning 8"" With Card",1,,visible,,,,,taxable,,1,83,3,0,0,,,,,1,,,80.42,"All Products, Hardware, Hardware > Garden & Outdoor",,,,,,,,,,,,,ALCO,,,,,
,simple,F03668,Garden Shear Professional,1,,visible,,,,,taxable,,1,10,3,0,0,,,,,1,,,153.75,"All Products, Hardware, Hardware > Garden & Outdoor",,,,,,,,,,,,,Impulse,,,,,
,simple,F03449,Hedge Shear Extendable Handle,1,,visible,,,,,taxable,,1,96,3,0,0,,,,,1,,,140.87,"All Products, Hardware, Hardware > Garden & Outdoor",,,,,,,,,,,,,Impulse,,,,,
,simple,F03173,Builders Line 100M 0.70MM,1,,visible,,,,,taxable,,1,37,3,0,0,,,,,1,,,16.9,"All Products, Hardware",,,,,,,,,,,,,Strandflex,,,,,
,simple,F03174,Builders Line 100M 0.80MM,1,,visible,,,,,taxable,,1,10,3,0,0,,,,,1,,,20.12,"All Products, Hardware",,,,,,,,,,,,,Strandflex,,,,,
,simple,F03175,Builders Line 100M 0.85MM,1,,visible,,,,,taxable,,1,699,3,0,0,,,,,1,,,21.73,"All Products, Hardware",,,,,,,,,,,,,Strandflex,,,,,
,simple,F03176,Builders Line 100M 0.90MM,1,,visible,,,,,taxable,,1,661,3,0,0,,,,,1,,,23.34,"All Products, Hardware",,,,,,,,,,,,,Strandflex,,,,,
,simple,F03177,Builders Line 100M 1.00MM,1,,visible,,,,,taxable,,1,101,3,0,0,,,,,1,,,26.56,"All Products, Hardware",,,,,,,,,,,,,Strandflex,,,,,
,simple,F01837,Gate Roller Kit 60#,1,,visible,,,,,taxable,,1,889,3,0,0,,,,,1,,,206.0,"All Products, Hardware, Hardware > Painting & Decorating",,,,,,,,,,,,,Rollaway,,,,,
,simple,F01838,Gate Roller Kit 80#,1,,visible,,,,,taxable,,1,528,3,0,0,,,,,1,,,249.55,"All Products, Hardware, Hardware > Painting & Decorating",,,,,,,,,,,,,Rollaway,,,,,
,simple,F03150,Gate Roller Kit 100#,1,,visible,,,,,taxable,,1,163,3,0,0,,,,,1,,,384.79,"All Products, Hardware, Hardware > Painting & Decorating",,,,,,,,,,,,,Rollaway,,,,,
,simple,F03154,Heavy Duty Concealed Hinge Silver Small 140MM x 30MM,1,,visible,,,,,taxable,,1,14,3,0,0,,,,,1,,,732.55,"All Products, Hardware, Hardware > Locks & Security",,,,,,,,,,,,,ALCO,,,,,
,simple,F03153,Heavy Duty Concealed Hinge Black Small 140MM x 30MM,1,,visible,,,,,taxable,,1,4,3,0,0,,,,,1,,,732.55,"All Products, Hardware, Hardware > Locks & Security",,,,,,,,,,,,,ALCO,,,,,
,simple,F03152,Heavy Duty Concealed Hinge Silver Large 177MM x 28MM,1,,visible,,,,,taxable,,1,15,3,0,0,,,,,1,,,787.29,"All Products, Hardware, Hardware > Locks & Security",,,,,,,,,,,,,ALCO,,,,,
,simple,F03151,Heavy Duty Concealed Hinge Black Large 177MM x 28MM,1,,visible,,,,,taxable,,1,5,3,0,0,,,,,1,,,787.29,"All Products, Hardware, Hardware > Locks & Security",,,,,,,,,,,,,ALCO,,,,,
,simple,F03024,Chuck Key Set,1,,visible,,,,,taxable,,1,1,3,0,0,,,,,1,,,62.71,"All Products, Hardware",,,,,,,,,,,,,ALCO,,,,,
,simple,F03025,Driver Bit 6MM Magnetic Carded,1,,visible,,,,,taxable,,1,757,3,0,0,,,,,1,,,19.24,"All Products, Hardware, Hardware > Power Tools & Accessories",,,,,,,,,,,,,ALCO,,,,,
,simple,F03456,Allen Key Set 8PCS Foldable,1,,visible,,,,,taxable,,1,207,3,0,0,,,,,1,,,48.22,"All Products, Hardware",,,,,,,,,,,,,Impulse,,,,,
,simple,F00953,Allen Key Set 9 Piece Carded,1,,visible,,,,,taxable,,1,89,3,0,0,,,,,1,,,25.68,"All Products, Hardware",,,,,,,,,,,,,ALCO,,,,,
,simple,F02225,Hex Key Set 9 Piece Carded,1,,visible,,,,,taxable,,1,112,3,0,0,,,,,1,,,21.73,"All Products, Hardware",,,,,,,,,,,,,ALCO,,,,,
,simple,F03409,"Rivert Gun Pro Aluminium Body 10.5""",1,,visible,,,,,taxable,,1,273,3,0,0,,,,,1,,,93.3,"All Products, Hardware",,,,,,,,,,,,,ALCO,,,,,
,simple,F03483,Socket Set DIY 40 PC Small,1,,visible,,,,,taxable,,1,60,3,0,0,,,,,1,,,141.6,"All Products, Hardware, Hardware > Electrical",,,,,,,,,,,,,Impulse,,,,,
,simple,F00528,Socket Set 10PC Small DIY,1,,visible,,,,,taxable,,1,10,3,0,0,,,,,1,,,61.18,"All Products, Hardware, Hardware > Electrical",,,,,,,,,,,,,ALCO,,,,,
,simple,F03484,Socket Set 12PC Chrome Vanadium 8 - 24MM,1,,visible,,,,,taxable,,1,10,3,0,0,,,,,1,,,273.62,"All Products, Hardware, Hardware > Electrical",,,,,,,,,,,,,ALCO,,,,,
,simple,F03508,Snap Hook Carabiner Locking Clips With Safety Lock SBE M6,1,,visible,,,,,taxable,,1,829,3,0,0,,,,,1,,,5.62,"All Products, Hardware, Hardware > Locks & Security, Hardware > Safety & PPE, Homeware, Homeware > Storage & Organisation",,,,,,,,,,,,,ALCO,,,,,
,simple,F03509,Snap Hook Carabiner Locking Clips With Safety Lock SBE M8,1,,visible,,,,,taxable,,1,487,3,0,0,,,,,1,,,8.84,"All Products, Hardware, Hardware > Locks & Security, Hardware > Safety & PPE, Homeware, Homeware > Storage & Organisation",,,,,,,,,,,,,ALCO,,,,,
,simple,F03510,Snap Hook Carabiner Locking Clips With Safety Lock SBE M10,1,,visible,,,,,taxable,,1,3,3,0,0,,,,,1,,,14.47,"All Products, Hardware, Hardware > Locks & Security, Hardware > Safety & PPE, Homeware, Homeware > Storage & Organisation",,,,,,,,,,,,,ALCO,,,,,
,simple,F03505,D Shackle Stainless Steel SBE M8,1,,visible,,,,,taxable,,1,612,3,0,0,,,,,1,,,4.81,"All Products, Hardware",,,,,,,,,,,,,ALCO,,,,,
,simple,F03506,D Shackle Stainless Steel SBE M12,1,,visible,,,,,taxable,,1,4,3,0,0,,,,,1,,,9.64,"All Products, Hardware",,,,,,,,,,,,,ALCO,,,,,
,simple,F03507,D Shackle Stainless Steel SBE M14,1,,visible,,,,,taxable,,1,3,3,0,0,,,,,1,,,16.08,"All Products, Hardware",,,,,,,,,,,,,ALCO,,,,,
,simple,F03535,"Bolt Cutter Yellow 18"" - 450MM",1,,visible,,,,,taxable,,1,29,3,0,0,,,,,1,,,255.99,"All Products, Hardware, Hardware > Cutting & Grinding, Hardware > Fasteners",,,,,,,,,,,,,Impulse,,,,,
,simple,F03440,"Bolt Cutter Yellow 30"" - 750MM",1,,visible,,,,,taxable,,1,52,3,0,0,,,,,1,,,416.99,"All Products, Hardware, Hardware > Cutting & Grinding, Hardware > Fasteners",,,,,,,,,,,,,Impulse,,,,,
,simple,F03441,"Bolt Cutter Yellow 36"" - 900MM",1,,visible,,,,,taxable,,1,63,3,0,0,,,,,1,,,497.49,"All Products, Hardware, Hardware > Cutting & Grinding, Hardware > Fasteners",,,,,,,,,,,,,Impulse,,,,,
,simple,F03528,Socket Set 10PCS Small DIY,1,,visible,,,,,taxable,,1,10,3,0,0,,,,,1,,,111.89,"All Products, Hardware, Hardware > Electrical",,,,,,,,,,,,,ALCO,,,,,
,simple,IMP-0143,Chain Galvanized 3*30M - 5.7KG,1,,visible,,,,,taxable,,1,10,3,0,0,,,,,1,,,9.0,"All Products, Hardware, Hardware > Locks & Security",,,,,,,,,,,,,Impulse,,,,,
,simple,IMP-0144,Chain Galvanized 4*30M - 5.7KG,1,,visible,,,,,taxable,,1,10,3,0,0,,,,,1,,,9.0,"All Products, Hardware, Hardware > Locks & Security",,,,,,,,,,,,,Impulse,,,,,
,simple,IMP-0145,Chain Galvanized 5*30M - 5.3KG,1,,visible,,,,,taxable,,1,10,3,0,0,,,,,1,,,9.0,"All Products, Hardware, Hardware > Locks & Security",,,,,,,,,,,,,Impulse,,,,,
,simple,IMP-0146,Chain Galvanized 6*30M - 5.1KG,1,,visible,,,,,taxable,,1,10,3,0,0,,,,,1,,,9.0,"All Products, Hardware, Hardware > Locks & Security",,,,,,,,,,,,,Impulse,,,,,
,simple,IMP-0147,Chain Galvanized 8*30M - 5.1KG,1,,visible,,,,,taxable,,1,10,3,0,0,,,,,1,,,9.0,"All Products, Hardware, Hardware > Locks & Security",,,,,,,,,,,,,Impulse,,,,,
,simple,F03524,Chain Galvanized 10*15M - 5.1KG,1,,visible,,,,,taxable,,1,11,3,0,0,,,,,1,,,1206.69,"All Products, Hardware, Hardware > Locks & Security",,,,,,,,,,,,,Impulse,,,,,
,simple,F03531,Glue Gun Electric 100-240V 40W,1,,visible,,,,,taxable,,1,314,3,0,0,,,,,1,,,80.42,"All Products, Hardware, Hardware > Adhesives & Sealants",,,,,,,,,,,,,ALCO,,,,,
,simple,F03530,Glue Gun Electric 100-240V 100W,1,,visible,,,,,taxable,,1,153,3,0,0,,,,,1,,,128.72,"All Products, Hardware, Hardware > Adhesives & Sealants",,,,,,,,,,,,,ALCO,,,,,
,simple,F03533,Soldering Iron Electric 220V - 40W,1,,visible,,,,,taxable,,1,372,3,0,0,,,,,1,,,104.57,"All Products, Homeware, Homeware > Appliances, Homeware > Appliances > Small Appliances",,,,,,,,,,,,,ALCO,,,,,
,simple,F03534,Soldering Iron Electric 220V - 60W,1,,visible,,,,,taxable,,1,355,3,0,0,,,,,1,,,117.45,"All Products, Homeware, Homeware > Appliances, Homeware > Appliances > Small Appliances",,,,,,,,,,,,,ALCO,,,,,
,simple,F03016,Screw Driver Set 5Pcs Carded Econo,1,,visible,,,,,taxable,,1,397,3,0,0,,,,,1,,,35.34,"All Products, Hardware, Hardware > Fasteners, Hardware > Power Tools & Accessories",,,,,,,,,,,,,ALCO,,,,,
,simple,F03015,Screw Driver Set 4Pcs Rubber Grip,1,,visible,,,,,taxable,,1,518,3,0,0,,,,,1,,,67.54,"All Products, Hardware, Hardware > Fasteners, Hardware > Power Tools & Accessories",,,,,,,,,,,,,ALCO,,,,,
,simple,F03442,"2PC Electrician Screw Driver Set 3"" - 76.2MM",1,,visible,,,,,taxable,,1,216,3,0,0,,,,,1,,,46.61,"All Products, Hardware, Hardware > Fasteners, Hardware > Power Tools & Accessories",,,,,,,,,,,,,ALCO,,,,,
,simple,F03443,"2PC Electrician Screw Driver Set 4"" - 101.6MM",1,,visible,,,,,taxable,,1,290,3,0,0,,,,,1,,,56.27,"All Products, Hardware, Hardware > Fasteners, Hardware > Power Tools & Accessories",,,,,,,,,,,,,ALCO,,,,,
,simple,F03444,"2PC Electrician Screw Driver Set 5"" - 127MM",1,,visible,,,,,taxable,,1,182,3,0,0,,,,,1,,,64.32,"All Products, Hardware, Hardware > Fasteners, Hardware > Power Tools & Accessories",,,,,,,,,,,,,ALCO,,,,,
,simple,F03014,Screwdriver Set 2 Piece Long Carded,1,,visible,,,,,taxable,,1,977,3,0,0,,,,,1,,,40.17,"All Products, Hardware, Hardware > Fasteners, Hardware > Power Tools & Accessories",,,,,,,,,,,,,ALCO,,,,,
,simple,F03498,Measuring Tape DIY Pro 3M*19,1,,visible,,,,,taxable,,1,532,3,0,0,,,,,1,,,27.29,"All Products, Hardware, Hardware > Measuring & Layout",,,,,,,,,,,,,ALCO,,,,,
,simple,F03499,Measuring Tape DIY Pro 5M*19,1,,visible,,,,,taxable,,1,389,3,0,0,,,,,1,,,36.95,"All Products, Hardware, Hardware > Measuring & Layout",,,,,,,,,,,,,ALCO,,,,,
,simple,F03501,Measuring Tape DIY Pro 7.5M*25,1,,visible,,,,,taxable,,1,77,3,0,0,,,,,1,,,53.05,"All Products, Hardware, Hardware > Measuring & Layout",,,,,,,,,,,,,ALCO,,,,,
,simple,F03500,Measuring Tape DIY Pro 10M*25,1,,visible,,,,,taxable,,1,16,3,0,0,,,,,1,,,72.37,"All Products, Hardware, Hardware > Measuring & Layout",,,,,,,,,,,,,ALCO,,,,,
,simple,F03017,Measuring Tape 20M,1,,visible,,,,,taxable,,1,111,3,0,0,,,,,1,,,82.03,"All Products, Hardware, Hardware > Measuring & Layout",,,,,,,,,,,,,ALCO,,,,,
,simple,F03018,Measuring Tape 30M,1,,visible,,,,,taxable,,1,113,3,0,0,,,,,1,,,107.79,"All Products, Hardware, Hardware > Measuring & Layout",,,,,,,,,,,,,ALCO,,,,,
,simple,F03019,Measuring Tape 50M,1,,visible,,,,,taxable,,1,3,3,0,0,,,,,1,,,141.6,"All Products, Hardware, Hardware > Measuring & Layout",,,,,,,,,,,,,ALCO,,,,,
,simple,F03480,Caliper-Vernier Digital,1,,visible,,,,,taxable,,1,114,3,0,0,,,,,1,,,156.97,"All Products, Hardware, Hardware > Measuring & Layout",,,,,,,,,,,,,Impulse,,,,,
,simple,F03452,Level DIY Pro 400MM,1,,visible,,,,,taxable,,1,155,3,0,0,,,,,1,,,88.47,"All Products, Hardware, Hardware > Measuring & Layout",,,,,,,,,,,,,ALCO,,,,,
,simple,F03453,Level DIY Pro 600MM,1,,visible,,,,,taxable,,1,138,3,0,0,,,,,1,,,104.57,"All Products, Hardware, Hardware > Measuring & Layout",,,,,,,,,,,,,ALCO,,,,,
,simple,F03454,Level DIY Pro 800MM,1,,visible,,,,,taxable,,1,145,3,0,0,,,,,1,,,128.72,"All Products, Hardware, Hardware > Measuring & Layout",,,,,,,,,,,,,ALCO,,,,,
,simple,F03455,Level DIY Pro 1000MM,1,,visible,,,,,taxable,,1,136,3,0,0,,,,,1,,,144.82,"All Products, Hardware, Hardware > Measuring & Layout",,,,,,,,,,,,,ALCO,,,,,
,simple,F03529,Spirit Level Handy-Man Small,1,,visible,,,,,taxable,,1,399,3,0,0,,,,,1,,,29.78,"All Products, Hardware, Hardware > Measuring & Layout",,,,,,,,,,,,,ALCO,,,,,
,simple,F03036,Alco Wood Drill Bit 3MM 48 Pieces/Pack,1,,visible,,,,,taxable,,1,521,3,0,0,,,,,1,,,3.04,"All Products, Hardware, Hardware > Power Tools & Accessories",,,,,,,,,,,,,ALCO,,,,,
,simple,F03037,Alco Wood Drill Bit 4MM 48 Pieces/Pack,1,,visible,,,,,taxable,,1,410,3,0,0,,,,,1,,,4.01,"All Products, Hardware, Hardware > Power Tools & Accessories",,,,,,,,,,,,,ALCO,,,,,
,simple,F03038,Alco Wood Drill Bit 5MM 48 Pieces/Pack,1,,visible,,,,,taxable,,1,431,3,0,0,,,,,1,,,4.81,"All Products, Hardware, Hardware > Power Tools & Accessories",,,,,,,,,,,,,ALCO,,,,,
,simple,F03039,Alco Wood Drill Bit 6MM 48 Pieces/Pack,1,,visible,,,,,taxable,,1,283,3,0,0,,,,,1,,,5.62,"All Products, Hardware, Hardware > Power Tools & Accessories",,,,,,,,,,,,,ALCO,,,,,
,simple,F03040,Alco Wood Drill Bit 7MM 48 Pieces/Pack,1,,visible,,,,,taxable,,1,515,3,0,0,,,,,1,,,6.42,"All Products, Hardware, Hardware > Power Tools & Accessories",,,,,,,,,,,,,ALCO,,,,,
,simple,F03041,Alco Wood Drill Bit 8MM 48 Pieces/Pack,1,,visible,,,,,taxable,,1,338,3,0,0,,,,,1,,,8.03,"All Products, Hardware, Hardware > Power Tools & Accessories",,,,,,,,,,,,,ALCO,,,,,
,simple,F03042,Alco Wood Drill Bit 9MM 48 Pieces/Pack,1,,visible,,,,,taxable,,1,516,3,0,0,,,,,1,,,8.84,"All Products, Hardware, Hardware > Power Tools & Accessories",,,,,,,,,,,,,ALCO,,,,,
,simple,F03043,Alco Wood Drill Bit 10MM 48 Pieces/Pack,1,,visible,,,,,taxable,,1,408,3,0,0,,,,,1,,,11.09,"All Products, Hardware, Hardware > Power Tools & Accessories",,,,,,,,,,,,,ALCO,,,,,
,simple,F03044,Alco Wood Drill Bit 11MM 48 Pieces/Pack,1,,visible,,,,,taxable,,1,630,3,0,0,,,,,1,,,14.31,"All Products, Hardware, Hardware > Power Tools & Accessories",,,,,,,,,,,,,ALCO,,,,,
,simple,F03045,Alco Wood Drill Bit 12MM 48 Pieces/Pack,1,,visible,,,,,taxable,,1,543,3,0,0,,,,,1,,,18.98,"All Products, Hardware, Hardware > Power Tools & Accessories",,,,,,,,,,,,,ALCO,,,,,
,simple,F03046,Alco Masonry Drill Bit 3MM 48 Pieces/Pack,1,,visible,,,,,taxable,,1,439,3,0,0,,,,,1,,,4.01,"All Products, Hardware, Hardware > Power Tools & Accessories",,,,,,,,,,,,,ALCO,,,,,
,simple,F03047,Alco Masonry Drill Bit 4MM 48 Pieces/Pack,1,,visible,,,,,taxable,,1,209,3,0,0,,,,,1,,,4.65,"All Products, Hardware, Hardware > Power Tools & Accessories",,,,,,,,,,,,,ALCO,,,,,
,simple,F03048,Alco Masonry Drill Bit 5MM 48 Pieces/Pack,1,,visible,,,,,taxable,,1,124,3,0,0,,,,,1,,,5.62,"All Products, Hardware, Hardware > Power Tools & Accessories",,,,,,,,,,,,,ALCO,,,,,
,simple,F03049,Alco Masonry Drill Bit 6MM 48 Pieces/Pack,1,,visible,,,,,taxable,,1,6,3,0,0,,,,,1,,,8.03,"All Products, Hardware, Hardware > Power Tools & Accessories",,,,,,,,,,,,,ALCO,,,,,
,simple,F03050,Alco Masonry Drill Bit 7MM 48 Pieces/Pack,1,,visible,,,,,taxable,,1,184,3,0,0,,,,,1,,,8.84,"All Products, Hardware, Hardware > Power Tools & Accessories",,,,,,,,,,,,,ALCO,,,,,
,simple,F03051,Alco Masonry Drill Bit 8MM 48 Pieces/Pack,1,,visible,,,,,taxable,,1,10,3,0,0,,,,,1,,,11.74,"All Products, Hardware, Hardware > Power Tools & Accessories",,,,,,,,,,,,,ALCO,,,,,
,simple,F03052,Alco Masonry Drill Bit 9MM 48 Pieces/Pack,1,,visible,,,,,taxable,,1,445,3,0,0,,,,,1,,,14.47,"All Products, Hardware, Hardware > Power Tools & Accessories",,,,,,,,,,,,,ALCO,,,,,
,simple,F03053,Alco Masonry Drill Bit 10MM 48 Pieces/Pack,1,,visible,,,,,taxable,,1,250,3,0,0,,,,,1,,,17.69,"All Products, Hardware, Hardware > Power Tools & Accessories",,,,,,,,,,,,,ALCO,,,,,
,simple,F03054,Alco Masonry Drill Bit 11MM 48 Pieces/Pack,1,,visible,,,,,taxable,,1,549,3,0,0,,,,,1,,,20.91,"All Products, Hardware, Hardware > Power Tools & Accessories",,,,,,,,,,,,,ALCO,,,,,
,simple,F03055,Alco Masonry Drill Bit 12MM 48 Pieces/Pack,1,,visible,,,,,taxable,,1,441,3,0,0,,,,,1,,,25.74,"All Products, Hardware, Hardware > Power Tools & Accessories",,,,,,,,,,,,,ALCO,,,,,
,simple,F03026,Alco Metal/Steel Drill Bit 3MM 48 Pieces/Pack,1,,visible,,,,,taxable,,1,346,3,0,0,,,,,1,,,4.01,"All Products, Hardware, Hardware > Power Tools & Accessories",,,,,,,,,,,,,ALCO,,,,,
,simple,F03027,Alco Metal/Steel Drill Bit 4MM 48 Pieces/Pack,1,,visible,,,,,taxable,,1,13,3,0,0,,,,,1,,,5.62,"All Products, Hardware, Hardware > Power Tools & Accessories",,,,,,,,,,,,,ALCO,,,,,
,simple,F03028,Alco Metal/Steel Drill Bit 5MM 48 Pieces/Pack,1,,visible,,,,,taxable,,1,83,3,0,0,,,,,1,,,7.07,"All Products, Hardware, Hardware > Power Tools & Accessories",,,,,,,,,,,,,ALCO,,,,,
,simple,F03029,Alco Metal/Steel Drill Bit 6MM 48 Pieces/Pack,1,,visible,,,,,taxable,,1,45,3,0,0,,,,,1,,,10.29,"All Products, Hardware, Hardware > Power Tools & Accessories",,,,,,,,,,,,,ALCO,,,,,
,simple,F03030,Alco Metal/Steel Drill Bit 7MM 48 Pieces/Pack,1,,visible,,,,,taxable,,1,400,3,0,0,,,,,1,,,16.08,"All Products, Hardware, Hardware > Power Tools & Accessories",,,,,,,,,,,,,ALCO,,,,,
,simple,F03031,Alco Metal/Steel Drill Bit 8MM 48 Pieces/Pack,1,,visible,,,,,taxable,,1,187,3,0,0,,,,,1,,,20.75,"All Products, Hardware, Hardware > Power Tools & Accessories",,,,,,,,,,,,,ALCO,,,,,
,simple,F03032,Alco Metal/Steel Drill Bit 9MM 48 Pieces/Pack,1,,visible,,,,,taxable,,1,495,3,0,0,,,,,1,,,26.55,"All Products, Hardware, Hardware > Power Tools & Accessories",,,,,,,,,,,,,ALCO,,,,,
,simple,F03033,Alco Metal/Steel Drill Bit 10MM 48 Pieces/Pack,1,,visible,,,,,taxable,,1,396,3,0,0,,,,,1,,,28.16,"All Products, Hardware, Hardware > Power Tools & Accessories",,,,,,,,,,,,,ALCO,,,,,
,simple,F03034,Alco Metal/Steel Drill Bit 11MM 48 Pieces/Pack,1,,visible,,,,,taxable,,1,624,3,0,0,,,,,1,,,32.18,"All Products, Hardware, Hardware > Power Tools & Accessories",,,,,,,,,,,,,ALCO,,,,,
,simple,F03035,Alco Metal/Steel Drill Bit 12MM 48 Pieces/Pack,1,,visible,,,,,taxable,,1,541,3,0,0,,,,,1,,,37.01,"All Products, Hardware, Hardware > Power Tools & Accessories",,,,,,,,,,,,,ALCO,,,,,
,simple,F03057,Alco Drill Bits SDS 6x160MM 48 Pieces/Pack,1,,visible,,,,,taxable,,1,7,3,0,0,,,,,1,,,14.47,"All Products, Hardware, Hardware > Power Tools & Accessories",,,,,,,,,,,,,ALCO,,,,,
,simple,F03058,Alco Drill Bits SDS 8x160MM 48 Pieces/Pack,1,,visible,,,,,taxable,,1,89,3,0,0,,,,,1,,,18.5,"All Products, Hardware, Hardware > Power Tools & Accessories",,,,,,,,,,,,,ALCO,,,,,
,simple,F03059,Alco Drill Bits SDS 10x160MM 48 Pieces/Pack,1,,visible,,,,,taxable,,1,205,3,0,0,,,,,1,,,24.13,"All Products, Hardware, Hardware > Power Tools & Accessories",,,,,,,,,,,,,ALCO,,,,,
,simple,F03060,Alco Drill Bits SDS 12x160MM 48 Pieces/Pack,1,,visible,,,,,taxable,,1,226,3,0,0,,,,,1,,,31.38,"All Products, Hardware, Hardware > Power Tools & Accessories",,,,,,,,,,,,,ALCO,,,,,
,simple,F03020,Flap Disc 60 Grit 115 x 60,1,,visible,,,,,taxable,,1,7,3,0,0,,,,,1,,,19.24,"All Products, Hardware, Hardware > Cutting & Grinding",,,,,,,,,,,,,ALCO,,,,,
,simple,F03021,Flap Disc 80 Grit 115 x 80,1,,visible,,,,,taxable,,1,17,3,0,0,,,,,1,,,20.85,"All Products, Hardware, Hardware > Cutting & Grinding",,,,,,,,,,,,,ALCO,,,,,
,simple,F003022,Flap Disc 100 Grit 115 x 80,1,,visible,,,,,taxable,,1,10,3,0,0,,,,,1,,,12.95,"All Products, Hardware, Hardware > Cutting & Grinding",,,,,,,,,,,,,ALCO,,,,,
,simple,F02551,Circular Saw Blade 60 Teeth 115MM,1,,visible,,,,,taxable,,1,37,3,0,0,,,,,1,,,39.44,"All Products, Hardware, Hardware > Cutting & Grinding",,,,,,,,,,,,,ALCO,,,,,
,simple,F02554,Circular Saw Blade 60 Teeth 180MM,1,,visible,,,,,taxable,,1,53,3,0,0,,,,,1,,,82.91,"All Products, Hardware, Hardware > Cutting & Grinding",,,,,,,,,,,,,ALCO,,,,,
,simple,F02557,Circular Saw Blade 60 Teeth 230MM,1,,visible,,,,,taxable,,1,143,3,0,0,,,,,1,,,90.08,"All Products, Hardware, Hardware > Cutting & Grinding",,,,,,,,,,,,,ALCO,,,,,
,simple,F03514,Scraper - Window Scraper DIY,1,,visible,,,,,taxable,,1,460,3,0,0,,,,,1,,,20.85,"All Products, Hardware, Hardware > Painting & Decorating",,,,,,,,,,,,,ALCO,,,,,
,simple,F03451,Utility Knife ABS 18MM,1,,visible,,,,,taxable,,1,5,3,0,0,,,,,1,,,35.34,"All Products, Hardware, Hardware > Cutting & Grinding",,,,,,,,,,,,,Impulse,,,,,
,simple,F03608,Knapsack Sprayer 2LT,1,,visible,,,,,taxable,,1,1,3,0,0,,,,,1,,,72.37,"All Products, Hardware, Hardware > Garden & Outdoor",,,,,,,,,,,,,Impulse,,,,,
,simple,F03504,Utility Knife Snap Off Aluminium Handle H-Quality 18MM,1,,visible,,,,,taxable,,1,365,3,0,0,,,,,1,,,46.61,"All Products, Hardware, Hardware > Cutting & Grinding",,,,,,,,,,,,,ALCO,,,,,
,simple,F03607,Knap Sack Sprayer 16LT With Accessories,1,,visible,,,,,taxable,,1,201,3,0,0,,,,,1,,,386.32,"All Products, Hardware, Hardware > Garden & Outdoor",,,,,,,,,,,,,Impulse,,,,,
,simple,F03503,Utility Knife Fold Up Blades Aluminium,1,,visible,,,,,taxable,,1,356,3,0,0,,,,,1,,,46.61,"All Products, Hardware, Hardware > Cutting & Grinding",,,,,,,,,,,,,ALCO,,,,,
,simple,F03988,Light Rubber Assorted Gloves,1,,visible,,,,,taxable,,1,10,3,0,0,,,,,1,,,7.95,"All Products, Hardware, Hardware > Lighting, Hardware > Safety & PPE",,,,,,,,,,,,,Impulse,,,,,
,simple,F03157,Latex House Hold Gloves,1,,visible,,,,,taxable,,1,57,3,0,0,,,,,1,,,14.47,"All Products, Hardware, Hardware > Safety & PPE",,,,,,,,,,,,,Impulse,,,,,
,simple,F02418,Safety Glass Anti-Scratch,1,,visible,,,,,taxable,,1,10,3,0,0,,,,,1,,,0.05,"All Products, Hardware, Hardware > Safety & PPE",,,,,,,,,,,,,Impulse,,,,,
,simple,F03495,Safety Goggles Clear,1,,visible,,,,,taxable,,1,168,3,0,0,,,,,1,,,24.07,"All Products, Hardware, Hardware > Safety & PPE",,,,,,,,,,,,,Impulse,,,,,
,simple,F03496,Welding Goggle Flip Front (Round Lens),1,,visible,,,,,taxable,,1,289,3,0,0,,,,,1,,,40.17,"All Products, Hardware, Hardware > Safety & PPE",,,,,,,,,,,,,Impulse,,,,,
,simple,F03497,Welding Helmet Flip Front Lens,1,,visible,,,,,taxable,,1,16,3,0,0,,,,,1,,,56.27,"All Products, Hardware, Hardware > Safety & PPE",,,,,,,,,,,,,Impulse,,,,,
,simple,NITTOB,Nitto Tape Insulation 10PK Blue 0.13mm x 19mm x 20m,1,,visible,,,,,taxable,,1,10,3,0,0,,,,,1,,,159.0,"All Products, Hardware",,,,,,,,,,,,,Nitto,,,,,
,simple,NITTOR,Nitto Tape Insulation 10PK Red 0.13mm x 19mm x 20m,1,,visible,,,,,taxable,,1,10,3,0,0,,,,,1,,,159.0,"All Products, Hardware",,,,,,,,,,,,,Nitto,,,,,
,simple,NITTOG,Nitto Tape Insulation 10PK Green 0.13mm x 19mm x 20m,1,,visible,,,,,taxable,,1,10,3,0,0,,,,,1,,,159.0,"All Products, Hardware",,,,,,,,,,,,,Nitto,,,,,
,simple,NITTO,Nitto Tape Insulation 10PK Black 0.13mm x 19mm x 20m,1,,visible,,,,,taxable,,1,10,3,0,0,,,,,1,,,159.0,"All Products, Hardware",,,,,,,,,,,,,Nitto,,,,,
,simple,F02495,Danger Barrier Tape 75mm x 100m,1,,visible,,,,,taxable,,1,5,3,0,0,,,,,1,,,31.39,"All Products, Hardware",,,,,,,,,,,,,Impulse,,,,,
,simple,F02496,Danger Barrier Tape 75mm x 500m,1,,visible,,,,,taxable,,1,10,3,0,0,,,,,1,,,144.82,"All Products, Hardware",,,,,,,,,,,,,Impulse,,,,,
,simple,F03062,Tape Insulation 10's Black 19mm x 9m,1,,visible,,,,,taxable,,1,103,3,0,0,,,,,1,,,53.05,"All Products, Hardware",,,,,,,,,,,,,Impulse,,,,,
,simple,F03061,Tape Insulation 10's Assorted Colour 19mm x 9m,1,,visible,,,,,taxable,,1,302,3,0,0,,,,,1,,,53.05,"All Products, Hardware",,,,,,,,,,,,,Impulse,,,,,
,simple,F02027,Fan Rack Plastic Assorted,1,,visible,,,,,taxable,,1,540,3,0,0,,,,,1,,,23.02,"All Products, Hardware, Hardware > Garden & Outdoor, Homeware, Homeware > Appliances, Homeware > Appliances > Small Appliances, Homeware > Storage & Organisation",,,,,,,,,,,,,Impulse,,,,,
,simple,F02906,Wheel Barrow Metal,1,,visible,,,,,taxable,,1,15,3,0,0,,,,,1,,,539.35,"All Products, Hardware",,,,,,,,,,,,,Impulse,,,,,
,simple,F02028,Fan Rack Plastic Colour,1,,visible,,,,,taxable,,1,53,3,0,0,,,,,1,,,32.6,"All Products, Hardware, Hardware > Garden & Outdoor, Homeware, Homeware > Appliances, Homeware > Appliances > Small Appliances, Homeware > Storage & Organisation",,,,,,,,,,,,,Impulse,,,,,
,simple,F02269,Wheel Barrow Plastic,1,,visible,,,,,taxable,,1,10,3,0,0,,,,,1,,,399.0,"All Products, Hardware",,,,,,,,,,,,,Impulse,,,,,
,simple,F03640,Spray Paint 300ML Tyson Appliance White,1,,visible,,,,,taxable,,1,16,3,0,0,,,,,1,,,44.27,"All Products, Hardware, Hardware > Garden & Outdoor",,,,,,,,,,,,,TYSON,,,,,
,simple,F03645,Spray Paint 300ML Tyson Matt Black,1,,visible,,,,,taxable,,1,11,3,0,0,,,,,1,,,44.27,"All Products, Hardware, Hardware > Garden & Outdoor, Homeware, Homeware > Decor",,,,,,,,,,,,,TYSON,,,,,
,simple,F03643,Spray Paint 300ML Tyson Gold,1,,visible,,,,,taxable,,1,7,3,0,0,,,,,1,,,44.27,"All Products, Hardware, Hardware > Garden & Outdoor",,,,,,,,,,,,,TYSON,,,,,
,simple,F03641,Spray Paint 300ML Tyson Blue,1,,visible,,,,,taxable,,1,24,3,0,0,,,,,1,,,44.27,"All Products, Hardware, Hardware > Garden & Outdoor",,,,,,,,,,,,,TYSON,,,,,
,simple,F03646,Spray Paint 300ML Tyson Signal Red,1,,visible,,,,,taxable,,1,24,3,0,0,,,,,1,,,44.27,"All Products, Hardware, Hardware > Garden & Outdoor",,,,,,,,,,,,,TYSON,,,,,
,simple,F03644,Spray Paint 300ML Tyson Green,1,,visible,,,,,taxable,,1,10,3,0,0,,,,,1,,,44.27,"All Products, Hardware, Hardware > Garden & Outdoor",,,,,,,,,,,,,TYSON,,,,,
,simple,F03642,Spray Paint 300ML Tyson Glossy Black,1,,visible,,,,,taxable,,1,6,3,0,0,,,,,1,,,44.27,"All Products, Hardware, Hardware > Garden & Outdoor",,,,,,,,,,,,,TYSON,,,,,
,simple,F03647,Spray Paint 300ML Tyson Silver,1,,visible,,,,,taxable,,1,30,3,0,0,,,,,1,,,44.27,"All Products, Hardware, Hardware > Garden & Outdoor",,,,,,,,,,,,,TYSON,,,,,
,simple,F03648,Spray Paint 300ML Tyson Yellow,1,,visible,,,,,taxable,,1,58,3,0,0,,,,,1,,,44.27,"All Products, Hardware, Hardware > Garden & Outdoor",,,,,,,,,,,,,TYSON,,,,,
,simple,F0,Spray Paint 300ML Nasca Glossy Black,1,,visible,,,,,taxable,,1,10,3,0,0,,,,,1,,,,"All Products, Hardware, Hardware > Garden & Outdoor",,,,,,,,,,,,,NASCA,,,,,
,simple,F02523,ALCO General Purpose Acrylic Sealant 300ML 560,1,,visible,,,,,taxable,,1,10,3,0,0,,,,,1,,,24.07,"All Products, Hardware, Hardware > Adhesives & Sealants",,,,,,,,,,,,,ALCO,,,,,
,simple,F02526,ALCO Multi-Purpose Silicone Sealant 300ML 368 Black,1,,visible,,,,,taxable,,1,127,3,0,0,,,,,1,,,36.95,"All Products, Hardware, Hardware > Adhesives & Sealants",,,,,,,,,,,,,ALCO,,,,,
,simple,F02525,ALCO Multi-Purpose Silicone Sealant 300ML 368 Clear,1,,visible,,,,,taxable,,1,4,3,0,0,,,,,1,,,36.95,"All Products, Hardware, Hardware > Adhesives & Sealants",,,,,,,,,,,,,ALCO,,,,,
,simple,F02528,ALCO Multi-Purpose Silicone Sealant 300ML 368 Bronze,1,,visible,,,,,taxable,,1,173,3,0,0,,,,,1,,,36.95,"All Products, Hardware, Hardware > Adhesives & Sealants",,,,,,,,,,,,,ALCO,,,,,
,simple,F02529,ALCO Liquid Nails Nail Free Glue 300ML 901,1,,visible,,,,,taxable,,1,10,3,0,0,,,,,1,,,48.22,"All Products, Hardware, Hardware > Adhesives & Sealants, Hardware > Fasteners",,,,,,,,,,,,,ALCO,,,,,
,simple,F00993,PVC Folding Doors Pine 2.03M x 0.82M,1,,visible,,,,,taxable,,1,2,3,0,0,,,,,1,,,706.79,"All Products, Hardware",,,,,,,,,,,,,Impulse,,,,,
,simple,F00990,PVC Folding Doors Maple 2.03M x 0.82M,1,,visible,,,,,taxable,,1,10,3,0,0,,,,,1,,,706.79,"All Products, Hardware",,,,,,,,,,,,,Impulse,,,,,
,simple,F01557,Meranti Stain Flat Panel 6 Panel Door,1,,visible,,,,,taxable,,1,10,3,0,0,,,,,1,,,1157.59,"All Products, Hardware",,,,,,,,,,,,,Impulse,,,,,
,simple,F01558,Meranti Stain Flat Panel 8 Panel Door,1,,visible,,,,,taxable,,1,2,3,0,0,,,,,1,,,1167.25,"All Products, Hardware",,,,,,,,,,,,,Impulse,,,,,
,simple,F01559,Meranti Stain Flat Panel 10 Panel Door,1,,visible,,,,,taxable,,1,10,3,0,0,,,,,1,,,1157.59,"All Products, Hardware",,,,,,,,,,,,,Impulse,,,,,
,simple,F00850,Meranti No Stain Contractors Heavy Duty 6 Panel Door,1,,visible,,,,,taxable,,1,1,3,0,0,,,,,1,,,1238.09,"All Products, Hardware",,,,,,,,,,,,,Impulse,,,,,
,simple,F00853,Meranti No Stain Contractors Heavy Duty 8 Panel Door,1,,visible,,,,,taxable,,1,10,3,0,0,,,,,1,,,1238.09,"All Products, Hardware",,,,,,,,,,,,,Impulse,,,,,
,simple,F00854,Meranti No Stain Contractors Heavy Duty 10 Panel Door,1,,visible,,,,,taxable,,1,1,3,0,0,,,,,1,,,1238.09,"All Products, Hardware",,,,,,,,,,,,,Impulse,,,,,
,simple,F02425,Frame Wooden 2*3,1,,visible,,,,,taxable,,1,10,3,0,0,,,,,1,,,368.69,"All Products, Hardware",,,,,,,,,,,,,Impulse,,,,,
,simple,F02426,Frame Wooden 3*4,1,,visible,,,,,taxable,,1,10,3,0,0,,,,,1,,,523.25,"All Products, Hardware",,,,,,,,,,,,,Impulse,,,,,
,simple,F00892,PADBOLT CARDED GALV +SCREWS 100MM,1,,visible,,,,,taxable,,1,1113,3,0,0,,,,,1,,,24.07,"All Products, Hardware, Hardware > Fasteners",,,,,,,,,,,,,Impulse,,,,,
,simple,F00893,PADBOLT CARDED GALV +SCREWS 150MM,1,,visible,,,,,taxable,,1,3611,3,0,0,,,,,1,,,28.9,"All Products, Hardware, Hardware > Fasteners",,,,,,,,,,,,,Impulse,,,,,
,simple,F00894,PADBOLT OVALCARDED GALV +SCREWS 100MM,1,,visible,,,,,taxable,,1,4880,3,0,0,,,,,1,,,29.78,"All Products, Hardware, Hardware > Fasteners",,,,,,,,,,,,,ALCO,,,,,
,simple,F00949,DOOR HINGES WITH SCREWS,1,,visible,,,,,taxable,,1,10,3,0,0,,,,,1,,,17.63,"All Products, Hardware, Hardware > Fasteners, Hardware > Locks & Security",,,,,,,,,,,,,Impulse,,,,,
,simple,F02993,GATE LOCK ROCCA,1,,visible,,,,,taxable,,1,10,3,0,0,,,,,1,,,101.35,"All Products, Hardware, Hardware > Locks & Security",,,,,,,,,,,,,Impulse,,,,,
,simple,F03664,Padlock Top Security 32MM,1,,visible,,,,,taxable,,1,16,3,0,0,,,,,1,,,27.29,"All Products, Hardware, Hardware > Locks & Security",,,,,,,,,,,,,ALCO,,,,,
,simple,F03663,Padlock Top Security 38MM,1,,visible,,,,,taxable,,1,10,3,0,0,,,,,1,,,32.12,"All Products, Hardware, Hardware > Locks & Security",,,,,,,,,,,,,ALCO,,,,,
,simple,F03665,Padlock Top Security 50MM,1,,visible,,,,,taxable,,1,16,3,0,0,,,,,1,,,42.66,"All Products, Hardware, Hardware > Locks & Security",,,,,,,,,,,,,ALCO,,,,,
,simple,F03662,Padlock Top Security 63MM,1,,visible,,,,,taxable,,1,46,3,0,0,,,,,1,,,64.32,"All Products, Hardware, Hardware > Locks & Security",,,,,,,,,,,,,ALCO,,,,,
,simple,F03630,Geyser Bonding Strip 0.4 x 1.2 x 10M,1,,visible,,,,,taxable,,1,109,3,0,0,,,,,1,,,292.21,"All Products, Hardware",,,,,,,,,,,,,ALCO,,,,,
,simple,F03659,Gate Lock Square Tyson (N294),1,,visible,,,,,taxable,,1,153,3,0,0,,,,,1,,,75.59,"All Products, Hardware, Hardware > Locks & Security",,,,,,,,,,,,,ALCO,,,,,
,simple,F03658,Gate Lock Tyson Cylinder (N296),1,,visible,,,,,taxable,,1,16,3,0,0,,,,,1,,,154.48,"All Products, Hardware, Hardware > Locks & Security",,,,,,,,,,,,,ALCO,,,,,
,simple,F03650,Padlock Insurance 80MM (H337),1,,visible,,,,,taxable,,1,10,3,0,0,,,,,1,,,108.67,"All Products, Hardware, Hardware > Locks & Security",,,,,,,,,,,,,ALCO,,,,,
,simple,F03673,Sand Paper Roll 30CM x 100CM 60 Grit,1,,visible,,,,,taxable,,1,53,3,0,0,,,,,1,,,21.73,"All Products, Hardware, Hardware > Abrasives",,,,,,,,,,,,,ALCO,,,,,
,simple,F03674,Sand Paper Roll 30CM x 100CM 80 Grit,1,,visible,,,,,taxable,,1,10,3,0,0,,,,,1,,,21.73,"All Products, Hardware, Hardware > Abrasives",,,,,,,,,,,,,ALCO,,,,,
,simple,F03672,Sand Paper Roll 30CM x 100CM 100 Grit,1,,visible,,,,,taxable,,1,213,3,0,0,,,,,1,,,21.73,"All Products, Hardware, Hardware > Abrasives",,,,,,,,,,,,,ALCO,,,,,
,simple,F03675,Sand Paper Sheet Loose 30CM x 20CM 60 Grit,1,,visible,,,,,taxable,,1,10,3,0,0,,,,,1,,,4.81,"All Products, Hardware, Hardware > Abrasives",,,,,,,,,,,,,Impulse,,,,,
,simple,F03676,Sand Paper Sheet Loose 30CM x 20CM 80 Grit,1,,visible,,,,,taxable,,1,2467,3,0,0,,,,,1,,,4.81,"All Products, Hardware, Hardware > Abrasives",,,,,,,,,,,,,Impulse,,,,,
,simple,F03677,Sand Paper Sheet Loose 30CM x 20CM 100 Grit,1,,visible,,,,,taxable,,1,10,3,0,0,,,,,1,,,4.81,"All Products, Hardware, Hardware > Abrasives",,,,,,,,,,,,,Impulse,,,,,
,simple,F01029,Fancy Cylinder Lockset,1,,visible,,,,,taxable,,1,308,3,0,0,,,,,1,,,207.61,"All Products, Hardware, Hardware > Locks & Security, Homeware, Homeware > Appliances, Homeware > Appliances > Small Appliances",,,,,,,,,,,,,ALCO,,,,,
,simple,F01030,Fancy Cylinder Lockset,1,,visible,,,,,taxable,,1,309,3,0,0,,,,,1,,,207.61,"All Products, Hardware, Hardware > Locks & Security, Homeware, Homeware > Appliances, Homeware > Appliances > Small Appliances",,,,,,,,,,,,,ALCO,,,,,
,simple,F01031,Fancy Cylinder Lockset,1,,visible,,,,,taxable,,1,389,3,0,0,,,,,1,,,207.61,"All Products, Hardware, Hardware > Locks & Security, Homeware, Homeware > Appliances, Homeware > Appliances > Small Appliances",,,,,,,,,,,,,ALCO,,,,,
,simple,F01032,Fancy Cylinder Lockset,1,,visible,,,,,taxable,,1,239,3,0,0,,,,,1,,,207.61,"All Products, Hardware, Hardware > Locks & Security, Homeware, Homeware > Appliances, Homeware > Appliances > Small Appliances",,,,,,,,,,,,,ALCO,,,,,
,simple,F01033,Cylinder Lockset,1,,visible,,,,,taxable,,1,307,3,0,0,,,,,1,,,207.61,"All Products, Hardware, Hardware > Locks & Security",,,,,,,,,,,,,ALCO,,,,,
,simple,F01034,Cylinder Lockset,1,,visible,,,,,taxable,,1,333,3,0,0,,,,,1,,,207.61,"All Products, Hardware, Hardware > Locks & Security",,,,,,,,,,,,,ALCO,,,,,
,simple,F00969,Ski Ropes Nylon 10MM x 10M,1,,visible,,,,,taxable,,1,10,3,0,0,,,,,1,,,32.12,"All Products, Hardware",,,,,,,,,,,,,ALCO,,,,,
,simple,F00973,Ski Ropes Nylon 5MM x 10M,1,,visible,,,,,taxable,,1,50,3,0,0,,,,,1,,,11.19,"All Products, Hardware",,,,,,,,,,,,,ALCO,,,,,
,simple,F00971,Ski Ropes Nylon 12MM x 10M,1,,visible,,,,,taxable,,1,12,3,0,0,,,,,1,,,30.99,"All Products, Hardware",,,,,,,,,,,,,ALCO,,,,,
,simple,F00975,Ski Ropes Nylon 5MM x 20M,1,,visible,,,,,taxable,,1,21,3,0,0,,,,,1,,,19.24,"All Products, Hardware",,,,,,,,,,,,,ALCO,,,,,
,simple,F00972,Ski Ropes Nylon 12MM x 20M,1,,visible,,,,,taxable,,1,5,3,0,0,,,,,1,,,55.54,"All Products, Hardware",,,,,,,,,,,,,ALCO,,,,,
,simple,F02820,Ratchet Tie Down Single 4.5M x 2.5CM 350-700KG,1,,visible,,,,,taxable,,1,10,3,0,0,,,,,1,,,106.26,"All Products, Hardware",,,,,,,,,,,,,ALCO,,,,,
,simple,F02821,Ratchet Tie Down 2 Pcs Set 5M x 2.5CM 250-500KG,1,,visible,,,,,taxable,,1,1,3,0,0,,,,,1,,,180.32,"All Products, Hardware",,,,,,,,,,,,,ALCO,,,,,
,simple,F03164,Ratchet Tie Down 2 Pcs Set 5M x 2.5CM 800KG,1,,visible,,,,,taxable,,1,364,3,0,0,,,,,1,,,207.69,"All Products, Hardware",,,,,,,,,,,,,ALCO,,,,,
,simple,F02218,Ratchet Tie Down Domestic / Light Commercial 10M x 5CM,1,,visible,,,,,taxable,,1,325,3,0,0,,,,,1,,,288.19,"All Products, Hardware, Hardware > Lighting",,,,,,,,,,,,,ALCO,,,,,
,simple,F03201,Fancy Mortice Lockset 3 Lever,1,,visible,,,,,taxable,,1,469,3,0,0,,,,,1,,,160.92,"All Products, Hardware, Hardware > Locks & Security, Homeware, Homeware > Appliances, Homeware > Appliances > Small Appliances",,,,,,,,,,,,,ALCO,,,,,
,simple,F03203,Fancy Mortice Lockset 3 Lever,1,,visible,,,,,taxable,,1,457,3,0,0,,,,,1,,,160.92,"All Products, Hardware, Hardware > Locks & Security, Homeware, Homeware > Appliances, Homeware > Appliances > Small Appliances",,,,,,,,,,,,,ALCO,,,,,
,simple,F03207,Fancy Mortice Lockset 3 Lever,1,,visible,,,,,taxable,,1,710,3,0,0,,,,,1,,,160.92,"All Products, Hardware, Hardware > Locks & Security, Homeware, Homeware > Appliances, Homeware > Appliances > Small Appliances",,,,,,,,,,,,,ALCO,,,,,
,simple,F03208,Fancy Mortice Lockset 3 Lever,1,,visible,,,,,taxable,,1,819,3,0,0,,,,,1,,,160.92,"All Products, Hardware, Hardware > Locks & Security, Homeware, Homeware > Appliances, Homeware > Appliances > Small Appliances",,,,,,,,,,,,,ALCO,,,,,
,simple,F03209,Fancy Mortice Lockset 3 Lever,1,,visible,,,,,taxable,,1,609,3,0,0,,,,,1,,,160.92,"All Products, Hardware, Hardware > Locks & Security, Homeware, Homeware > Appliances, Homeware > Appliances > Small Appliances",,,,,,,,,,,,,ALCO,,,,,
,simple,F03210,Fancy Mortice Lockset 3 Lever,1,,visible,,,,,taxable,,1,476,3,0,0,,,,,1,,,160.92,"All Products, Hardware, Hardware > Locks & Security, Homeware, Homeware > Appliances, Homeware > Appliances > Small Appliances",,,,,,,,,,,,,ALCO,,,,,
,simple,F03213,Fancy Mortice Lockset 3 Lever,1,,visible,,,,,taxable,,1,442,3,0,0,,,,,1,,,160.92,"All Products, Hardware, Hardware > Locks & Security, Homeware, Homeware > Appliances, Homeware > Appliances > Small Appliances",,,,,,,,,,,,,ALCO,,,,,
,simple,F03211,Fancy Mortice Lockset 3 Lever,1,,visible,,,,,taxable,,1,740,3,0,0,,,,,1,,,160.92,"All Products, Hardware, Hardware > Locks & Security, Homeware, Homeware > Appliances, Homeware > Appliances > Small Appliances",,,,,,,,,,,,,ALCO,,,,,
,simple,F03197,Fancy Mortice Lockset 3 Lever,1,,visible,,,,,taxable,,1,584,3,0,0,,,,,1,,,160.92,"All Products, Hardware, Hardware > Locks & Security, Homeware, Homeware > Appliances, Homeware > Appliances > Small Appliances",,,,,,,,,,,,,ALCO,,,,,
,simple,F03198,Fancy Mortice Lockset 3 Lever,1,,visible,,,,,taxable,,1,577,3,0,0,,,,,1,,,160.92,"All Products, Hardware, Hardware > Locks & Security, Homeware, Homeware > Appliances, Homeware > Appliances > Small Appliances",,,,,,,,,,,,,ALCO,,,,,
,simple,F03199,Fancy Mortice Lockset 3 Lever,1,,visible,,,,,taxable,,1,672,3,0,0,,,,,1,,,160.92,"All Products, Hardware, Hardware > Locks & Security, Homeware, Homeware > Appliances, Homeware > Appliances > Small Appliances",,,,,,,,,,,,,ALCO,,,,,
,simple,F03200,Fancy Mortice Lockset 3 Lever,1,,visible,,,,,taxable,,1,537,3,0,0,,,,,1,,,160.92,"All Products, Hardware, Hardware > Locks & Security, Homeware, Homeware > Appliances, Homeware > Appliances > Small Appliances",,,,,,,,,,,,,ALCO,,,,,
,simple,F01197,CAMP CHAIR 16MM TUBE NORMAL,1,,visible,,,,,taxable,,1,2020,3,0,0,,,,,1,,,202.78,"All Products, Homeware, Homeware > Appliances, Homeware > Appliances > Small Appliances",,,,,,,,,,,,,Impulse,,,,,
,simple,F02545,CAMP CHAIR DELUX 19MM TUBE,1,,visible,,,,,taxable,,1,193,3,0,0,,,,,1,,,370.22,"All Products, Homeware, Homeware > Appliances, Homeware > Appliances > Small Appliances",,,,,,,,,,,,,Impulse,,,,,
,simple,F02558,HIGH REST PADED CAMP CHAIR,1,,visible,,,,,taxable,,1,113,3,0,0,,,,,1,,,400.89,"All Products, Homeware, Homeware > Appliances, Homeware > Appliances > Small Appliances",,,,,,,,,,,,,Impulse,,,,,
,simple,F03077,DIRECTORS CHAIR + TABLE MEDIUM,1,,visible,,,,,taxable,,1,10,3,0,0,,,,,1,,,384.79,"All Products, Homeware, Homeware > Appliances, Homeware > Appliances > Small Appliances",,,,,,,,,,,,,Impulse,,,,,
,simple,F02547,DIRECTORS CHAIR + TABLE HEAVY DUTY,1,,visible,,,,,taxable,,1,56,3,0,0,,,,,1,,,626.29,"All Products, Homeware, Homeware > Appliances, Homeware > Appliances > Small Appliances",,,,,,,,,,,,,Impulse,,,,,
,simple,F03078,CAMP CHAIR WITH SHADE COVER,1,,visible,,,,,taxable,,1,16,3,0,0,,,,,1,,,465.29,"All Products, Homeware, Homeware > Appliances, Homeware > Appliances > Small Appliances",,,,,,,,,,,,,Impulse,,,,,
,simple,F02559,SUPER DELUX MASTER CAMPER 22MM TUBE,1,,visible,,,,,taxable,,1,83,3,0,0,,,,,1,,,674.59,"All Products, Homeware, Homeware > Appliances, Homeware > Appliances > Small Appliances",,,,,,,,,,,,,Impulse,,,,,
,simple,F03387,BRAAI STAND PORTABLE / FOLDABLE 600 x 220 x 320MM,1,,visible,,,,,taxable,,1,74,3,0,0,,,,,1,,,257.52,"All Products, Hardware",,,,,,,,,,,,,Impulse,,,,,
,simple,F03886,BRAAI UTENSIL SET 4PIECE,1,,visible,,,,,taxable,,1,5,3,0,0,,,,,1,,,249.55,"All Products, Hardware",,,,,,,,,,,,,Impulse,,,,,
,simple,F03885,BRAAI STAND LARGE FANCY FOLDABLE 750 x 170 x 340MM,1,,visible,,,,,taxable,,1,10,3,0,0,,,,,1,,,299.0,"All Products, Homeware, Homeware > Appliances, Homeware > Appliances > Small Appliances",,,,,,,,,,,,,Impulse,,,,,
,simple,F01718,LIGHT BLUE FOLDING TABLE,1,,visible,,,,,taxable,,1,10,3,0,0,,,,,1,,,658.49,"All Products, Hardware, Hardware > Lighting",,,,,,,,,,,,,Impulse,,,,,
,simple,F02727,BLACK FOLDING TABLE,1,,visible,,,,,taxable,,1,95,3,0,0,,,,,1,,,771.19,"All Products, Hardware",,,,,,,,,,,,,Impulse,,,,,
,simple,F01913,"Georgian Locksets 6"" Chrome",1,,visible,,,,,taxable,,1,378,3,0,0,,,,,1,,,120.67,"All Products, Hardware, Hardware > Locks & Security",,,,,,,,,,,,,ALCO,,,,,
,simple,F01915,"Georgian Locksets 6"" Brass",1,,visible,,,,,taxable,,1,36,3,0,0,,,,,1,,,128.72,"All Products, Hardware, Hardware > Locks & Security",,,,,,,,,,,,,ALCO,,,,,
,simple,F01914,"Georgian Locksets 8"" Chrome",1,,visible,,,,,taxable,,1,906,3,0,0,,,,,1,,,125.5,"All Products, Hardware, Hardware > Locks & Security",,,,,,,,,,,,,ALCO,,,,,
,simple,F01916,"Georgian Locksets 8"" Brass",1,,visible,,,,,taxable,,1,44,3,0,0,,,,,1,,,131.94,"All Products, Hardware, Hardware > Locks & Security",,,,,,,,,,,,,ALCO,,,,,
,simple,F03202,Fancy Mortice Locksets 3 Lever,1,,visible,,,,,taxable,,1,506,3,0,0,,,,,1,,,144.82,"All Products, Hardware, Hardware > Locks & Security, Homeware, Homeware > Appliances, Homeware > Appliances > Small Appliances",,,,,,,,,,,,,ALCO,,,,,
,simple,F03204,Fancy Mortice Locksets 3 Lever,1,,visible,,,,,taxable,,1,555,3,0,0,,,,,1,,,144.82,"All Products, Hardware, Hardware > Locks & Security, Homeware, Homeware > Appliances, Homeware > Appliances > Small Appliances",,,,,,,,,,,,,ALCO,,,,,
,simple,F03205,Fancy Mortice Locksets 3 Lever,1,,visible,,,,,taxable,,1,385,3,0,0,,,,,1,,,144.82,"All Products, Hardware, Hardware > Locks & Security, Homeware, Homeware > Appliances, Homeware > Appliances > Small Appliances",,,,,,,,,,,,,ALCO,,,,,
,simple,F03206,Fancy Mortice Locksets 3 Lever,1,,visible,,,,,taxable,,1,515,3,0,0,,,,,1,,,144.82,"All Products, Hardware, Hardware > Locks & Security, Homeware, Homeware > Appliances, Homeware > Appliances > Small Appliances",,,,,,,,,,,,,ALCO,,,,,
,simple,F03214,Fancy Mortice Locksets 3 Lever,1,,visible,,,,,taxable,,1,97,3,0,0,,,,,1,,,144.82,"All Products, Hardware, Hardware > Locks & Security, Homeware, Homeware > Appliances, Homeware > Appliances > Small Appliances",,,,,,,,,,,,,ALCO,,,,,
,simple,F03212,Fancy Mortice Locksets 3 Lever,1,,visible,,,,,taxable,,1,268,3,0,0,,,,,1,,,144.82,"All Products, Hardware, Hardware > Locks & Security, Homeware, Homeware > Appliances, Homeware > Appliances > Small Appliances",,,,,,,,,,,,,ALCO,,,,,
,simple,F03215,Fancy Mortice Locksets 3 Lever,1,,visible,,,,,taxable,,1,50,3,0,0,,,,,1,,,144.82,"All Products, Hardware, Hardware > Locks & Security, Homeware, Homeware > Appliances, Homeware > Appliances > Small Appliances",,,,,,,,,,,,,ALCO,,,,,
,simple,F03300,Hose Pipe Fitting (Tap Adaptor) Male Normal Quality,1,,visible,,,,,taxable,,1,10,3,0,0,,,,,1,,,10.61,"All Products, Hardware, Hardware > Electrical, Hardware > Garden & Outdoor",,,,,,,,,,,,,ALCO,,,,,
,simple,F03306,Hose Pipe Fitting (Tap Adaptor) Male Heavy Duty,1,,visible,,,,,taxable,,1,1118,3,0,0,,,,,1,,,12.8,"All Products, Hardware, Hardware > Electrical, Hardware > Garden & Outdoor",,,,,,,,,,,,,ALCO,,,,,
,simple,F02025,Hose Pipe Nozzle 12MM Normal Quality,1,,visible,,,,,taxable,,1,32,3,0,0,,,,,1,,,33.0,"All Products, Hardware, Hardware > Garden & Outdoor",,,,,,,,,,,,,ALCO,,,,,
,simple,F03305,Hose Pipe Nozzle 12MM Heavy Duty,1,,visible,,,,,taxable,,1,1497,3,0,0,,,,,1,,,22.46,"All Products, Hardware, Hardware > Garden & Outdoor",,,,,,,,,,,,,ALCO,,,,,
,simple,F03297,Hose Pipe Fitting Set 4PCE Normal Quality 12MM,1,,visible,,,,,taxable,,1,660,3,0,0,,,,,1,,,31.86,"All Products, Hardware, Hardware > Garden & Outdoor",,,,,,,,,,,,,ALCO,,,,,
,simple,F03298,Hose Pipe Fitting Set 4PCE Normal Quality 20MM,1,,visible,,,,,taxable,,1,3,3,0,0,,,,,1,,,35.34,"All Products, Hardware, Hardware > Garden & Outdoor",,,,,,,,,,,,,ALCO,,,,,
,simple,F03307,Hose Pipe Connector Female H/Duty 12MM,1,,visible,,,,,taxable,,1,1575,3,0,0,,,,,1,,,19.24,"All Products, Hardware, Hardware > Garden & Outdoor",,,,,,,,,,,,,ALCO,,,,,
,simple,F03308,Hose Pipe Connector Female H/Duty 20MM,1,,visible,,,,,taxable,,1,27,3,0,0,,,,,1,,,20.85,"All Products, Hardware, Hardware > Garden & Outdoor",,,,,,,,,,,,,ALCO,,,,,
,simple,F03301,Hose Pipe Connector Female 12MM,1,,visible,,,,,taxable,,1,142,3,0,0,,,,,1,,,15.28,"All Products, Hardware, Hardware > Garden & Outdoor",,,,,,,,,,,,,ALCO,,,,,
,simple,F03302,Hose Pipe Connector Female 20MM,1,,visible,,,,,taxable,,1,2,3,0,0,,,,,1,,,16.08,"All Products, Hardware, Hardware > Garden & Outdoor",,,,,,,,,,,,,ALCO,,,,,
,simple,F03303,Hose Pipe Fitting Set 4PCE H/Duty 12MM,1,,visible,,,,,taxable,,1,1823,3,0,0,,,,,1,,,45.0,"All Products, Hardware, Hardware > Garden & Outdoor",,,,,,,,,,,,,ALCO,,,,,
,simple,F03304,Hose Pipe Fitting Set 4PCE H/Duty 20MM,1,,visible,,,,,taxable,,1,333,3,0,0,,,,,1,,,51.44,"All Products, Hardware, Hardware > Garden & Outdoor",,,,,,,,,,,,,ALCO,,,,,
,simple,F03310,Expandable Hose 30M With ABS 7 Function Spray Gun,1,,visible,,,,,taxable,,1,183,3,0,0,,,,,1,,,626.29,"All Products, Hardware, Hardware > Garden & Outdoor",,,,,,,,,,,,,Impulse,,,,,
,simple,F03600,Hosepipe PVC Clear 8MM x 30M,1,,visible,,,,,taxable,,1,10,3,0,0,,,,,1,,,85.25,"All Products, Hardware, Hardware > Garden & Outdoor",,,,,,,,,,,,,ALCO,,,,,
,simple,F03601,Hosepipe PVC Clear 10MM x 30M,1,,visible,,,,,taxable,,1,10,3,0,0,,,,,1,,,104.57,"All Products, Hardware, Hardware > Garden & Outdoor",,,,,,,,,,,,,ALCO,,,,,
,simple,F03602,Hosepipe PVC Clear 12MM x 30M,1,,visible,,,,,taxable,,1,10,3,0,0,,,,,1,,,175.49,"All Products, Hardware, Hardware > Garden & Outdoor",,,,,,,,,,,,,ALCO,,,,,
,simple,F03295,Hosepipe + Fittings 12MM x 15M,1,,visible,,,,,taxable,,1,149,3,0,0,,,,,1,,,122.28,"All Products, Hardware, Hardware > Garden & Outdoor",,,,,,,,,,,,,ALCO,,,,,
,simple,F03296,Hosepipe + Fittings 20MM x 20M,1,,visible,,,,,taxable,,1,10,3,0,0,,,,,1,,,257.52,"All Products, Hardware, Hardware > Garden & Outdoor",,,,,,,,,,,,,ALCO,,,,,
,simple,F03222,Lock Body SABS Blister 2 Lever,1,,visible,,,,,taxable,,1,10,3,0,0,,,,,1,,,56.27,"All Products, Hardware, Hardware > Locks & Security",,,,,,,,,,,,,ALCO,,,,,
,simple,F03223,Lock Body Contractors 3 Lever,1,,visible,,,,,taxable,,1,10,3,0,0,,,,,1,,,68.42,"All Products, Hardware, Hardware > Locks & Security",,,,,,,,,,,,,ALCO,,,,,
,simple,F03216,Mortice Locksets 2 Lever Chrome,1,,visible,,,,,taxable,,1,1535,3,0,0,,,,,1,,,64.32,"All Products, Hardware, Hardware > Locks & Security",,,,,,,,,,,,,ALCO,,,,,
,simple,F03217,Mortice Locksets 2 Lever Brass,1,,visible,,,,,taxable,,1,1,3,0,0,,,,,1,,,78.81,"All Products, Hardware, Hardware > Locks & Security",,,,,,,,,,,,,ALCO,,,,,
,simple,F03218,Mortice Locksets 2 Lever Contractors SABS Chrome,1,,visible,,,,,taxable,,1,3027,3,0,0,,,,,1,,,91.69,"All Products, Hardware, Hardware > Locks & Security",,,,,,,,,,,,,ALCO,,,,,
,simple,F03219,Mortice Locksets 2 Lever Contractors SABS Chrome,1,,visible,,,,,taxable,,1,292,3,0,0,,,,,1,,,94.91,"All Products, Hardware, Hardware > Locks & Security",,,,,,,,,,,,,ALCO,,,,,
,simple,F03220,Cylinder Locksets Chrome,1,,visible,,,,,taxable,,1,549,3,0,0,,,,,1,,,120.67,"All Products, Hardware, Hardware > Locks & Security",,,,,,,,,,,,,ALCO,,,,,
,simple,F03221,Cylinder Locksets Brass,1,,visible,,,,,taxable,,1,157,3,0,0,,,,,1,,,127.11,"All Products, Hardware, Hardware > Locks & Security",,,,,,,,,,,,,ALCO,,,,,
,simple,F03708,Awning (Alco) Brown Hollow 1 x 1.2M,1,,visible,,,,,taxable,,1,132,3,0,0,,,,,1,,,658.49,"All Products, Hardware",,,,,,,,,,,,,ALCO,,,,,
,simple,F03709,Awning (Alco) Brown Hollow 1 x 1.5M,1,,visible,,,,,taxable,,1,90,3,0,0,,,,,1,,,722.89,"All Products, Hardware",,,,,,,,,,,,,ALCO,,,,,
,simple,F01059,Roofing Screws 90mm With Bonded Washer,1,,visible,,,,,taxable,,1,1,3,0,0,,,,,1,,,433.09,"All Products, Hardware, Hardware > Fasteners",,,,,,,,,,,,,Impulse,,,,,
,simple,F03292,Roof Tile Underlay Membrane 1.5M x 30M,1,,visible,,,,,taxable,,1,10,3,0,0,,,,,1,,,368.69,"All Products, Hardware, Hardware > Building Materials",,,,,,,,,,,,,Impulse,,,,,
,simple,F02517,Roof Tile Underlay Membrane Master Empire Roofing 1.5M x 30M SABS Approved,1,,visible,,,,,taxable,,1,51,3,0,0,,,,,1,,,352.59,"All Products, Hardware, Hardware > Building Materials",,,,,,,,,,,,,Empire Roofing,,,,,
,simple,F02714,Roof Tile Underlay Membrane 1.5M x 30M NHBRC Approved,1,,visible,,,,,taxable,,1,5,3,0,0,,,,,1,,,433.09,"All Products, Hardware, Hardware > Building Materials",,,,,,,,,,,,,Impulse,,,,,
,simple,F02703,Wall Bracket Razor & Barbed Wire 750mm Crank,1,,visible,,,,,taxable,,1,10,3,0,0,,,,,1,,,88.55,"All Products, Hardware, Hardware > Electrical, Homeware, Homeware > Storage & Organisation",,,,,,,,,,,,,Impulse,,,,,
,simple,F02756,Roofing Foil 30M x 1.5M Single Sided,1,,visible,,,,,taxable,,1,10,3,0,0,,,,,1,,,1207.5,"All Products, Hardware",,,,,,,,,,,,,Spunsulation,,,,,
,simple,F02757,Roofing Foil 30M x 1.5M Double Sided,1,,visible,,,,,taxable,,1,10,3,0,0,,,,,1,,,1368.5,"All Products, Hardware",,,,,,,,,,,,,Spunsulation,,,,,
,simple,IMP-0365,Grapnel Interior/Exterior Wood Glue,1,,visible,,,,,taxable,,1,10,3,0,0,,,,,1,,,,"All Products, Hardware, Hardware > Adhesives & Sealants",,,,,,,,,,,,,Grapnel,,,,,
,simple,IMP-0366,Grapnel Roofer,1,,visible,,,,,taxable,,1,10,3,0,0,,,,,1,,,,"All Products, Hardware, Hardware > Adhesives & Sealants",,,,,,,,,,,,,Grapnel,,,,,
,simple,IMP-0367,Grapnel PVC Weld 200ml,1,,visible,,,,,taxable,,1,10,3,0,0,,,,,1,,,,"All Products, Hardware, Hardware > Adhesives & Sealants",,,,,,,,,,,,,Grapnel,,,,,
,simple,IMP-0368,"Olive Range Roof, Stoep & Pave Coat Grey",1,,visible,,,,,taxable,,1,10,3,0,0,,,,,1,,,,"All Products, Hardware",,,,,,,,,,,,,Olive Range,,,,,
,simple,IMP-0369,APCol Multi-Purpose White Putty Interior/Exterior,1,,visible,,,,,taxable,,1,10,3,0,0,,,,,1,,,,"All Products, Hardware, Hardware > Painting & Decorating",,,,,,,,,,,,,APCol,,,,,
,simple,IMP-0370,Glazing Putty for Steel Windows,1,,visible,,,,,taxable,,1,10,3,0,0,,,,,1,,,,"All Products, Hardware, Hardware > Painting & Decorating",,,,,,,,,,,,,Impulse,,,,,
,simple,IMP-0371,Grapnel Carpet & Vinyl Adhesive,1,,visible,,,,,taxable,,1,10,3,0,0,,,,,1,,,,"All Products, Hardware, Hardware > Adhesives & Sealants",,,,,,,,,,,,,Grapnel,,,,,
,simple,IMP-0372,Grapnel Cornice Adhesive Premium Quality,1,,visible,,,,,taxable,,1,10,3,0,0,,,,,1,,,,"All Products, Hardware, Hardware > Adhesives & Sealants",,,,,,,,,,,,,Grapnel,,,,,
,simple,F02921,Grapnel Cornice Adhesive 1KG,1,,visible,,,,,taxable,,1,10,3,0,0,,,,,1,,,62.79,"All Products, Hardware, Hardware > Adhesives & Sealants",,,,,,,,,,,,,GRAPNEL,,,,,
,simple,F02922,Grapnel Cornice Adhesive 2KG,1,,visible,,,,,taxable,,1,10,3,0,0,,,,,1,,,88.55,"All Products, Hardware, Hardware > Adhesives & Sealants",,,,,,,,,,,,,GRAPNEL,,,,,
,simple,F02923,Grapnel Cornice Adhesive 5KG,1,,visible,,,,,taxable,,1,10,3,0,0,,,,,1,,,193.2,"All Products, Hardware, Hardware > Adhesives & Sealants",,,,,,,,,,,,,GRAPNEL,,,,,
,simple,F02924,Grapnel Carpet & Vinyl Adhesive 2KG,1,,visible,,,,,taxable,,1,10,3,0,0,,,,,1,,,144.82,"All Products, Hardware, Hardware > Adhesives & Sealants",,,,,,,,,,,,,GRAPNEL,,,,,
,simple,F02925,Grapnel Carpet & Vinyl Adhesive 5KG,1,,visible,,,,,taxable,,1,10,3,0,0,,,,,1,,,320.39,"All Products, Hardware, Hardware > Adhesives & Sealants",,,,,,,,,,,,,GRAPNEL,,,,,
,simple,F02864,Damcos Black DPC (Builders Plastic) 150Micron 150MM x 40M,1,,visible,,,,,taxable,,1,10,3,0,0,,,,,1,,,40.17,"All Products, Hardware",,,,,,,,,,,,,Damcos,,,,,
,simple,F02865,Damcos Black DPC (Builders Plastic) 250Micron 150MM x 40M,1,,visible,,,,,taxable,,1,9,3,0,0,,,,,1,,,53.05,"All Products, Hardware",,,,,,,,,,,,,Damcos,,,,,
,simple,F03278,DPC (Builders Plastic) 100Micron 2MM x 30M,1,,visible,,,,,taxable,,1,98,3,0,0,,,,,1,,,169.05,"All Products, Hardware",,,,,,,,,,,,,Impulse,,,,,
,simple,F03279,DPC (Builders Plastic) 250Micron 2MM x 30M,1,,visible,,,,,taxable,,1,2,3,0,0,,,,,1,,,362.25,"All Products, Hardware",,,,,,,,,,,,,Impulse,,,,,
,simple,F02430,Shade Net 80% Shade 1.8 x 50M,1,,visible,,,,,taxable,,1,3,3,0,0,,,,,1,,,2012.5,"All Products, Hardware",,,,,,,,,,,,,Impulse,,,,,
,simple,F02913,Grapnel PVC Weld 100ml,1,,visible,,,,,taxable,,1,10,3,0,0,,,,,1,,,25.12,"All Products, Hardware, Hardware > Adhesives & Sealants",,,,,,,,,,,,,Grapnel,,,,,
,simple,F02914,Grapnel PVC Weld 200ml,1,,visible,,,,,taxable,,1,10,3,0,0,,,,,1,,,38.48,"All Products, Hardware, Hardware > Adhesives & Sealants",,,,,,,,,,,,,Grapnel,,,,,
,simple,F02915,Grapnel PVC Weld 500ml,1,,visible,,,,,taxable,,1,10,3,0,0,,,,,1,,,80.42,"All Products, Hardware, Hardware > Adhesives & Sealants",,,,,,,,,,,,,Grapnel,,,,,
,simple,F02916,Grapnel Wood Glue 250ml,1,,visible,,,,,taxable,,1,10,3,0,0,,,,,1,,,52.32,"All Products, Hardware, Hardware > Adhesives & Sealants",,,,,,,,,,,,,Grapnel,,,,,
,simple,F02917,Grapnel Wood Glue 500ml,1,,visible,,,,,taxable,,1,10,3,0,0,,,,,1,,,83.64,"All Products, Hardware, Hardware > Adhesives & Sealants",,,,,,,,,,,,,Grapnel,,,,,
,simple,F02918,Grapnel Wood Glue 1LT,1,,visible,,,,,taxable,,1,10,3,0,0,,,,,1,,,138.38,"All Products, Hardware, Hardware > Adhesives & Sealants",,,,,,,,,,,,,Grapnel,,,,,
,simple,F02919,Apcol Multi-Purpose Teak Putty 500g,1,,visible,,,,,taxable,,1,63,3,0,0,,,,,1,,,10.06,"All Products, Hardware, Hardware > Painting & Decorating",,,,,,,,,,,,,Apcol,,,,,
,simple,F02949,Apcol Multi-Purpose White Putty 500g,1,,visible,,,,,taxable,,1,67,3,0,0,,,,,1,,,10.06,"All Products, Hardware, Hardware > Painting & Decorating",,,,,,,,,,,,,Apcol,,,,,
,simple,F02920,Apcol Multi-Purpose Teak Putty 1KG,1,,visible,,,,,taxable,,1,10,3,0,0,,,,,1,,,20.12,"All Products, Hardware, Hardware > Painting & Decorating",,,,,,,,,,,,,Apcol,,,,,
,simple,F02950,Apcol Multi-Purpose White Putty 1KG,1,,visible,,,,,taxable,,1,10,3,0,0,,,,,1,,,20.12,"All Products, Hardware, Hardware > Painting & Decorating",,,,,,,,,,,,,Apcol,,,,,
,simple,F02941,Water Proofer + Membrane - Red Oxide 5LT,1,,visible,,,,,taxable,,1,3,3,0,0,,,,,1,,,153.75,"All Products, Hardware",,,,,,,,,,,,,Olive,,,,,
,simple,F02942,Water Proofer + Membrane - Burgundy 5LT,1,,visible,,,,,taxable,,1,10,3,0,0,,,,,1,,,153.75,"All Products, Hardware",,,,,,,,,,,,,Olive,,,,,
,simple,F02943,Water Proofer + Membrane - Black 5LT,1,,visible,,,,,taxable,,1,10,3,0,0,,,,,1,,,153.75,"All Products, Hardware",,,,,,,,,,,,,Olive,,,,,
,simple,F02944,Water Proofer + Membrane - Grey 5LT,1,,visible,,,,,taxable,,1,10,3,0,0,,,,,1,,,153.75,"All Products, Hardware",,,,,,,,,,,,,Olive,,,,,
,simple,F02945,Water Proofer + Membrane - Charcoal 5LT,1,,visible,,,,,taxable,,1,10,3,0,0,,,,,1,,,153.75,"All Products, Hardware",,,,,,,,,,,,,Olive,,,,,
,simple,F02946,Water Proofer + Membrane - White 5LT,1,,visible,,,,,taxable,,1,2,3,0,0,,,,,1,,,153.75,"All Products, Hardware",,,,,,,,,,,,,Olive,,,,,
,simple,F02947,Water Proofer + Membrane - Terracota 5LT,1,,visible,,,,,taxable,,1,10,3,0,0,,,,,1,,,153.75,"All Products, Hardware",,,,,,,,,,,,,Olive,,,,,
,simple,F02948,Water Proofer + Membrane - Forest Leaf 5LT,1,,visible,,,,,taxable,,1,10,3,0,0,,,,,1,,,169.05,"All Products, Hardware",,,,,,,,,,,,,Olive,,,,,
,simple,F02926,Liquid Rubber 5LT Red Oxide,1,,visible,,,,,taxable,,1,2,3,0,0,,,,,1,,,305.82,"All Products, Hardware",,,,,,,,,,,,,Olive,,,,,
,simple,F02927,Liquid Rubber 5LT Black,1,,visible,,,,,taxable,,1,10,3,0,0,,,,,1,,,305.82,"All Products, Hardware",,,,,,,,,,,,,Olive,,,,,
,simple,F02928,Liquid Rubber 5LT Grey,1,,visible,,,,,taxable,,1,1,3,0,0,,,,,1,,,305.82,"All Products, Hardware",,,,,,,,,,,,,Olive,,,,,
,simple,F02929,Liquid Rubber 20LT Red Oxide,1,,visible,,,,,taxable,,1,10,3,0,0,,,,,1,,,1014.3,"All Products, Hardware",,,,,,,,,,,,,Olive,,,,,
,simple,F02930,Liquid Rubber 20LT Black,1,,visible,,,,,taxable,,1,10,3,0,0,,,,,1,,,1014.3,"All Products, Hardware",,,,,,,,,,,,,Olive,,,,,
,simple,F02931,Liquid Rubber 20LT Grey,1,,visible,,,,,taxable,,1,10,3,0,0,,,,,1,,,1014.3,"All Products, Hardware",,,,,,,,,,,,,Olive,,,,,
,simple,F02932,Plaster Primer Interior/Exterior Water Based 5LT,1,,visible,,,,,taxable,,1,2,3,0,0,,,,,1,,,161.0,"All Products, Hardware",,,,,,,,,,,,,Protea Range,,,,,
,simple,F02933,Plaster Primer Interior/Exterior Water Based 20LT,1,,visible,,,,,taxable,,1,10,3,0,0,,,,,1,,,577.99,"All Products, Hardware",,,,,,,,,,,,,Protea Range,,,,,
,simple,F02934,"Olive Range Roof, Stoep & Pave Coat 5LT - Red Oxide",1,,visible,,,,,taxable,,1,10,3,0,0,,,,,1,,,191.59,"All Products, Hardware",,,,,,,,,,,,,Olive Range,,,,,
,simple,F02935,"Olive Range Roof, Stoep & Pave Coat 5LT - Burgundy",1,,visible,,,,,taxable,,1,10,3,0,0,,,,,1,,,191.59,"All Products, Hardware",,,,,,,,,,,,,Olive Range,,,,,
,simple,F02936,"Olive Range Roof, Stoep & Pave Coat 5LT - Black",1,,visible,,,,,taxable,,1,10,3,0,0,,,,,1,,,191.59,"All Products, Hardware",,,,,,,,,,,,,Olive Range,,,,,
,simple,F02937,"Olive Range Roof, Stoep & Pave Coat 5LT - Grey",1,,visible,,,,,taxable,,1,10,3,0,0,,,,,1,,,191.59,"All Products, Hardware",,,,,,,,,,,,,Olive Range,,,,,
,simple,F02938,"Olive Range Roof, Stoep & Pave Coat 5LT - Charcoal",1,,visible,,,,,taxable,,1,10,3,0,0,,,,,1,,,191.59,"All Products, Hardware",,,,,,,,,,,,,Olive Range,,,,,
,simple,F02951,"Olive Range Roof, Stoep & Pave Coat 5LT - White",1,,visible,,,,,taxable,,1,10,3,0,0,,,,,1,,,191.59,"All Products, Hardware",,,,,,,,,,,,,Olive Range,,,,,
,simple,F02939,"Olive Range Roof, Stoep & Pave Coat 5LT - Forest Leaf",1,,visible,,,,,taxable,,1,10,3,0,0,,,,,1,,,209.3,"All Products, Hardware",,,,,,,,,,,,,Olive Range,,,,,
,simple,F02952,"Olive Range Roof, Stoep & Pave Coat 20LT - Red Oxide",1,,visible,,,,,taxable,,1,17,3,0,0,,,,,1,,,595.7,"All Products, Hardware",,,,,,,,,,,,,Olive Range,,,,,
,simple,F02953,"Olive Range Roof, Stoep & Pave Coat 20LT - Burgundy",1,,visible,,,,,taxable,,1,4,3,0,0,,,,,1,,,595.7,"All Products, Hardware",,,,,,,,,,,,,Olive Range,,,,,
,simple,F02954,"Olive Range Roof, Stoep & Pave Coat 20LT - Black",1,,visible,,,,,taxable,,1,4,3,0,0,,,,,1,,,595.7,"All Products, Hardware",,,,,,,,,,,,,Olive Range,,,,,
,simple,F02955,"Olive Range Roof, Stoep & Pave Coat 20LT - Grey",1,,visible,,,,,taxable,,1,10,3,0,0,,,,,1,,,595.7,"All Products, Hardware",,,,,,,,,,,,,Olive Range,,,,,
,simple,F02956,"Olive Range Roof, Stoep & Pave Coat 20LT - Charcoal",1,,visible,,,,,taxable,,1,10,3,0,0,,,,,1,,,595.7,"All Products, Hardware",,,,,,,,,,,,,Olive Range,,,,,
,simple,F02957,"Olive Range Roof, Stoep & Pave Coat 20LT - White",1,,visible,,,,,taxable,,1,10,3,0,0,,,,,1,,,595.7,"All Products, Hardware",,,,,,,,,,,,,Olive Range,,,,,
,simple,F02940,"Olive Range Roof, Stoep & Pave Coat 20LT - Forest Leaf",1,,visible,,,,,taxable,,1,10,3,0,0,,,,,1,,,652.05,"All Products, Hardware",,,,,,,,,,,,,Olive Range,,,,,
,simple,F03609,PS Dadoo Rails Corner Rail 2.4M 35MM * 35MM,1,,visible,,,,,taxable,,1,900,3,0,0,,,,,1,,,56.27,"All Products, Hardware, Hardware > Building Materials",,,,,,,,,,,,,Impulse,,,,,
,simple,F03165,PS Dadoo Rails 2.4M x 4CM (Flat Top),1,,visible,,,,,taxable,,1,3604,3,0,0,,,,,1,,,64.32,"All Products, Hardware",,,,,,,,,,,,,Impulse,,,,,
,simple,F03166,PS Dadoo Rails 2.4M x 6CM (Flat Top),1,,visible,,,,,taxable,,1,2773,3,0,0,,,,,1,,,112.62,"All Products, Hardware",,,,,,,,,,,,,Impulse,,,,,
,simple,F03167,PS Dadoo Rails 2.4M x 4CM (Scalloped Top),1,,visible,,,,,taxable,,1,2201,3,0,0,,,,,1,,,69.15,"All Products, Hardware",,,,,,,,,,,,,Impulse,,,,,
,simple,F03168,PS Dadoo Rails 2.4M x 6CM (Scalloped Top),1,,visible,,,,,taxable,,1,2208,3,0,0,,,,,1,,,120.67,"All Products, Hardware",,,,,,,,,,,,,Impulse,,,,,
,simple,F03082,DIY Peel & Stick Mirrors Diamond Shape 17 x 30CM Silver,1,,visible,,,,,taxable,,1,2983,3,0,0,,,,,1,,,28.9,"All Products, Hardware",,,,,,,,,,,,,Impulse,,,,,
,simple,F03083,DIY Peel & Stick Mirrors Diamond Shape 17 x 30CM Rose Gold,1,,visible,,,,,taxable,,1,3222,3,0,0,,,,,1,,,28.9,"All Products, Hardware",,,,,,,,,,,,,Impulse,,,,,
,simple,F03079,DIY Peel & Stick Mirrors Hexagon Shape 23 x 26.5CM Silver,1,,visible,,,,,taxable,,1,2776,3,0,0,,,,,1,,,36.95,"All Products, Hardware",,,,,,,,,,,,,Impulse,,,,,
,simple,F03080,DIY Peel & Stick Mirrors Hexagon Shape 23 x 26.5CM Black,1,,visible,,,,,taxable,,1,3458,3,0,0,,,,,1,,,36.95,"All Products, Hardware",,,,,,,,,,,,,Impulse,,,,,
,simple,F03081,DIY Peel & Stick Mirrors Hexagon Shape 23 x 26.5CM Rose Gold,1,,visible,,,,,taxable,,1,3038,3,0,0,,,,,1,,,36.95,"All Products, Hardware",,,,,,,,,,,,,Impulse,,,,,
,simple,F03066,DIY Stainless Steel Edging Strip Roll 2CM x 5M Black Trim,1,,visible,,,,,taxable,,1,804,3,0,0,,,,,1,,,117.45,"All Products, Hardware, Hardware > Building Materials",,,,,,,,,,,,,Impulse,,,,,
,simple,F03065,DIY Stainless Steel Edging Strip Roll 2CM x 5M Silver Trim,1,,visible,,,,,taxable,,1,133,3,0,0,,,,,1,,,117.45,"All Products, Hardware, Hardware > Building Materials",,,,,,,,,,,,,Impulse,,,,,
,simple,F03064,DIY Stainless Steel Edging Strip Roll 2CM x 5M Gold Trim,1,,visible,,,,,taxable,,1,220,3,0,0,,,,,1,,,128.72,"All Products, Hardware, Hardware > Building Materials",,,,,,,,,,,,,Impulse,,,,,
,simple,F03067,DIY Stainless Steel Edging Strip Roll 2CM x 5M Rose Gold Trim,1,,visible,,,,,taxable,,1,240,3,0,0,,,,,1,,,128.72,"All Products, Hardware, Hardware > Building Materials",,,,,,,,,,,,,Impulse,,,,,
,simple,F03070,DIY Stainless Steel Edging Strip Roll 5CM x 5M Black Trim,1,,visible,,,,,taxable,,1,149,3,0,0,,,,,1,,,186.68,"All Products, Hardware, Hardware > Building Materials",,,,,,,,,,,,,Impulse,,,,,
,simple,F03069,DIY Stainless Steel Edging Strip Roll 5CM x 5M Silver Trim,1,,visible,,,,,taxable,,1,108,3,0,0,,,,,1,,,186.68,"All Products, Hardware, Hardware > Building Materials",,,,,,,,,,,,,Impulse,,,,,
,simple,F03068,DIY Stainless Steel Edging Strip Roll 5CM x 5M Gold Trim,1,,visible,,,,,taxable,,1,57,3,0,0,,,,,1,,,202.78,"All Products, Hardware, Hardware > Building Materials",,,,,,,,,,,,,Impulse,,,,,
,simple,F03071,DIY Stainless Steel Edging Strip Roll 5CM x 5M Rose Gold Trim,1,,visible,,,,,taxable,,1,105,3,0,0,,,,,1,,,202.78,"All Products, Hardware, Hardware > Building Materials",,,,,,,,,,,,,Impulse,,,,,
,simple,F03844,WPC Single Fluted Panel with Spotlight - Nero,1,,visible,,,,,taxable,,1,130,3,0,0,,,,,1,,,2316.95,"All Products, Hardware, Hardware > Lighting",,,,,,,,,,,,,Impulse,,,,,
,simple,F03845,WPC Single Fluted Panel with Spotlight - Wood,1,,visible,,,,,taxable,,1,126,3,0,0,,,,,1,,,2316.95,"All Products, Hardware, Hardware > Lighting",,,,,,,,,,,,,Impulse,,,,,
,simple,F03846,WPC Single Fluted Panel with Spotlight - Grey,1,,visible,,,,,taxable,,1,114,3,0,0,,,,,1,,,2316.95,"All Products, Hardware, Hardware > Lighting",,,,,,,,,,,,,Impulse,,,,,
,simple,F03847,WPC Single Fluted Panel with Spotlight - Marble,1,,visible,,,,,taxable,,1,116,3,0,0,,,,,1,,,2316.95,"All Products, Hardware, Hardware > Lighting",,,,,,,,,,,,,Impulse,,,,,
,simple,F03848,Light Spot for WPC Panel 50MM*50MM,1,,visible,,,,,taxable,,1,3520,3,0,0,,,,,1,,,109.4,"All Products, Hardware, Hardware > Lighting",,,,,,,,,,,,,Impulse,,,,,
,simple,F03169,UV Joiner T Profile Aluminium Gold - 3M,1,,visible,,,,,taxable,,1,10,3,0,0,,,,,1,,,45.0,"All Products, Hardware",,,,,,,,,,,,,Impulse,,,,,
,simple,F03170,UV Joiner T Profile Aluminium Silver - 3M,1,,visible,,,,,taxable,,1,74,3,0,0,,,,,1,,,45.0,"All Products, Hardware",,,,,,,,,,,,,Impulse,,,,,
,simple,F03171,UV Joiner T Profile Aluminium Black - 3M,1,,visible,,,,,taxable,,1,159,3,0,0,,,,,1,,,45.0,"All Products, Hardware",,,,,,,,,,,,,Impulse,,,,,
,simple,F03172,UV Joiner T Profile Aluminium Rose Gold - 3M,1,,visible,,,,,taxable,,1,195,3,0,0,,,,,1,,,45.0,"All Products, Hardware",,,,,,,,,,,,,Impulse,,,,,
,simple,F03085,Stainless Steel Indoor Wall Panels Strips & Edging 2CM x 3M Gold,1,,visible,,,,,taxable,,1,7,3,0,0,,,,,1,,,112.62,"All Products, Hardware",,,,,,,,,,,,,Impulse,,,,,
,simple,F03086,Stainless Steel Indoor Wall Panels Strips & Edging 2CM x 3M Rose Gold,1,,visible,,,,,taxable,,1,154,3,0,0,,,,,1,,,112.62,"All Products, Hardware",,,,,,,,,,,,,Impulse,,,,,
,simple,F03087,Stainless Steel Indoor Wall Panels Strips & Edging 3CM x 3M Gold,1,,visible,,,,,taxable,,1,177,3,0,0,,,,,1,,,128.72,"All Products, Hardware",,,,,,,,,,,,,Impulse,,,,,
,simple,F03084,Stainless Steel Indoor Wall Panels Strips & Edging 3CM x 3M Rose Gold,1,,visible,,,,,taxable,,1,252,3,0,0,,,,,1,,,128.72,"All Products, Hardware",,,,,,,,,,,,,Impulse,,,,,
,simple,F03191,Mosaics - Stick On Steel Mosaic,1,,visible,,,,,taxable,,1,515,3,0,0,,,,,1,,,43.39,"All Products, Hardware, Hardware > Building Materials",,,,,,,,,,,,,Impulse,,,,,
,simple,F03192,Mosaics - Stick On Steel Mosaic,1,,visible,,,,,taxable,,1,343,3,0,0,,,,,1,,,43.39,"All Products, Hardware, Hardware > Building Materials",,,,,,,,,,,,,Impulse,,,,,
,simple,F03194,Mosaics - Stick On Steel Mosaic,1,,visible,,,,,taxable,,1,266,3,0,0,,,,,1,,,43.39,"All Products, Hardware, Hardware > Building Materials",,,,,,,,,,,,,Impulse,,,,,
,simple,F03193,Create Your Own Design Mosaic,1,,visible,,,,,taxable,,1,544,3,0,0,,,,,1,,,62.71,"All Products, Hardware, Hardware > Building Materials",,,,,,,,,,,,,Impulse,,,,,
,simple,F03178,Create Your Own Design Mosaic,1,,visible,,,,,taxable,,1,435,3,0,0,,,,,1,,,62.71,"All Products, Hardware, Hardware > Building Materials",,,,,,,,,,,,,Impulse,,,,,
,simple,F03189,Create Your Own Design Mosaic,1,,visible,,,,,taxable,,1,436,3,0,0,,,,,1,,,62.71,"All Products, Hardware, Hardware > Building Materials",,,,,,,,,,,,,Impulse,,,,,
,simple,F03190,Create Your Own Design Mosaic,1,,visible,,,,,taxable,,1,283,3,0,0,,,,,1,,,62.71,"All Products, Hardware, Hardware > Building Materials",,,,,,,,,,,,,Impulse,,,,,
,simple,F03196,Create Your Own Design Mosaic,1,,visible,,,,,taxable,,1,555,3,0,0,,,,,1,,,62.71,"All Products, Hardware, Hardware > Building Materials",,,,,,,,,,,,,Impulse,,,,,
,simple,F03195,Create Your Own Design Mosaic,1,,visible,,,,,taxable,,1,374,3,0,0,,,,,1,,,75.59,"All Products, Hardware, Hardware > Building Materials",,,,,,,,,,,,,Impulse,,,,,
,simple,F03185,Bevelled Mirror 23cm*20cm,1,,visible,,,,,taxable,,1,42,3,0,0,,,,,1,,,32.12,"All Products, Hardware",,,,,,,,,,,,,Impulse,,,,,
,simple,F03187,Mirror Mosaics Stick On - Bevelled,1,,visible,,,,,taxable,,1,1,3,0,0,,,,,1,,,96.52,"All Products, Hardware",,,,,,,,,,,,,Impulse,,,,,
,simple,F03179,Mirror Mosaics Stick On - Bevelled,1,,visible,,,,,taxable,,1,66,3,0,0,,,,,1,,,80.42,"All Products, Hardware",,,,,,,,,,,,,Impulse,,,,,
,simple,F03181,Mirror Mosaics Stick On - Bevelled,1,,visible,,,,,taxable,,1,3,3,0,0,,,,,1,,,120.19,"All Products, Hardware",,,,,,,,,,,,,Impulse,,,,,
,simple,F03184,Mirror Mosaics Stick On - Bevelled,1,,visible,,,,,taxable,,1,9,3,0,0,,,,,1,,,120.19,"All Products, Hardware",,,,,,,,,,,,,Impulse,,,,,
,simple,F03354,WPC 3D Single Flute 22mm x 22mm x 2900mm Barcelona Nero,1,,visible,,,,,taxable,,1,898,3,0,0,,,,,1,,,96.52,"All Products, Hardware",,,,,,,,,,,,,Barcelona,,,,,
,simple,F03355,WPC 3D Single Flute 22mm x 22mm x 2900mm Barcelona Wenge,1,,visible,,,,,taxable,,1,747,3,0,0,,,,,1,,,96.52,"All Products, Hardware",,,,,,,,,,,,,Barcelona,,,,,
,simple,F03357,WPC 3D Single Flute 22mm x 22mm x 2900mm Barcelona Grey,1,,visible,,,,,taxable,,1,875,3,0,0,,,,,1,,,96.52,"All Products, Hardware",,,,,,,,,,,,,Barcelona,,,,,
,simple,F03358,WPC 3D Single Flute 22mm x 22mm x 2900mm Barcelona Marble,1,,visible,,,,,taxable,,1,497,3,0,0,,,,,1,,,96.52,"All Products, Hardware",,,,,,,,,,,,,Barcelona,,,,,
,simple,F03356,WPC 3D Single Flute 22mm x 22mm x 2900mm Barcelona Teak,1,,visible,,,,,taxable,,1,806,3,0,0,,,,,1,,,96.52,"All Products, Hardware",,,,,,,,,,,,,Barcelona,,,,,
,simple,F03366,WPC 3D Single Flute 22mm x 22mm x 2900mm Barcelona Matt White,1,,visible,,,,,taxable,,1,10,3,0,0,,,,,1,,,96.52,"All Products, Homeware, Homeware > Decor",,,,,,,,,,,,,Barcelona,,,,,
,simple,F03359,WPC 3D Single Flute 22mm x 22mm x 2900mm Barcelona Rustic,1,,visible,,,,,taxable,,1,539,3,0,0,,,,,1,,,96.52,"All Products, Hardware",,,,,,,,,,,,,Barcelona,,,,,
,simple,F03361,WPC 3D Single Flute 22mm x 22mm x 2900mm Barcelona Wood,1,,visible,,,,,taxable,,1,711,3,0,0,,,,,1,,,96.52,"All Products, Hardware",,,,,,,,,,,,,Barcelona,,,,,
,simple,F03447,Spotlight,1,,visible,,,,,taxable,,1,2330,3,0,0,,,,,1,,,56.27,"All Products, Hardware, Hardware > Lighting",,,,,,,,,,,,,Impulse,,,,,
,simple,F02800,Adaptor 24V-100W +- 40 Lights,1,,visible,,,,,taxable,,1,180,3,0,0,,,,,1,,,265.65,"All Products, Hardware, Hardware > Electrical, Hardware > Lighting",,,,,,,,,,,,,Impulse,,,,,
,simple,F02340,Barcelona Series Nero WPC Indoor Wall Panel,1,,visible,,,,,taxable,,1,704,3,0,0,,,,,1,,,1529.5,"All Products, Hardware",,,,,,,,,,,,,Impulse,,,,,
,simple,F02341,Barcelona Series Wenge WPC Indoor Wall Panel,1,,visible,,,,,taxable,,1,95,3,0,0,,,,,1,,,1529.5,"All Products, Hardware",,,,,,,,,,,,,Impulse,,,,,
,simple,F02342,Barcelona Series Teak WPC Indoor Wall Panel,1,,visible,,,,,taxable,,1,66,3,0,0,,,,,1,,,1529.5,"All Products, Hardware",,,,,,,,,,,,,Impulse,,,,,
,simple,F02753,Barcelona Series Mahogany WPC Indoor Wall Panel,1,,visible,,,,,taxable,,1,184,3,0,0,,,,,1,,,1529.5,"All Products, Hardware",,,,,,,,,,,,,Impulse,,,,,
,simple,F02343,Barcelona Series Grey WPC Indoor Wall Panel,1,,visible,,,,,taxable,,1,314,3,0,0,,,,,1,,,1529.5,"All Products, Hardware",,,,,,,,,,,,,Impulse,,,,,
,simple,F02344,Barcelona Series Marble WPC Indoor Wall Panel,1,,visible,,,,,taxable,,1,277,3,0,0,,,,,1,,,1529.5,"All Products, Hardware",,,,,,,,,,,,,Impulse,,,,,
,simple,F02752,Barcelona Series Rustic WPC Indoor Wall Panel,1,,visible,,,,,taxable,,1,85,3,0,0,,,,,1,,,1529.5,"All Products, Hardware",,,,,,,,,,,,,Impulse,,,,,
,simple,F02862,Barcelona Series Wood WPC Indoor Wall Panel,1,,visible,,,,,taxable,,1,904,3,0,0,,,,,1,,,1529.5,"All Products, Hardware",,,,,,,,,,,,,Impulse,,,,,
,simple,F03578,Barcelona Series Brown - Black WPC Indoor Wall Panel,1,,visible,,,,,taxable,,1,1,3,0,0,,,,,1,,,1529.5,"All Products, Hardware",,,,,,,,,,,,,Impulse,,,,,
,simple,F03863,LED Strip Lights Aluminium Profile 15CM - 1.5W,1,,visible,,,,,taxable,,1,7,3,0,0,,,,,1,,,77.2,"All Products, Hardware, Hardware > Lighting",,,,,,,,,,,,,Impulse,,,,,
,simple,F03864,LED Strip Lights Aluminium Profile 30CM - 3W,1,,visible,,,,,taxable,,1,1,3,0,0,,,,,1,,,96.52,"All Products, Hardware, Hardware > Lighting",,,,,,,,,,,,,Impulse,,,,,
,simple,F03865,LED Strip Lights Aluminium Profile 45CM - 4W,1,,visible,,,,,taxable,,1,42,3,0,0,,,,,1,,,152.95,"All Products, Hardware, Hardware > Lighting",,,,,,,,,,,,,Impulse,,,,,
,simple,F03867,LED Strip Lights Aluminium Profile 60CM - 6W,1,,visible,,,,,taxable,,1,10,3,0,0,,,,,1,,,223.79,"All Products, Hardware, Hardware > Lighting",,,,,,,,,,,,,Impulse,,,,,
,simple,F03868,LED Strip Lights Aluminium Profile 75CM - 9W,1,,visible,,,,,taxable,,1,54,3,0,0,,,,,1,,,304.29,"All Products, Hardware, Hardware > Lighting",,,,,,,,,,,,,Impulse,,,,,
,simple,F03869,LED Strip Lights Aluminium Profile 90CM - 1.5W,1,,visible,,,,,taxable,,1,43,3,0,0,,,,,1,,,368.69,"All Products, Hardware, Hardware > Lighting",,,,,,,,,,,,,Impulse,,,,,
,simple,F03253,WPC Indoor Wall Panels Celestia Series - Rose Gold,1,,visible,,,,,taxable,,1,306,3,0,0,,,,,1,,,1529.5,"All Products, Hardware",,,,,,,,,,,,,Impulse,,,,,
,simple,F03276,WPC Indoor Wall Panels Celestia Series - White Matt,1,,visible,,,,,taxable,,1,144,3,0,0,,,,,1,,,1529.5,"All Products, Homeware, Homeware > Decor",,,,,,,,,,,,,Impulse,,,,,
,simple,F02863,WPC Indoor Wall Panels Celestia Series - Metal Grey,1,,visible,,,,,taxable,,1,3,3,0,0,,,,,1,,,1529.5,"All Products, Hardware",,,,,,,,,,,,,Impulse,,,,,
,simple,F03251,WPC Indoor Wall Panels Celestia Series - Silver,1,,visible,,,,,taxable,,1,133,3,0,0,,,,,1,,,1529.5,"All Products, Hardware",,,,,,,,,,,,,Impulse,,,,,
,simple,F03252,WPC Indoor Wall Panels Celestia Series - Champagne Gold,1,,visible,,,,,taxable,,1,145,3,0,0,,,,,1,,,1529.5,"All Products, Hardware",,,,,,,,,,,,,Impulse,,,,,
,simple,F03543,Casablanca Indoor Wall Panel - Grey Smoke,1,,visible,,,,,taxable,,1,19,3,0,0,,,,,1,,,2281.37,"All Products, Hardware",,,,,,,,,,,,,Casablanca,,,,,
,simple,F03545,Casablanca Indoor Wall Panel - Mocha,1,,visible,,,,,taxable,,1,14,3,0,0,,,,,1,,,2281.37,"All Products, Hardware",,,,,,,,,,,,,Casablanca,,,,,
,simple,F03542,Casablanca Indoor Wall Panel - Cas-Gold,1,,visible,,,,,taxable,,1,20,3,0,0,,,,,1,,,2281.37,"All Products, Hardware",,,,,,,,,,,,,Casablanca,,,,,
,simple,F03544,Casablanca Indoor Wall Panel - Angel,1,,visible,,,,,taxable,,1,27,3,0,0,,,,,1,,,2281.37,"All Products, Hardware",,,,,,,,,,,,,Casablanca,,,,,
,simple,F03580,Monte Carlo Indoor Wall Panel Natural 2.9M*16CM,1,,visible,,,,,taxable,,1,14,3,0,0,,,,,1,,,4443.6,"All Products, Hardware",,,,,,,,,,,,,Monte Carlo,,,,,
,simple,F03581,Monte Carlo Indoor Wall Panel Wood 2.9M*15CM,1,,visible,,,,,taxable,,1,31,3,0,0,,,,,1,,,4830.0,"All Products, Hardware",,,,,,,,,,,,,Monte Carlo,,,,,
,simple,F03582,Monte Carlo Indoor Wall Panel Black 2.9M*20CM,1,,visible,,,,,taxable,,1,50,3,0,0,,,,,1,,,2817.5,"All Products, Hardware",,,,,,,,,,,,,Monte Carlo,,,,,
,simple,F03487,Monte Carlo Indoor Wall Panel Champagne Gold 2.9M*23CM,1,,visible,,,,,taxable,,1,25,3,0,0,,,,,1,,,3034.85,"All Products, Hardware",,,,,,,,,,,,,Monte Carlo,,,,,
,simple,F03063,MDF Acoustic Wall Panels Grey Acoustic,1,,visible,,,,,taxable,,1,129,3,0,0,,,,,1,,,5119.8,"All Products, Hardware",,,,,,,,,,,,,Impulse,,,,,
,simple,F03088,MDF Acoustic Wall Panels Wood Acoustic,1,,visible,,,,,taxable,,1,128,3,0,0,,,,,1,,,5119.8,"All Products, Hardware",,,,,,,,,,,,,Impulse,,,,,
,simple,F02857,WPC Outdoor Wall Panels - Coffee,1,,visible,,,,,taxable,,1,4,3,0,0,,,,,1,,,1861.16,"All Products, Hardware",,,,,,,,,,,,,Impulse,,,,,
,simple,F02858,WPC Outdoor Wall Panels - Light Teak,1,,visible,,,,,taxable,,1,78,3,0,0,,,,,1,,,1861.16,"All Products, Hardware, Hardware > Lighting",,,,,,,,,,,,,Impulse,,,,,
,simple,F02859,WPC Outdoor Wall Panels - Black (SOLD OUT),1,,visible,,,,,taxable,,1,3,3,0,0,,,,,1,,,1861.16,"All Products, Hardware",,,,,,,,,,,,,Impulse,,,,,
,simple,F02856,WPC Outdoor Wall Panels - Grey (SOLD OUT),1,,visible,,,,,taxable,,1,10,3,0,0,,,,,1,,,1861.16,"All Products, Hardware",,,,,,,,,,,,,Impulse,,,,,
,simple,F03557,Wall and Ceiling D Arte Blocks - Black (Lined Pattern),1,,visible,,,,,taxable,,1,19,3,0,0,,,,,1,,,3859.97,"All Products, Hardware, Hardware > Locks & Security",,,,,,,,,,,,,Impulse,,,,,
,simple,F03552,Wall and Ceiling D Arte Blocks - Black (Pyramid Pattern),1,,visible,,,,,taxable,,1,14,3,0,0,,,,,1,,,3859.97,"All Products, Hardware, Hardware > Locks & Security",,,,,,,,,,,,,Impulse,,,,,
,simple,F03558,Wall and Ceiling D Arte Blocks - White Wood (Lined Pattern),1,,visible,,,,,taxable,,1,22,3,0,0,,,,,1,,,3859.97,"All Products, Hardware, Hardware > Locks & Security",,,,,,,,,,,,,Impulse,,,,,
,simple,F03553,Wall and Ceiling D Arte Blocks - White Wood (Pyramid Pattern),1,,visible,,,,,taxable,,1,24,3,0,0,,,,,1,,,3859.97,"All Products, Hardware, Hardware > Locks & Security",,,,,,,,,,,,,Impulse,,,,,
,simple,F03559,Wall and Ceiling D Arte Blocks - Light Grain Wood (Lined Pattern),1,,visible,,,,,taxable,,1,18,3,0,0,,,,,1,,,3859.97,"All Products, Hardware, Hardware > Lighting, Hardware > Locks & Security",,,,,,,,,,,,,Impulse,,,,,
,simple,F03554,Wall and Ceiling D Arte Blocks - Light Grain Wood (Pyramid Pattern),1,,visible,,,,,taxable,,1,22,3,0,0,,,,,1,,,3859.97,"All Products, Hardware, Hardware > Lighting, Hardware > Locks & Security",,,,,,,,,,,,,Impulse,,,,,
,simple,F03560,Wall and Ceiling D Arte Blocks - Black Wood (Lined Pattern),1,,visible,,,,,taxable,,1,16,3,0,0,,,,,1,,,3859.97,"All Products, Hardware, Hardware > Locks & Security",,,,,,,,,,,,,Impulse,,,,,
,simple,F03555,Wall and Ceiling D Arte Blocks - Black Wood (Pyramid Pattern),1,,visible,,,,,taxable,,1,24,3,0,0,,,,,1,,,3859.97,"All Products, Hardware, Hardware > Locks & Security",,,,,,,,,,,,,Impulse,,,,,
,simple,F03561,Wall and Ceiling D Arte Blocks - Champagne Gold (Lined Pattern),1,,visible,,,,,taxable,,1,23,3,0,0,,,,,1,,,4342.97,"All Products, Hardware, Hardware > Locks & Security",,,,,,,,,,,,,Impulse,,,,,
,simple,F03556,Wall and Ceiling D Arte Blocks - Champagne Gold (Pyramid Pattern),1,,visible,,,,,taxable,,1,20,3,0,0,,,,,1,,,4342.97,"All Products, Hardware, Hardware > Locks & Security",,,,,,,,,,,,,Impulse,,,,,
,simple,F03073,WPC Panel Divider 2.9M x 10CM x 50MM - Dark Grey,1,,visible,,,,,taxable,,1,7,3,0,0,,,,,1,,,2559.9,"All Products, Hardware",,,,,,,,,,,,,Impulse,,,,,
,simple,F03074,WPC Panel Divider 2.9M x 10CM x 50MM - Black Walnut,1,,visible,,,,,taxable,,1,19,3,0,0,,,,,1,,,2559.9,"All Products, Hardware, Hardware > Fasteners",,,,,,,,,,,,,Impulse,,,,,
,simple,F03075,WPC Panel Divider 2.9M x 10CM x 50MM - Black,1,,visible,,,,,taxable,,1,16,3,0,0,,,,,1,,,2559.9,"All Products, Hardware",,,,,,,,,,,,,Impulse,,,,,
,simple,F03076,WPC Panel Divider 2.9M x 10CM x 50MM - Teakwood,1,,visible,,,,,taxable,,1,1,3,0,0,,,,,1,,,2559.9,"All Products, Hardware",,,,,,,,,,,,,Impulse,,,,,
,simple,F03351,WPC Divider Bracket Clips (4 PCS) Swivel,1,,visible,,,,,taxable,,1,905,3,0,0,,,,,1,,,139.99,"All Products, Homeware, Homeware > Storage & Organisation",,,,,,,,,,,,,Impulse,,,,,
,simple,F03488,3D Peel & Stick Foam Wall Panels/Rolls - Grey,1,,visible,,,,,taxable,,1,9,3,0,0,,,,,1,,,297.85,"All Products, Hardware",,,,,,,,,,,,,Impulse,,,,,
,simple,F03489,3D Peel & Stick Foam Wall Panels/Rolls - BLK/Gold & WHT,1,,visible,,,,,taxable,,1,10,3,0,0,,,,,1,,,297.85,"All Products, Hardware",,,,,,,,,,,,,Impulse,,,,,
,simple,F03490,3D Peel & Stick Foam Wall Panels/Rolls - Gold & White,1,,visible,,,,,taxable,,1,10,3,0,0,,,,,1,,,297.85,"All Products, Hardware",,,,,,,,,,,,,Impulse,,,,,
,simple,F03491,3D Peel & Stick Foam Wall Panels/Rolls - BLK/Gold & White,1,,visible,,,,,taxable,,1,10,3,0,0,,,,,1,,,297.85,"All Products, Hardware",,,,,,,,,,,,,Impulse,,,,,
,simple,F03492,3D Peel & Stick Foam Wall Panels/Rolls - Blue/Grey & Gold,1,,visible,,,,,taxable,,1,10,3,0,0,,,,,1,,,297.85,"All Products, Hardware",,,,,,,,,,,,,Impulse,,,,,
,simple,F03368,WPC Edging Strip (Loose) Barcelona/Celestia Series - Rustic,1,,visible,,,,,taxable,,1,26,3,0,0,,,,,1,,,64.32,"All Products, Hardware, Hardware > Building Materials",,,,,,,,,,,,,Impulse,,,,,
,simple,F02466,WPC Edging Strip (Loose) Barcelona/Celestia Series - Grey,1,,visible,,,,,taxable,,1,87,3,0,0,,,,,1,,,64.32,"All Products, Hardware, Hardware > Building Materials",,,,,,,,,,,,,Impulse,,,,,
,simple,F02467,WPC Edging Strip (Loose) Barcelona/Celestia Series - Marble,1,,visible,,,,,taxable,,1,10,3,0,0,,,,,1,,,64.32,"All Products, Hardware, Hardware > Building Materials",,,,,,,,,,,,,Impulse,,,,,
,simple,F02903,WPC Edging Strip (Loose) Barcelona/Celestia Series - Matt Grey,1,,visible,,,,,taxable,,1,10,3,0,0,,,,,1,,,64.32,"All Products, Hardware, Hardware > Building Materials, Homeware, Homeware > Decor",,,,,,,,,,,,,Impulse,,,,,
,simple,F02463,WPC Edging Strip (Loose) Barcelona/Celestia Series - Nero,1,,visible,,,,,taxable,,1,3,3,0,0,,,,,1,,,64.32,"All Products, Hardware, Hardware > Building Materials",,,,,,,,,,,,,Impulse,,,,,
,simple,F03294,WPC Edging Strip (Loose) Barcelona/Celestia Series - Mahogany,1,,visible,,,,,taxable,,1,136,3,0,0,,,,,1,,,64.32,"All Products, Hardware, Hardware > Building Materials",,,,,,,,,,,,,Impulse,,,,,
,simple,F02464,WPC Edging Strip (Loose) Barcelona/Celestia Series - Wenge,1,,visible,,,,,taxable,,1,42,3,0,0,,,,,1,,,64.32,"All Products, Hardware, Hardware > Building Materials",,,,,,,,,,,,,Impulse,,,,,
,simple,F02902,WPC Edging Strip (Loose) Barcelona/Celestia Series - Wood,1,,visible,,,,,taxable,,1,9,3,0,0,,,,,1,,,64.32,"All Products, Hardware, Hardware > Building Materials",,,,,,,,,,,,,Impulse,,,,,
,simple,F03277,WPC Edging Strip (Loose) Barcelona/Celestia Series - Matt White,1,,visible,,,,,taxable,,1,111,3,0,0,,,,,1,,,64.32,"All Products, Hardware, Hardware > Building Materials, Homeware, Homeware > Decor",,,,,,,,,,,,,Impulse,,,,,
,simple,F03367,WPC Edging Strip (Loose) Barcelona/Celestia Series - Metal Grey,1,,visible,,,,,taxable,,1,93,3,0,0,,,,,1,,,72.37,"All Products, Hardware, Hardware > Building Materials",,,,,,,,,,,,,Impulse,,,,,
,simple,F03254,WPC Edging Strip (Loose) Barcelona/Celestia Series - Silver,1,,visible,,,,,taxable,,1,112,3,0,0,,,,,1,,,72.37,"All Products, Hardware, Hardware > Building Materials",,,,,,,,,,,,,Impulse,,,,,
,simple,F03255,WPC Edging Strip (Loose) Barcelona/Celestia Series - Champagne Gold,1,,visible,,,,,taxable,,1,2,3,0,0,,,,,1,,,72.37,"All Products, Hardware, Hardware > Building Materials",,,,,,,,,,,,,Impulse,,,,,
,simple,F03256,WPC Edging Strip (Loose) Barcelona/Celestia Series - Rose Gold,1,,visible,,,,,taxable,,1,3,3,0,0,,,,,1,,,72.37,"All Products, Hardware, Hardware > Building Materials",,,,,,,,,,,,,Impulse,,,,,
,simple,F02468,Metal Clips for WPC Panels - Clip WPC Wood Panel (1 Pack = 100pcs),1,,visible,,,,,taxable,,1,34,3,0,0,,,,,1,,,402.5,"All Products, Hardware",,,,,,,,,,,,,Impulse,,,,,
,simple,F02860,Traditional Decking Outdoor Grey/Brown 2.9M x 0.14 x 0.025M,1,,visible,,,,,taxable,,1,70,3,0,0,,,,,1,,,1345.96,"All Products, Hardware",,,,,,,,,,,,,Impulse,,,,,
,simple,F02861,Traditional Decking Outdoor Brown 2.9M x 0.14 x 0.025M,1,,visible,,,,,taxable,,1,1,3,0,0,,,,,1,,,1345.96,"All Products, Hardware",,,,,,,,,,,,,Impulse,,,,,
,simple,F03854,Traditional Deck Edging Dark Grey 2.9M x 0.05 x 0.05M,1,,visible,,,,,taxable,,1,116,3,0,0,,,,,1,,,159.39,"All Products, Hardware",,,,,,,,,,,,,Impulse,,,,,
,simple,F03853,Traditional Deck Edging Brown 2.9M x 0.05 x 0.05M,1,,visible,,,,,taxable,,1,142,3,0,0,,,,,1,,,159.39,"All Products, Hardware",,,,,,,,,,,,,Impulse,,,,,
,simple,F03850,Premium Decking Co-Extrusion Pure Teak & Walnut Back - Back 5.8M x 0.145 x 0.02M,1,,visible,,,,,taxable,,1,168,3,0,0,,,,,1,,,1896.58,"All Products, Hardware, Hardware > Fasteners",,,,,,,,,,,,,Impulse,,,,,
,simple,F03849,Premium Decking Co-Extrusion Silver Grey & Rose Wood Back - Back 5.8M x 0.145 x 0.02M,1,,visible,,,,,taxable,,1,1,3,0,0,,,,,1,,,1896.58,"All Products, Hardware",,,,,,,,,,,,,Impulse,,,,,
,simple,F03852B,Premium Co-Extrusion Deck Edging Pure Teak 2.9M x 0.05 x 0.05M,1,,visible,,,,,taxable,,1,140,3,0,0,,,,,1,,,185.15,"All Products, Hardware",,,,,,,,,,,,,Impulse,,,,,
,simple,F03851A,Premium Co-Extrusion Deck Edging Silver Grey 2.9M x 0.05 x 0.05M,1,,visible,,,,,taxable,,1,123,3,0,0,,,,,1,,,185.15,"All Products, Hardware",,,,,,,,,,,,,Impulse,,,,,
,simple,F03852A,Premium Co-Extrusion Deck Edging Walnut 2.9M x 0.05 x 0.05M,1,,visible,,,,,taxable,,1,140,3,0,0,,,,,1,,,185.15,"All Products, Hardware, Hardware > Fasteners",,,,,,,,,,,,,Impulse,,,,,
,simple,F03851B,Premium Co-Extrusion Deck Edging Rose Wood 2.9M x 0.05 x 0.05M,1,,visible,,,,,taxable,,1,183,3,0,0,,,,,1,,,185.15,"All Products, Hardware",,,,,,,,,,,,,Impulse,,,,,
,simple,F03855,Decking WPC Joist 40*25*2900,1,,visible,,,,,taxable,,1,104,3,0,0,,,,,1,,,159.39,"All Products, Hardware",,,,,,,,,,,,,Impulse,,,,,
,simple,F03856,Decking WPC Plastic Clips + Screws 8MM,1,,visible,,,,,taxable,,1,10,3,0,0,,,,,1,,,18.51,"All Products, Hardware, Hardware > Fasteners",,,,,,,,,,,,,Impulse,,,,,
,simple,F02307 - (3031),PVC Ceiling Panel 3.9M x 300MM x 6MM - 3031,1,,visible,,,,,taxable,,1,10,3,0,0,,,,,1,,,628.6,"All Products, Hardware",,,,,,,,,,,,,Impulse,,,,,
,simple,F02308 - (3030),PVC Ceiling Panel 3.9M x 300MM x 6MM - 3030,1,,visible,,,,,taxable,,1,10,3,0,0,,,,,1,,,628.6,"All Products, Hardware",,,,,,,,,,,,,Impulse,,,,,
,simple,F02309 - (3055),PVC Ceiling Panel 3.9M x 300MM x 6MM - 3055,1,,visible,,,,,taxable,,1,10,3,0,0,,,,,1,,,628.6,"All Products, Hardware",,,,,,,,,,,,,Impulse,,,,,
,simple,F02606 - (3073),PVC Ceiling Panel 3.9M x 300MM x 6MM - 3073,1,,visible,,,,,taxable,,1,10,3,0,0,,,,,1,,,628.6,"All Products, Hardware",,,,,,,,,,,,,Impulse,,,,,
,simple,F02607 - (3086),PVC Ceiling Panel 3.9M x 300MM x 6MM - 3086,1,,visible,,,,,taxable,,1,10,3,0,0,,,,,1,,,628.6,"All Products, Hardware",,,,,,,,,,,,,Impulse,,,,,
,simple,F02608 - (30116),PVC Ceiling Panel 3.9M x 300MM x 6MM - 30116,1,,visible,,,,,taxable,,1,10,3,0,0,,,,,1,,,628.6,"All Products, Hardware",,,,,,,,,,,,,Impulse,,,,,
,simple,F02612 - (30-8120),PVC Ceiling Panel 3.9M x 300MM x 6MM - 30-8120,1,,visible,,,,,taxable,,1,10,3,0,0,,,,,1,,,628.6,"All Products, Hardware",,,,,,,,,,,,,Impulse,,,,,
,simple,F02617 - (CAP01),PVC Ceiling Panel 3.9M x 300MM x 6MM - CAP01,1,,visible,,,,,taxable,,1,10,3,0,0,,,,,1,,,628.6,"All Products, Hardware",,,,,,,,,,,,,Impulse,,,,,
,simple,F02619 - (30-8122),PVC Ceiling Panel 3.9M x 300MM x 6MM - 30-8122,1,,visible,,,,,taxable,,1,10,3,0,0,,,,,1,,,628.6,"All Products, Hardware",,,,,,,,,,,,,Impulse,,,,,
,simple,F02621 - (3072),PVC Ceiling Panel 3.9M x 300MM x 6MM - 3072,1,,visible,,,,,taxable,,1,10,3,0,0,,,,,1,,,628.6,"All Products, Hardware",,,,,,,,,,,,,Impulse,,,,,
,simple,F02624 - (3070),PVC Ceiling Panel 3.9M x 300MM x 6MM - 3070,1,,visible,,,,,taxable,,1,10,3,0,0,,,,,1,,,628.6,"All Products, Hardware",,,,,,,,,,,,,Impulse,,,,,
,simple,F02631 - (3005),PVC Ceiling Panel 3.9M x 300MM x 6MM - 3005,1,,visible,,,,,taxable,,1,10,3,0,0,,,,,1,,,628.6,"All Products, Hardware",,,,,,,,,,,,,Impulse,,,,,
,simple,F02633 - (3035),PVC Ceiling Panel 3.9M x 300MM x 6MM - 3035,1,,visible,,,,,taxable,,1,10,3,0,0,,,,,1,,,628.6,"All Products, Hardware",,,,,,,,,,,,,Impulse,,,,,
,simple,F02638 - (3020),PVC Ceiling Panel 3.9M x 300MM x 6MM - 3020,1,,visible,,,,,taxable,,1,10,3,0,0,,,,,1,,,628.6,"All Products, Hardware",,,,,,,,,,,,,Impulse,,,,,
,simple,F02641 - (3033),PVC Ceiling Panel 3.9M x 300MM x 6MM - 3033,1,,visible,,,,,taxable,,1,10,3,0,0,,,,,1,,,628.6,"All Products, Hardware",,,,,,,,,,,,,Impulse,,,,,
,simple,F02644 - (3085),PVC Ceiling Panel 3.9M x 300MM x 6MM - 3085,1,,visible,,,,,taxable,,1,10,3,0,0,,,,,1,,,628.6,"All Products, Hardware",,,,,,,,,,,,,Impulse,,,,,
,simple,F02647 - (3053),PVC Ceiling Panel 3.9M x 300MM x 6MM - 3053,1,,visible,,,,,taxable,,1,10,3,0,0,,,,,1,,,628.6,"All Products, Hardware",,,,,,,,,,,,,Impulse,,,,,
,simple,F02649 - (30118),PVC Ceiling Panel 3.9M x 300MM x 6MM - 30118,1,,visible,,,,,taxable,,1,10,3,0,0,,,,,1,,,628.6,"All Products, Hardware",,,,,,,,,,,,,Impulse,,,,,
,simple,F02652 - (3001),PVC Ceiling Panel 3.9M x 300MM x 6MM - 3001,1,,visible,,,,,taxable,,1,10,3,0,0,,,,,1,,,628.6,"All Products, Hardware",,,,,,,,,,,,,Impulse,,,,,
,simple,F02518 - (30WHITE MATTE),PVC Ceiling Panel 3.9M x 300MM x 6MM - 30 White Matte NEW,1,,visible,,,,,taxable,,1,10,3,0,0,,,,,1,,,628.6,"All Products, Homeware, Homeware > Decor",,,,,,,,,,,,,Impulse,,,,,
,simple,F02622 - (30WG),PVC Ceiling Panel 3.9M x 300MM x 6MM - 30WG,1,,visible,,,,,taxable,,1,10,3,0,0,,,,,1,,,628.6,"All Products, Hardware",,,,,,,,,,,,,Impulse,,,,,
,simple,F02490,Majestic Nero Wall Cladding UV Sheet 2.7M,1,,visible,,,,,taxable,,1,194,3,0,0,,,,,1,,,610.19,"All Products, Hardware",,,,,,,,,,,,,Impulse,,,,,
,simple,F02744,Jakarta Marble Wall Cladding UV Sheet 2.7M,1,,visible,,,,,taxable,,1,245,3,0,0,,,,,1,,,610.19,"All Products, Hardware",,,,,,,,,,,,,Impulse,,,,,
,simple,F02483A,Venato Carara A Wall Cladding UV Sheet 2.7M,1,,visible,,,,,taxable,,1,314,3,0,0,,,,,1,,,610.19,"All Products, Hardware",,,,,,,,,,,,,Impulse,,,,,
,simple,F02487B,Romano Grey B Wall Cladding UV Sheet 2.7M,1,,visible,,,,,taxable,,1,23,3,0,0,,,,,1,,,610.19,"All Products, Hardware",,,,,,,,,,,,,Impulse,,,,,
,simple,F02486B,Alcora Gris B Wall Cladding UV Sheet 2.7M,1,,visible,,,,,taxable,,1,267,3,0,0,,,,,1,,,610.19,"All Products, Hardware",,,,,,,,,,,,,Impulse,,,,,
,simple,F02738-A,Panda White A Wall Cladding UV Sheet 2.7M,1,,visible,,,,,taxable,,1,10,3,0,0,,,,,1,,,389.0,"All Products, Hardware",,,,,,,,,,,,,Impulse,,,,,
,simple,F02737-B,Panda White B Wall Cladding UV Sheet 2.7M,1,,visible,,,,,taxable,,1,10,3,0,0,,,,,1,,,389.0,"All Products, Hardware",,,,,,,,,,,,,Impulse,,,,,
,simple,F03325,Mozzero Gold UV 2.4M Wall Cladding,1,,visible,,,,,taxable,,1,77,3,0,0,,,,,1,,,561.89,"All Products, Hardware",,,,,,,,,,,,,Impulse,,,,,
,simple,F03336,Absolute Black UV 2.4M Wall Cladding,1,,visible,,,,,taxable,,1,161,3,0,0,,,,,1,,,513.59,"All Products, Hardware",,,,,,,,,,,,,Impulse,,,,,
,simple,F03330,Glamour Gold UV 2.4M Wall Cladding,1,,visible,,,,,taxable,,1,106,3,0,0,,,,,1,,,513.59,"All Products, Hardware",,,,,,,,,,,,,Impulse,,,,,
,simple,F03329,Gold Rush UV 2.4M Wall Cladding,1,,visible,,,,,taxable,,1,81,3,0,0,,,,,1,,,513.59,"All Products, Hardware",,,,,,,,,,,,,Impulse,,,,,
,simple,F03324,Azuro Gold UV 2.4M Wall Cladding,1,,visible,,,,,taxable,,1,236,3,0,0,,,,,1,,,513.59,"All Products, Hardware",,,,,,,,,,,,,Impulse,,,,,
,simple,F03323,Golden Oasis UV 2.4M Wall Cladding,1,,visible,,,,,taxable,,1,80,3,0,0,,,,,1,,,513.59,"All Products, Hardware",,,,,,,,,,,,,Impulse,,,,,
,simple,F03339A,Panda Grey A UV 2.4M Wall Cladding,1,,visible,,,,,taxable,,1,107,3,0,0,,,,,1,,,561.89,"All Products, Hardware",,,,,,,,,,,,,Impulse,,,,,
,simple,F03339B,Panda Grey B UV 2.4M Wall Cladding,1,,visible,,,,,taxable,,1,200,3,0,0,,,,,1,,,561.89,"All Products, Hardware",,,,,,,,,,,,,Impulse,,,,,
,simple,F03333,Creamer Gold UV 2.4M Wall Cladding,1,,visible,,,,,taxable,,1,97,3,0,0,,,,,1,,,513.59,"All Products, Hardware",,,,,,,,,,,,,Impulse,,,,,
,simple,F03263,Bling Burberry,1,,visible,,,,,taxable,,1,182,3,0,0,,,,,1,,,594.09,"All Products, Hardware",,,,,,,,,,,,,Bling Series,,,,,
,simple,F03612-(1001),Peel & Stick Vinyl Flooring Tiles 30*30 - 1001,1,,visible,,,,,taxable,,1,10,3,0,0,,,,,1,,,307.93,"All Products, Hardware, Hardware > Building Materials",,,,,,,,,,,,,ALCO,,,,,
,simple,F03613-(1002),Peel & Stick Vinyl Flooring Tiles 30*30 - 1002,1,,visible,,,,,taxable,,1,10,3,0,0,,,,,1,,,307.93,"All Products, Hardware, Hardware > Building Materials",,,,,,,,,,,,,ALCO,,,,,
,simple,F03614-(GM3),Peel & Stick Vinyl Flooring Tiles 30*30 - GM3,1,,visible,,,,,taxable,,1,10,3,0,0,,,,,1,,,307.93,"All Products, Hardware, Hardware > Building Materials",,,,,,,,,,,,,ALCO,,,,,
,simple,F01773-(CL3008),Peel & Stick Vinyl Flooring Tiles 30*30 - CL3008,1,,visible,,,,,taxable,,1,10,3,0,0,,,,,1,,,307.93,"All Products, Hardware, Hardware > Building Materials",,,,,,,,,,,,,ALCO,,,,,
,simple,F01774-(CL3011),Peel & Stick Vinyl Flooring Tiles 30*30 - CL3011,1,,visible,,,,,taxable,,1,10,3,0,0,,,,,1,,,307.93,"All Products, Hardware, Hardware > Building Materials",,,,,,,,,,,,,ALCO,,,,,
,simple,F01775-(CL3021),Peel & Stick Vinyl Flooring Tiles 30*30 - CL3021,1,,visible,,,,,taxable,,1,10,3,0,0,,,,,1,,,307.93,"All Products, Hardware, Hardware > Building Materials",,,,,,,,,,,,,ALCO,,,,,
,simple,F01805,Tassy Stone Luxury Peel & Stick Flooring Tile,1,,visible,,,,,taxable,,1,789,3,0,0,,,,,1,,,267.18,"All Products, Hardware, Hardware > Building Materials",,,,,,,,,,,,,ALCO,,,,,
,simple,F01809,Tassy Grey Luxury Peel & Stick Flooring Tile,1,,visible,,,,,taxable,,1,502,3,0,0,,,,,1,,,267.18,"All Products, Hardware, Hardware > Building Materials",,,,,,,,,,,,,ALCO,,,,,
,simple,F01807,Tassy Bronze Luxury Peel & Stick Flooring Tile,1,,visible,,,,,taxable,,1,591,3,0,0,,,,,1,,,267.18,"All Products, Hardware, Hardware > Building Materials",,,,,,,,,,,,,ALCO,,,,,
,simple,F01812,Tassy Brown Luxury Peel & Stick Flooring Tile,1,,visible,,,,,taxable,,1,594,3,0,0,,,,,1,,,267.18,"All Products, Hardware, Hardware > Building Materials",,,,,,,,,,,,,ALCO,,,,,
,simple,F01808,Tassy Beige Luxury Peel & Stick Flooring Tile,1,,visible,,,,,taxable,,1,599,3,0,0,,,,,1,,,267.18,"All Products, Hardware, Hardware > Building Materials",,,,,,,,,,,,,ALCO,,,,,
,simple,F01813,Tassy Choc Luxury Peel & Stick Flooring Tile,1,,visible,,,,,taxable,,1,609,3,0,0,,,,,1,,,267.18,"All Products, Hardware, Hardware > Building Materials",,,,,,,,,,,,,ALCO,,,,,
,simple,F03817,Crackle Blanco,1,,visible,,,,,taxable,,1,106,3,0,0,,,,,1,,,916.09,"All Products, Homeware, Homeware > Storage & Organisation",,,,,,,,,,,,,Impulse,,,,,
,simple,F03816,Crackle Angel,1,,visible,,,,,taxable,,1,159,3,0,0,,,,,1,,,916.09,"All Products, Homeware, Homeware > Storage & Organisation",,,,,,,,,,,,,Impulse,,,,,
,simple,F03818,Crackle Swiss,1,,visible,,,,,taxable,,1,79,3,0,0,,,,,1,,,916.09,"All Products, Homeware, Homeware > Storage & Organisation",,,,,,,,,,,,,Impulse,,,,,
,simple,F03815,Crackle Rose,1,,visible,,,,,taxable,,1,111,3,0,0,,,,,1,,,916.09,"All Products, Homeware, Homeware > Storage & Organisation",,,,,,,,,,,,,Impulse,,,,,
,simple,F03824,Linear 3D,1,,visible,,,,,taxable,,1,156,3,0,0,,,,,1,,,916.09,"All Products, Hardware",,,,,,,,,,,,,Impulse,,,,,
,simple,F03819,Linear Smoke,1,,visible,,,,,taxable,,1,162,3,0,0,,,,,1,,,916.09,"All Products, Hardware",,,,,,,,,,,,,Impulse,,,,,
,simple,F03823,Linear Fantasy,1,,visible,,,,,taxable,,1,174,3,0,0,,,,,1,,,916.09,"All Products, Homeware, Homeware > Appliances, Homeware > Appliances > Small Appliances",,,,,,,,,,,,,Impulse,,,,,
,simple,F03820,Linear Choc,1,,visible,,,,,taxable,,1,154,3,0,0,,,,,1,,,916.09,"All Products, Hardware",,,,,,,,,,,,,Impulse,,,,,
,simple,F03825,Linear Calcutta,1,,visible,,,,,taxable,,1,149,3,0,0,,,,,1,,,916.09,"All Products, Hardware",,,,,,,,,,,,,Impulse,,,,,
,simple,F03822,Linear Silver,1,,visible,,,,,taxable,,1,145,3,0,0,,,,,1,,,1060.99,"All Products, Hardware",,,,,,,,,,,,,Impulse,,,,,
,simple,F03821,Linear Rose,1,,visible,,,,,taxable,,1,150,3,0,0,,,,,1,,,1060.99,"All Products, Hardware",,,,,,,,,,,,,Impulse,,,,,
,simple,F00096,CHN PVC Vinyl Flooring 0.50MM x 1.83M 4.28M Roll Room Size,1,,visible,,,,,taxable,,1,10,3,0,0,,,,,1,,,185.15,"All Products, Hardware",,,,,,,,,,,,,Pulse,,,,,
,simple,F00026,CHN PVC Vinyl Flooring 0.50MM x 1.83M 5M Roll,1,,visible,,,,,taxable,,1,10,3,0,0,,,,,1,,,201.25,"All Products, Hardware",,,,,,,,,,,,,Pulse,,,,,
,simple,F00024,CHN PVC Vinyl Flooring 0.50MM x 1.83M 30M Roll,1,,visible,,,,,taxable,,1,1013,3,0,0,,,,,1,,,1044.89,"All Products, Hardware",,,,,,,,,,,,,Pulse,,,,,
,simple,F02252,PVC Vinyl Flooring Red Back x 1.83M - 4.28M Roll Room Pack,1,,visible,,,,,taxable,,1,10,3,0,0,,,,,1,,,185.15,"All Products, Hardware",,,,,,,,,,,,,Pulse,,,,,
,simple,F00680,PVC Vinyl Flooring Red Back x 1.83M - 5M Roll,1,,visible,,,,,taxable,,1,10,3,0,0,,,,,1,,,207.69,"All Products, Hardware",,,,,,,,,,,,,Pulse,,,,,
,simple,F00679,PVC Vinyl Flooring Red Back x 1.83M - 30M Roll,1,,visible,,,,,taxable,,1,1835,3,0,0,,,,,1,,,1110.9,"All Products, Hardware",,,,,,,,,,,,,Pulse,,,,,
,simple,F00159,KOR 0.35MM x 1.83M PVC Vinyl Flooring 3M Roll,1,,visible,,,,,taxable,,1,10,3,0,0,,,,,1,,,94.91,"All Products, Hardware",,,,,,,,,,,,,KOR,,,,,
,simple,F00095,KOR 0.35MM x 1.83M PVC Vinyl Flooring 4.28M Roll Room Size,1,,visible,,,,,taxable,,1,10,3,0,0,,,,,1,,,120.67,"All Products, Hardware",,,,,,,,,,,,,KOR,,,,,
,simple,F00023,KOR 0.35MM x 1.83M PVC Vinyl Flooring 5M Roll,1,,visible,,,,,taxable,,1,10,3,0,0,,,,,1,,,131.94,"All Products, Hardware",,,,,,,,,,,,,KOR,,,,,
,simple,F00021,KOR 0.35MM x 1.83M PVC Vinyl Flooring 30M Roll,1,,visible,,,,,taxable,,1,3756,3,0,0,,,,,1,,,690.69,"All Products, Hardware",,,,,,,,,,,,,KOR,,,,,
,simple,F00818,PVC Vinyl Flooring Sponge Back 1.20MM x 1.83M - 4.28M Roll (Room Size),1,,visible,,,,,taxable,,1,10,3,0,0,,,,,1,,,207.69,"All Products, Hardware",,,,,,,,,,,,,Impulse,,,,,
,simple,F00814,PVC Vinyl Flooring Sponge Back 1.20MM x 1.83M - 5M Roll,1,,visible,,,,,taxable,,1,10,3,0,0,,,,,1,,,233.45,"All Products, Hardware",,,,,,,,,,,,,Impulse,,,,,
,simple,F00813,PVC Vinyl Flooring Sponge Back 1.20MM x 1.83M - 30M Roll,1,,visible,,,,,taxable,,1,1959,3,0,0,,,,,1,,,1173.69,"All Products, Hardware",,,,,,,,,,,,,Impulse,,,,,
,simple,F00691,Matt Embossed Series - Black,1,,visible,,,,,taxable,,1,186,3,0,0,,,,,1,,,416.99,"All Products, Hardware, Hardware > Building Materials, Homeware, Homeware > Decor",,,,,,,,,,,,,ALCO,,,,,
,simple,F00697,Matt Embossed Series - White G,1,,visible,,,,,taxable,,1,72,3,0,0,,,,,1,,,416.99,"All Products, Hardware, Hardware > Building Materials, Homeware, Homeware > Decor",,,,,,,,,,,,,ALCO,,,,,
,simple,F00698,Matt Embossed Series - Beige W,1,,visible,,,,,taxable,,1,162,3,0,0,,,,,1,,,416.99,"All Products, Hardware, Hardware > Building Materials, Homeware, Homeware > Decor",,,,,,,,,,,,,ALCO,,,,,
,simple,F00703,Matt Embossed Series - Grey,1,,visible,,,,,taxable,,1,104,3,0,0,,,,,1,,,416.99,"All Products, Hardware, Hardware > Building Materials, Homeware, Homeware > Decor",,,,,,,,,,,,,ALCO,,,,,
,simple,F00704,Matt Embossed Series - D Brown,1,,visible,,,,,taxable,,1,136,3,0,0,,,,,1,,,416.99,"All Products, Hardware, Hardware > Building Materials, Homeware, Homeware > Decor",,,,,,,,,,,,,ALCO,,,,,
,simple,F00614,High Gloss Series - WHT Grey,1,,visible,,,,,taxable,,1,5,3,0,0,,,,,1,,,449.19,"All Products, Hardware, Hardware > Building Materials",,,,,,,,,,,,,ALCO,,,,,
,simple,F00684,High Gloss Series - DRK Grey,1,,visible,,,,,taxable,,1,10,3,0,0,,,,,1,,,449.19,"All Products, Hardware, Hardware > Building Materials",,,,,,,,,,,,,ALCO,,,,,
,simple,F00685,High Gloss Series - LGT Beige,1,,visible,,,,,taxable,,1,85,3,0,0,,,,,1,,,449.19,"All Products, Hardware, Hardware > Building Materials",,,,,,,,,,,,,ALCO,,,,,
,simple,F00690,High Gloss Series - LGHT Grey,1,,visible,,,,,taxable,,1,95,3,0,0,,,,,1,,,449.19,"All Products, Hardware, Hardware > Building Materials",,,,,,,,,,,,,ALCO,,,,,
,simple,F00711,High Gloss Series - BLCK White,1,,visible,,,,,taxable,,1,191,3,0,0,,,,,1,,,449.19,"All Products, Hardware, Hardware > Building Materials",,,,,,,,,,,,,ALCO,,,,,
,simple,F03384,XTRA TUFF PVC Vinyl Flooring 0.80MM x 1.83M 5M Roll,1,,visible,,,,,taxable,,1,10,3,0,0,,,,,1,,,384.79,"All Products, Hardware",,,,,,,,,,,,,XTRA TUFF,,,,,
,simple,F03383,XTRA TUFF PVC Vinyl Flooring 0.80MM x 1.83M 30M Roll,1,,visible,,,,,taxable,,1,145,3,0,0,,,,,1,,,2139.69,"All Products, Hardware",,,,,,,,,,,,,XTRA TUFF,,,,,
,simple,F01763 - (CL1119),Peel & Stick Vinyl Flooring Tiles 30*30 - CL1119,1,,visible,,,,,taxable,,1,10,3,0,0,,,,,1,,,293.93,"All Products, Hardware, Hardware > Building Materials",,,,,,,,,,,,,Impulse,,,,,
,simple,F00109 - (CL7342),Peel & Stick Vinyl Flooring Tiles 30*30 - CL7342,1,,visible,,,,,taxable,,1,10,3,0,0,,,,,1,,,293.93,"All Products, Hardware, Hardware > Building Materials",,,,,,,,,,,,,Impulse,,,,,
,simple,F01786 - (KLD0505),Peel & Stick Vinyl Flooring Tiles 30*30 - KLD0505,1,,visible,,,,,taxable,,1,10,3,0,0,,,,,1,,,293.93,"All Products, Hardware, Hardware > Building Materials",,,,,,,,,,,,,Impulse,,,,,
,simple,F00119 - (CL3586),Peel & Stick Vinyl Flooring Tiles 30*30 - CL3586,1,,visible,,,,,taxable,,1,10,3,0,0,,,,,1,,,293.93,"All Products, Hardware, Hardware > Building Materials",,,,,,,,,,,,,Impulse,,,,,
,simple,F00111 - (CL7027),Peel & Stick Vinyl Flooring Tiles 30*30 - CL7027,1,,visible,,,,,taxable,,1,10,3,0,0,,,,,1,,,293.93,"All Products, Hardware, Hardware > Building Materials",,,,,,,,,,,,,Impulse,,,,,
,simple,F00118 - (CL7014),Peel & Stick Vinyl Flooring Tiles 30*30 - CL7014,1,,visible,,,,,taxable,,1,10,3,0,0,,,,,1,,,293.93,"All Products, Hardware, Hardware > Building Materials",,,,,,,,,,,,,Impulse,,,,,
,simple,F01777 - (CL2024),Peel & Stick Vinyl Flooring Tiles 30*30 - CL2024 (Coming Soon),1,,visible,,,,,taxable,,1,10,3,0,0,,,,,1,,,293.93,"All Products, Hardware, Hardware > Building Materials",,,,,,,,,,,,,Impulse,,,,,
,simple,F01764 - (CL2045),Peel & Stick Vinyl Flooring Tiles 30*30 - CL2045,1,,visible,,,,,taxable,,1,10,3,0,0,,,,,1,,,293.93,"All Products, Hardware, Hardware > Building Materials",,,,,,,,,,,,,Impulse,,,,,
,simple,F01765 - (CL2062),Peel & Stick Vinyl Flooring Tiles 30*30 - CL2062,1,,visible,,,,,taxable,,1,10,3,0,0,,,,,1,,,293.93,"All Products, Hardware, Hardware > Building Materials",,,,,,,,,,,,,Impulse,,,,,
,simple,F01762 - (KLD0207-1),Peel & Stick Vinyl Flooring Tiles 30*30 - KLD0207-1,1,,visible,,,,,taxable,,1,10,3,0,0,,,,,1,,,293.93,"All Products, Hardware, Hardware > Building Materials",,,,,,,,,,,,,Impulse,,,,,
,simple,F01778 - (CL7061),Peel & Stick Vinyl Flooring Tiles 30*30 - CL7061,1,,visible,,,,,taxable,,1,10,3,0,0,,,,,1,,,293.93,"All Products, Hardware, Hardware > Building Materials",,,,,,,,,,,,,Impulse,,,,,
,simple,F01772 - (CL2829),Peel & Stick Vinyl Flooring Tiles 30*30 - CL2829,1,,visible,,,,,taxable,,1,10,3,0,0,,,,,1,,,293.93,"All Products, Hardware, Hardware > Building Materials",,,,,,,,,,,,,Impulse,,,,,
,simple,F01768 - (CL2071),Peel & Stick Vinyl Flooring Tiles 30*30 - CL2071,1,,visible,,,,,taxable,,1,10,3,0,0,,,,,1,,,293.93,"All Products, Hardware, Hardware > Building Materials",,,,,,,,,,,,,Impulse,,,,,
,simple,F01783 - (KL0718),Peel & Stick Vinyl Flooring Tiles 30*30 - KL0718,1,,visible,,,,,taxable,,1,10,3,0,0,,,,,1,,,293.93,"All Products, Hardware, Hardware > Building Materials",,,,,,,,,,,,,Impulse,,,,,
,simple,F01788 - (CL2014),Peel & Stick Vinyl Flooring Tiles 30*30 - CL2014,1,,visible,,,,,taxable,,1,10,3,0,0,,,,,1,,,293.93,"All Products, Hardware, Hardware > Building Materials",,,,,,,,,,,,,Impulse,,,,,
,simple,F01789 - (CL1006),Peel & Stick Vinyl Flooring Tiles 30*30 - CL1006,1,,visible,,,,,taxable,,1,10,3,0,0,,,,,1,,,293.93,"All Products, Hardware, Hardware > Building Materials",,,,,,,,,,,,,Impulse,,,,,
,simple,F01790 - (KLD0105),Peel & Stick Vinyl Flooring Tiles 30*30 - KLD0105,1,,visible,,,,,taxable,,1,10,3,0,0,,,,,1,,,293.93,"All Products, Hardware, Hardware > Building Materials",,,,,,,,,,,,,Impulse,,,,,
,simple,F01771 - (CL2821),Peel & Stick Vinyl Flooring Tiles 30*30 - CL2821,1,,visible,,,,,taxable,,1,10,3,0,0,,,,,1,,,293.93,"All Products, Hardware, Hardware > Building Materials",,,,,,,,,,,,,Impulse,,,,,
,simple,F02373,PS Cornice 2M x 10CM T2408 White,1,,visible,,,,,taxable,,1,112,3,0,0,,,,,1,,,100.46,"All Products, Hardware",,,,,,,,,,,,,Impulse,,,,,
,simple,F02374,PS Cornice 2M x 10CM T2308 White,1,,visible,,,,,taxable,,1,10,3,0,0,,,,,1,,,100.46,"All Products, Hardware",,,,,,,,,,,,,Impulse,,,,,
,simple,F02379,PS Cornice 2M x 10CM T2450 Off White,1,,visible,,,,,taxable,,1,10,3,0,0,,,,,1,,,100.46,"All Products, Hardware",,,,,,,,,,,,,Impulse,,,,,
,simple,F02380,PS Cornice 2M x 10CM T2350 Off White,1,,visible,,,,,taxable,,1,33,3,0,0,,,,,1,,,100.46,"All Products, Hardware",,,,,,,,,,,,,Impulse,,,,,
,simple,F02385,PS Cornice 2M x 10CM T2411 Cream,1,,visible,,,,,taxable,,1,192,3,0,0,,,,,1,,,100.46,"All Products, Hardware",,,,,,,,,,,,,Impulse,,,,,
,simple,F02386,PS Cornice 2M x 10CM T2311 Cream,1,,visible,,,,,taxable,,1,384,3,0,0,,,,,1,,,100.46,"All Products, Hardware",,,,,,,,,,,,,Impulse,,,,,
,simple,F02375,PS Cornice 2M x 10CM T2108 White,1,,visible,,,,,taxable,,1,267,3,0,0,,,,,1,,,100.46,"All Products, Hardware",,,,,,,,,,,,,Impulse,,,,,
,simple,F02376,PS Cornice 2M x 10CM T1908 White,1,,visible,,,,,taxable,,1,10,3,0,0,,,,,1,,,100.46,"All Products, Hardware",,,,,,,,,,,,,Impulse,,,,,
,simple,F02381,PS Cornice 2M x 10CM T2150 Off White,1,,visible,,,,,taxable,,1,12,3,0,0,,,,,1,,,100.46,"All Products, Hardware",,,,,,,,,,,,,Impulse,,,,,
,simple,F02382,PS Cornice 2M x 10CM T1950 Off White,1,,visible,,,,,taxable,,1,4,3,0,0,,,,,1,,,100.46,"All Products, Hardware",,,,,,,,,,,,,Impulse,,,,,
,simple,F02387,PS Cornice 2M x 10CM T2111 Cream,1,,visible,,,,,taxable,,1,4,3,0,0,,,,,1,,,100.46,"All Products, Hardware",,,,,,,,,,,,,Impulse,,,,,
,simple,F02388,PS Cornice 2M x 10CM T1911 Cream,1,,visible,,,,,taxable,,1,13,3,0,0,,,,,1,,,100.46,"All Products, Hardware",,,,,,,,,,,,,Impulse,,,,,
,simple,F02377,PS Cornice 2M x 10CM T1808 White,1,,visible,,,,,taxable,,1,10,3,0,0,,,,,1,,,100.46,"All Products, Hardware",,,,,,,,,,,,,Impulse,,,,,
,simple,F02378,PS Cornice 2M x 10CM T1708 White,1,,visible,,,,,taxable,,1,517,3,0,0,,,,,1,,,100.46,"All Products, Hardware",,,,,,,,,,,,,Impulse,,,,,
,simple,F02383,PS Cornice 2M x 10CM T1850 Off White,1,,visible,,,,,taxable,,1,10,3,0,0,,,,,1,,,100.46,"All Products, Hardware",,,,,,,,,,,,,Impulse,,,,,
,simple,F02384,PS Cornice 2M x 10CM T1750 Off White,1,,visible,,,,,taxable,,1,10,3,0,0,,,,,1,,,100.46,"All Products, Hardware",,,,,,,,,,,,,Impulse,,,,,
,simple,F02389,PS Cornice 2M x 10CM T1811 Cream,1,,visible,,,,,taxable,,1,10,3,0,0,,,,,1,,,100.46,"All Products, Hardware",,,,,,,,,,,,,Impulse,,,,,
,simple,F02390,PS Cornice 2M x 10CM T1711 Cream,1,,visible,,,,,taxable,,1,10,3,0,0,,,,,1,,,100.46,"All Products, Hardware",,,,,,,,,,,,,Impulse,,,,,
,simple,F02770,PS Cornice 2M x 10CM 1508 White,1,,visible,,,,,taxable,,1,10,3,0,0,,,,,1,,,96.28,"All Products, Hardware",,,,,,,,,,,,,Impulse,,,,,
,simple,F02765,PS Cornice 2M x 10CM 1408 White,1,,visible,,,,,taxable,,1,10,3,0,0,,,,,1,,,96.28,"All Products, Hardware",,,,,,,,,,,,,Impulse,,,,,
,simple,F02771,PS Cornice 2M x 10CM 1550 Off White,1,,visible,,,,,taxable,,1,10,3,0,0,,,,,1,,,96.28,"All Products, Hardware",,,,,,,,,,,,,Impulse,,,,,
,simple,F02766,PS Cornice 2M x 10CM 1450 Off White,1,,visible,,,,,taxable,,1,10,3,0,0,,,,,1,,,96.28,"All Products, Hardware",,,,,,,,,,,,,Impulse,,,,,
,simple,F02767,PS Cornice 2M x 10CM 1511 Cream,1,,visible,,,,,taxable,,1,36,3,0,0,,,,,1,,,96.28,"All Products, Hardware",,,,,,,,,,,,,Impulse,,,,,
,simple,F02772,PS Cornice 2M x 10CM 1411 Cream,1,,visible,,,,,taxable,,1,302,3,0,0,,,,,1,,,96.28,"All Products, Hardware",,,,,,,,,,,,,Impulse,,,,,
,simple,F02392,PS Cornice 2M x 10CM T23WS White Silver,1,,visible,,,,,taxable,,1,10,3,0,0,,,,,1,,,111.67,"All Products, Hardware",,,,,,,,,,,,,Impulse,,,,,
,simple,F02395,PS Cornice 2M x 10CM T18WS White Silver,1,,visible,,,,,taxable,,1,18,3,0,0,,,,,1,,,111.67,"All Products, Hardware",,,,,,,,,,,,,Impulse,,,,,
,simple,F02398,PS Cornice 2M x 10CM T23WG White Gold,1,,visible,,,,,taxable,,1,16,3,0,0,,,,,1,,,111.67,"All Products, Hardware",,,,,,,,,,,,,Impulse,,,,,
,simple,F02401,PS Cornice 2M x 10CM T18WG White Gold,1,,visible,,,,,taxable,,1,10,3,0,0,,,,,1,,,111.67,"All Products, Hardware",,,,,,,,,,,,,Impulse,,,,,
,simple,F02404,PS Cornice 2M x 10CM T23S Silver,1,,visible,,,,,taxable,,1,10,3,0,0,,,,,1,,,111.67,"All Products, Hardware",,,,,,,,,,,,,Impulse,,,,,
,simple,F02407,PS Cornice 2M x 10CM T18S Silver,1,,visible,,,,,taxable,,1,10,3,0,0,,,,,1,,,111.67,"All Products, Hardware",,,,,,,,,,,,,Impulse,,,,,
,simple,F02410,PS Cornice 2M x 10CM T23LG Light Gold,1,,visible,,,,,taxable,,1,32,3,0,0,,,,,1,,,111.67,"All Products, Hardware, Hardware > Lighting",,,,,,,,,,,,,Impulse,,,,,
,simple,F02411,PS Cornice 2M x 10CM T18LG Light Gold,1,,visible,,,,,taxable,,1,58,3,0,0,,,,,1,,,111.67,"All Products, Hardware, Hardware > Lighting",,,,,,,,,,,,,Impulse,,,,,
,simple,F02396,PS Cornice 2M x 10CM T17WS White Silver,1,,visible,,,,,taxable,,1,10,3,0,0,,,,,1,,,111.67,"All Products, Hardware",,,,,,,,,,,,,Impulse,,,,,
,simple,F02408,PS Cornice 2M x 10CM T17S Silver,1,,visible,,,,,taxable,,1,342,3,0,0,,,,,1,,,111.67,"All Products, Hardware",,,,,,,,,,,,,Impulse,,,,,
,simple,F02402,PS Cornice 2M x 10CM T17WG White Gold,1,,visible,,,,,taxable,,1,18,3,0,0,,,,,1,,,111.67,"All Products, Hardware",,,,,,,,,,,,,Impulse,,,,,
,simple,F02412,PS Cornice 2M x 10CM T17LG Light Gold,1,,visible,,,,,taxable,,1,198,3,0,0,,,,,1,,,111.67,"All Products, Hardware, Hardware > Lighting",,,,,,,,,,,,,Impulse,,,,,
,simple,F03832,EPS Cornices 2M B01 White,1,,visible,,,,,taxable,,1,10,3,0,0,,,,,1,,,32.12,"All Products, Hardware",,,,,,,,,,,,,Impulse,,,,,
,simple,F03833,EPS Cornices 2M B02 White,1,,visible,,,,,taxable,,1,160,3,0,0,,,,,1,,,32.12,"All Products, Hardware",,,,,,,,,,,,,Impulse,,,,,
,simple,F03834,EPS Cornices 2M B03 White,1,,visible,,,,,taxable,,1,10,3,0,0,,,,,1,,,32.12,"All Products, Hardware",,,,,,,,,,,,,Impulse,,,,,
,simple,F03835,EPS Cornices 2M B05 White,1,,visible,,,,,taxable,,1,10,3,0,0,,,,,1,,,32.12,"All Products, Hardware",,,,,,,,,,,,,Impulse,,,,,
,simple,F03836,EPS Cornices 2M B06 White,1,,visible,,,,,taxable,,1,10,3,0,0,,,,,1,,,32.12,"All Products, Hardware",,,,,,,,,,,,,Impulse,,,,,
,simple,F03837,EPS Cornices 2M B07 White,1,,visible,,,,,taxable,,1,10,3,0,0,,,,,1,,,32.12,"All Products, Hardware",,,,,,,,,,,,,Impulse,,,,,
,simple,F03839,EPS Cornices 2M B08 White,1,,visible,,,,,taxable,,1,10,3,0,0,,,,,1,,,32.12,"All Products, Hardware",,,,,,,,,,,,,Impulse,,,,,
,simple,F03838,EPS Cornices 2M B12 White,1,,visible,,,,,taxable,,1,384,3,0,0,,,,,1,,,32.12,"All Products, Hardware",,,,,,,,,,,,,Impulse,,,,,
,simple,F03840,EPS Cornices 2M B14 White,1,,visible,,,,,taxable,,1,10,3,0,0,,,,,1,,,32.12,"All Products, Hardware",,,,,,,,,,,,,Impulse,,,,,
,simple,F03828,EPS Cornices 2M B02 White Silver,1,,visible,,,,,taxable,,1,10,3,0,0,,,,,1,,,43.39,"All Products, Hardware",,,,,,,,,,,,,Impulse,,,,,
,simple,F03830,EPS Cornices 2M B02 White Gold,1,,visible,,,,,taxable,,1,10,3,0,0,,,,,1,,,43.39,"All Products, Hardware",,,,,,,,,,,,,Impulse,,,,,
,simple,F03829,EPS Cornices 2M B04 White Silver,1,,visible,,,,,taxable,,1,10,3,0,0,,,,,1,,,43.39,"All Products, Hardware",,,,,,,,,,,,,Impulse,,,,,
,simple,F03831,EPS Cornices 2M B04 White Gold,1,,visible,,,,,taxable,,1,10,3,0,0,,,,,1,,,43.39,"All Products, Hardware",,,,,,,,,,,,,Impulse,,,,,
,simple,F02847,OLIVIA EPS Cornice (Turkish) 2MTR (TR-03),1,,visible,,,,,taxable,,1,10,3,0,0,,,,,1,,,32.12,"All Products, Hardware",,,,,,,,,,,,,Impulse,,,,,
,simple,F02850,VERSACE EPS Cornice (Turkish) 2MTR (TR-02),1,,visible,,,,,taxable,,1,10,3,0,0,,,,,1,,,32.12,"All Products, Hardware",,,,,,,,,,,,,Impulse,,,,,
,simple,F02849,TAC EPS Cornice (Turkish) 2MTR (TR-09),1,,visible,,,,,taxable,,1,60,3,0,0,,,,,1,,,32.12,"All Products, Hardware",,,,,,,,,,,,,Impulse,,,,,
,simple,F02848,OLIVIET EPS Cornice (Turkish) 2MTR (TR-07),1,,visible,,,,,taxable,,1,89,3,0,0,,,,,1,,,32.12,"All Products, Hardware",,,,,,,,,,,,,Impulse,,,,,
,simple,F02853,SARMASIK EPS Cornice (Turkish) 2MTR (TR-06),1,,visible,,,,,taxable,,1,10,3,0,0,,,,,1,,,32.12,"All Products, Hardware",,,,,,,,,,,,,Impulse,,,,,
,simple,F03009,VIONA EPS Cornice (Turkish) 2MTR (TR-04),1,,visible,,,,,taxable,,1,10,3,0,0,,,,,1,,,32.12,"All Products, Hardware",,,,,,,,,,,,,Impulse,,,,,
,simple,F03010,FLORYA EPS Cornice (Turkish) 2MTR (TR-10),1,,visible,,,,,taxable,,1,29,3,0,0,,,,,1,,,32.12,"All Products, Hardware",,,,,,,,,,,,,Impulse,,,,,
,simple,F03011,ESIN EPS Cornice (Turkish) 2MTR (TR-),1,,visible,,,,,taxable,,1,10,3,0,0,,,,,1,,,32.12,"All Products, Hardware",,,,,,,,,,,,,Impulse,,,,,
,simple,F03012,VENEDIK EPS Cornice (Turkish) 2MTR (TR-01),1,,visible,,,,,taxable,,1,102,3,0,0,,,,,1,,,32.12,"All Products, Hardware",,,,,,,,,,,,,Impulse,,,,,
,simple,F02852,EPS (Turkish) Dadoo Rail 2M (TDR-04),1,,visible,,,,,taxable,,1,10,3,0,0,,,,,1,,,30.51,"All Products, Hardware",,,,,,,,,,,,,Impulse,,,,,
,simple,F02851,EPS (Turkish) Dadoo Rail 2M (TDR-01),1,,visible,,,,,taxable,,1,200,3,0,0,,,,,1,,,30.51,"All Products, Hardware",,,,,,,,,,,,,Impulse,,,,,
,simple,F02773,F02773 - (15WS) #6009705656547 WHITE SILVER,1,,visible,,,,,taxable,,1,10,3,0,0,,,,,1,,,105.23,"All Products, Hardware",,,,,,,,,,,,,Impulse,,,,,
,simple,F02768,F02768 - (14WS) #6009705656493 WHITE SILVER,1,,visible,,,,,taxable,,1,10,3,0,0,,,,,1,,,105.23,"All Products, Hardware",,,,,,,,,,,,,Impulse,,,,,
,simple,F02774,F02774 - (15WG) #6009705656554 WHITE GOLD,1,,visible,,,,,taxable,,1,10,3,0,0,,,,,1,,,105.23,"All Products, Hardware",,,,,,,,,,,,,Impulse,,,,,
,simple,F02769,F02769 - (14WG) #6009705656509 WHITE GOLD,1,,visible,,,,,taxable,,1,10,3,0,0,,,,,1,,,105.23,"All Products, Hardware",,,,,,,,,,,,,Impulse,,,,,
,simple,F02391,F02391 - (T24WS) #6009705656240 WHITE SILVER,1,,visible,,,,,taxable,,1,16,3,0,0,,,,,1,,,111.67,"All Products, Hardware",,,,,,,,,,,,,Impulse,,,,,
,simple,F02393,F02393 - (T21WS) #6009705656264 WHITE SILVER,1,,visible,,,,,taxable,,1,10,3,0,0,,,,,1,,,111.67,"All Products, Hardware",,,,,,,,,,,,,Impulse,,,,,
,simple,F02397,F02397 - (T24WG) #6009705656301 WHITE GOLD,1,,visible,,,,,taxable,,1,10,3,0,0,,,,,1,,,111.67,"All Products, Hardware",,,,,,,,,,,,,Impulse,,,,,
,simple,F02399,F02399 - (T21WG) #6009705656325 WHITE GOLD,1,,visible,,,,,taxable,,1,4,3,0,0,,,,,1,,,111.67,"All Products, Hardware",,,,,,,,,,,,,Impulse,,,,,
,simple,F02403,F02403 - (T24S) #6009705656363 SILVER,1,,visible,,,,,taxable,,1,10,3,0,0,,,,,1,,,111.67,"All Products, Hardware",,,,,,,,,,,,,Impulse,,,,,
,simple,F02405,F02405 - (T21S) #6009705656387 SILVER,1,,visible,,,,,taxable,,1,4,3,0,0,,,,,1,,,111.67,"All Products, Hardware",,,,,,,,,,,,,Impulse,,,,,
,simple,F02409,F02409 - (T24LG) #6009705656424 LIGHT GOLD,1,,visible,,,,,taxable,,1,48,3,0,0,,,,,1,,,111.67,"All Products, Hardware, Hardware > Lighting",,,,,,,,,,,,,Impulse,,,,,
,simple,F02406,F02406 - (T19S) #6009705656394 SILVER,1,,visible,,,,,taxable,,1,10,3,0,0,,,,,1,,,111.67,"All Products, Hardware",,,,,,,,,,,,,Impulse,,,,,
,simple,F02394,F02394 - (T19WS) #6009705656271 WHITE SILVER,1,,visible,,,,,taxable,,1,10,3,0,0,,,,,1,,,111.67,"All Products, Hardware",,,,,,,,,,,,,Impulse,,,,,
,simple,F02400,F02400 - (T19WG) #6009705656332 WHITE GOLD,1,,visible,,,,,taxable,,1,10,3,0,0,,,,,1,,,111.67,"All Products, Hardware",,,,,,,,,,,,,Impulse,,,,,
,simple,F03826,F03826 - (T22WS) #5902023706004 WHITE SILVER,1,,visible,,,,,taxable,,1,10,3,0,0,,,,,1,,,105.23,"All Products, Hardware",,,,,,,,,,,,,Impulse,,,,,
,simple,F03827,F03827 - (T25WS) #5902023706104 WHITE SILVER,1,,visible,,,,,taxable,,1,10,3,0,0,,,,,1,,,105.23,"All Products, Hardware",,,,,,,,,,,,,Impulse,,,,,
,simple,F02653,M1 - WHITE 2.4M x 5CM WIDTH DADOO RAIL PU CORNICE,1,,visible,,,,,taxable,,1,1536,3,0,0,,,,,1,,,68.1,"All Products, Hardware",,,,,,,,,,,,,IMPULSE,,,,,
,simple,F02655,M1S - SILVER 2.4M x 5CM WIDTH DADOO RAIL PU CORNICE,1,,visible,,,,,taxable,,1,672,3,0,0,,,,,1,,,81.95,"All Products, Hardware",,,,,,,,,,,,,IMPULSE,,,,,
,simple,F02657,M1G - GOLD 2.4M x 5CM WIDTH DADOO RAIL PU CORNICE,1,,visible,,,,,taxable,,1,1536,3,0,0,,,,,1,,,81.95,"All Products, Hardware",,,,,,,,,,,,,IMPULSE,,,,,
,simple,F02654,M3 - WHITE 2.4M x 5.2CM WIDTH DADOO RAIL PU CORNICE,1,,visible,,,,,taxable,,1,4,3,0,0,,,,,1,,,68.1,"All Products, Hardware",,,,,,,,,,,,,IMPULSE,,,,,
,simple,F02656,M3S - SILVER 2.4M x 5.2CM WIDTH DADOO RAIL PU CORNICE,1,,visible,,,,,taxable,,1,104,3,0,0,,,,,1,,,81.95,"All Products, Hardware",,,,,,,,,,,,,IMPULSE,,,,,
,simple,F02658,M3G - GOLD 2.4M x 5.2CM WIDTH DADOO RAIL PU CORNICE,1,,visible,,,,,taxable,,1,764,3,0,0,,,,,1,,,81.95,"All Products, Hardware",,,,,,,,,,,,,IMPULSE,,,,,
,simple,F02659,M21 - WHITE 2.4M x 10CM WIDTH PU CORNICE,1,,visible,,,,,taxable,,1,10,3,0,0,,,,,1,,,102.88,"All Products, Hardware",,,,,,,,,,,,,IMPULSE,,,,,
,simple,F02661,M21S - SILVER 2.4M x 10CM WIDTH PU CORNICE,1,,visible,,,,,taxable,,1,10,3,0,0,,,,,1,,,119.94,"All Products, Hardware",,,,,,,,,,,,,IMPULSE,,,,,
,simple,F02663,M21G - GOLD 2.4M x 10CM WIDTH PU CORNICE,1,,visible,,,,,taxable,,1,10,3,0,0,,,,,1,,,119.94,"All Products, Hardware",,,,,,,,,,,,,IMPULSE,,,,,
,simple,F02660,M22 - WHITE 2.4M x 13.5CM WIDTH PU CORNICE,1,,visible,,,,,taxable,,1,10,3,0,0,,,,,1,,,110.93,"All Products, Hardware",,,,,,,,,,,,,IMPULSE,,,,,
,simple,F02662,M22S - SILVER 2.4M x 13.5CM WIDTH PU CORNICE,1,,visible,,,,,taxable,,1,10,3,0,0,,,,,1,,,127.03,"All Products, Hardware",,,,,,,,,,,,,IMPULSE,,,,,
,simple,F02664,M22G - 1GOLD 2.4M x 13.5CM WIDTH PU CORNICE,1,,visible,,,,,taxable,,1,10,3,0,0,,,,,1,,,127.03,"All Products, Hardware",,,,,,,,,,,,,IMPULSE,,,,,
,simple,F02687,60CM Medalion PU Cornice 60CM-White LH60,1,,visible,,,,,taxable,,1,2,3,0,0,,,,,1,,,136.04,"All Products, Hardware",,,,,,,,,,,,,Impulse,,,,,
,simple,F02688,60CM Medalion PU Cornice 60CM-Silver LH60S,1,,visible,,,,,taxable,,1,4,3,0,0,,,,,1,,,164.22,"All Products, Hardware",,,,,,,,,,,,,Impulse,,,,,
,simple,F02689,60CM Medalion PU Cornice 60CM-Gold LH60G,1,,visible,,,,,taxable,,1,10,3,0,0,,,,,1,,,164.22,"All Products, Hardware",,,,,,,,,,,,,Impulse,,,,,
,simple,F02690,60CM Square Medalion PU Cornice 60CM-White LH70,1,,visible,,,,,taxable,,1,2,3,0,0,,,,,1,,,167.44,"All Products, Hardware",,,,,,,,,,,,,Impulse,,,,,
,simple,F02691,60CM Square Medalion PU Cornice 60CM-Silver LH70S,1,,visible,,,,,taxable,,1,7,3,0,0,,,,,1,,,197.22,"All Products, Hardware",,,,,,,,,,,,,Impulse,,,,,
,simple,F02692,60CM Square Medalion PU Cornice 60CM-Gold LH70G,1,,visible,,,,,taxable,,1,10,3,0,0,,,,,1,,,197.22,"All Products, Hardware",,,,,,,,,,,,,Impulse,,,,,
,simple,F02665,M23 - WHITE 2.4M x 12CM WIDTH PU CORNICE,1,,visible,,,,,taxable,,1,10,3,0,0,,,,,1,,,100.62,"All Products, Hardware",,,,,,,,,,,,,IMPULSE,,,,,
,simple,F02667,M23S - SILVER 2.4M x 12CM WIDTH PU CORNICE,1,,visible,,,,,taxable,,1,10,3,0,0,,,,,1,,,117.37,"All Products, Hardware",,,,,,,,,,,,,IMPULSE,,,,,
,simple,F02669,M23G - GOLD 2.4M x 12CM WIDTH PU CORNICE,1,,visible,,,,,taxable,,1,10,3,0,0,,,,,1,,,117.37,"All Products, Hardware",,,,,,,,,,,,,IMPULSE,,,,,
,simple,F02666,M24 - WHITE 2.4M x 12CM WIDTH PU CORNICE,1,,visible,,,,,taxable,,1,10,3,0,0,,,,,1,,,101.27,"All Products, Hardware",,,,,,,,,,,,,IMPULSE,,,,,
,simple,F02668,M24S - SILVER 2.4M x 12CM WIDTH PU CORNICE,1,,visible,,,,,taxable,,1,10,3,0,0,,,,,1,,,117.37,"All Products, Hardware",,,,,,,,,,,,,IMPULSE,,,,,
,simple,F02670,M24G - GOLD 2.4M x 12CM WIDTH PU CORNICE,1,,visible,,,,,taxable,,1,10,3,0,0,,,,,1,,,117.37,"All Products, Hardware",,,,,,,,,,,,,IMPULSE,,,,,
,simple,F02671,M25 - WHITE 2.4M x 13CM WIDTH PU CORNICE,1,,visible,,,,,taxable,,1,10,3,0,0,,,,,1,,,102.88,"All Products, Hardware",,,,,,,,,,,,,IMPULSE,,,,,
,simple,F02673,M25S - SILVER 2.4M x 13CM WIDTH PU CORNICE,1,,visible,,,,,taxable,,1,10,3,0,0,,,,,1,,,119.94,"All Products, Hardware",,,,,,,,,,,,,IMPULSE,,,,,
,simple,F02675,M25G - GOLD 2.4M x 13CM WIDTH PU CORNICE,1,,visible,,,,,taxable,,1,10,3,0,0,,,,,1,,,119.94,"All Products, Hardware",,,,,,,,,,,,,IMPULSE,,,,,
,simple,F02672,M26 - WHITE 2.4M x 11CM WIDTH PU CORNICE,1,,visible,,,,,taxable,,1,10,3,0,0,,,,,1,,,101.27,"All Products, Hardware",,,,,,,,,,,,,IMPULSE,,,,,
,simple,F02674,M26S - SILVER 2.4M x 11CM WIDTH PU CORNICE,1,,visible,,,,,taxable,,1,10,3,0,0,,,,,1,,,117.37,"All Products, Hardware",,,,,,,,,,,,,IMPULSE,,,,,
,simple,F02676,M26G - GOLD 2.4M x 11CM WIDTH PU CORNICE,1,,visible,,,,,taxable,,1,10,3,0,0,,,,,1,,,117.37,"All Products, Hardware",,,,,,,,,,,,,IMPULSE,,,,,
,simple,F02677,M27 - WHITE PU Cornice 2.4M x 13CM,1,,visible,,,,,taxable,,1,10,3,0,0,,,,,1,,,104.65,"All Products, Hardware",,,,,,,,,,,,,Impulse,,,,,
,simple,F02679,M27S - SILVER PU Cornice 2.4M x 13CM,1,,visible,,,,,taxable,,1,10,3,0,0,,,,,1,,,122.2,"All Products, Hardware",,,,,,,,,,,,,Impulse,,,,,
,simple,F02681,M27G - GOLD PU Cornice 2.4M x 13CM,1,,visible,,,,,taxable,,1,10,3,0,0,,,,,1,,,122.2,"All Products, Hardware",,,,,,,,,,,,,Impulse,,,,,
,simple,F02678,M28 - WHITE PU Cornice 2.4M x 10CM,1,,visible,,,,,taxable,,1,2,3,0,0,,,,,1,,,101.27,"All Products, Hardware",,,,,,,,,,,,,Impulse,,,,,
,simple,F02680,M28S - SILVER PU Cornice 2.4M x 10CM,1,,visible,,,,,taxable,,1,10,3,0,0,,,,,1,,,117.37,"All Products, Hardware",,,,,,,,,,,,,Impulse,,,,,
,simple,F02682,M28G - GOLD PU Cornice 2.4M x 10CM,1,,visible,,,,,taxable,,1,10,3,0,0,,,,,1,,,117.37,"All Products, Hardware",,,,,,,,,,,,,Impulse,,,,,
,simple,F02683,M29 - WHITE PU Cornice 2.4M x 13CM,1,,visible,,,,,taxable,,1,10,3,0,0,,,,,1,,,83.72,"All Products, Hardware",,,,,,,,,,,,,Impulse,,,,,
,simple,F02684,M29S - SILVER PU Cornice 2.4M x 13CM,1,,visible,,,,,taxable,,1,10,3,0,0,,,,,1,,,102.88,"All Products, Hardware",,,,,,,,,,,,,Impulse,,,,,
,simple,F02685,M29G - GOLD PU Cornice 2.4M x 13CM,1,,visible,,,,,taxable,,1,10,3,0,0,,,,,1,,,102.88,"All Products, Hardware",,,,,,,,,,,,,Impulse,,,,,
,simple,F02686,M33 - WHITE PU Cornice 2.4M x 8CM,1,,visible,,,,,taxable,,1,10,3,0,0,,,,,1,,,99.82,"All Products, Hardware",,,,,,,,,,,,,Impulse,,,,,
,simple,F02055,"Gallery 6"" Porcelain",1,,visible,,,,,taxable,,1,3,3,0,0,,,,,1,,,20.91,"All Products, Hardware, Hardware > Lighting",,,,,,,,,,,,,Impulse,,,,,
,simple,F04004,Globe LED 7W B22 Pin Type 10's -A60,1,,visible,,,,,taxable,,1,10,3,0,0,,,,,1,,,89.95,"All Products, Hardware",,,,,,,,,,,,,TYSON,,,,,
,simple,F02054,Flood Light LED 10W Tyson,1,,visible,,,,,taxable,,1,46,3,0,0,,,,,1,,,65.2,"All Products, Hardware, Hardware > Lighting",,,,,,,,,,,,,TYSON,,,,,
,simple,F02053,Flood Light LED 20W Tyson,1,,visible,,,,,taxable,,1,84,3,0,0,,,,,1,,,97.4,"All Products, Hardware, Hardware > Lighting",,,,,,,,,,,,,TYSON,,,,,
,simple,F02052,Flood Light LED 30W Tyson,1,,visible,,,,,taxable,,1,91,3,0,0,,,,,1,,,128.72,"All Products, Hardware, Hardware > Lighting",,,,,,,,,,,,,TYSON,,,,,
,simple,F02051,Flood Light LED 50W Tyson,1,,visible,,,,,taxable,,1,93,3,0,0,,,,,1,,,180.32,"All Products, Hardware, Hardware > Lighting",,,,,,,,,,,,,TYSON,,,,,
,simple,F02050,Flood Light LED 100W Tyson,1,,visible,,,,,taxable,,1,80,3,0,0,,,,,1,,,320.39,"All Products, Hardware, Hardware > Lighting",,,,,,,,,,,,,TYSON,,,,,
,simple,F02049,Flood Light LED 200W Tyson,1,,visible,,,,,taxable,,1,54,3,0,0,,,,,1,,,706.79,"All Products, Hardware, Hardware > Lighting",,,,,,,,,,,,,TYSON,,,,,
,simple,F03649,Booster Cable 2000AMP,1,,visible,,,,,taxable,,1,15,3,0,0,,,,,1,,,309.04,"All Products, Hardware, Hardware > Electrical",,,,,,,,,,,,,Impulse,,,,,
,simple,F03629,Earth Spike + Clamp 10MM,1,,visible,,,,,taxable,,1,10,3,0,0,,,,,1,,,90.08,"All Products, Hardware, Hardware > Hand Tools, Hardware > Lighting",,,,,,,,,,,,,Impulse,,,,,
,simple,F03670,Cable Joint Kit (JK0) 1.5MM - 4MM,1,,visible,,,,,taxable,,1,10,3,0,0,,,,,1,,,96.52,"All Products, Hardware, Hardware > Electrical",,,,,,,,,,,,,Tyson,,,,,
,simple,F03704,Cable Joint Kit (JK1) 4MM - 10MM,1,,visible,,,,,taxable,,1,2,3,0,0,,,,,1,,,132.82,"All Products, Hardware, Hardware > Electrical",,,,,,,,,,,,,Tyson,,,,,
,simple,F03678,Cable Joint Kit (JK2) 10MM - 16MM,1,,visible,,,,,taxable,,1,7,3,0,0,,,,,1,,,170.58,"All Products, Hardware, Hardware > Electrical",,,,,,,,,,,,,Tyson,,,,,
,simple,F03679,Cable Joint Kit (JK3) 16MM - 35MM,1,,visible,,,,,taxable,,1,10,3,0,0,,,,,1,,,257.52,"All Products, Hardware, Hardware > Electrical",,,,,,,,,,,,,Tyson,,,,,
,simple,F03656,"Stove Plate Spiral 6"" (DNS145)",1,,visible,,,,,taxable,,1,43,3,0,0,,,,,1,,,70.03,"All Products, Hardware",,,,,,,,,,,,,Impulse,,,,,
,simple,F03657,"Stove Plate Spiral 8"" (DNS190)",1,,visible,,,,,taxable,,1,66,3,0,0,,,,,1,,,122.28,"All Products, Hardware",,,,,,,,,,,,,Impulse,,,,,
,simple,F03634,"Stove Plate Solid 1000W - 6"" (SOLID6)",1,,visible,,,,,taxable,,1,2,3,0,0,,,,,1,,,192.39,"All Products, Hardware",,,,,,,,,,,,,Impulse,,,,,
,simple,F03636,"Stove Plate Solid 1500W - 8"" (SOLID8)",1,,visible,,,,,taxable,,1,10,3,0,0,,,,,1,,,218.88,"All Products, Hardware",,,,,,,,,,,,,Impulse,,,,,
,simple,F03635,"Stove Plate Solid Red Dot 1500W - 6"" (6RED)",1,,visible,,,,,taxable,,1,8,3,0,0,,,,,1,,,221.38,"All Products, Hardware",,,,,,,,,,,,,Impulse,,,,,
,simple,F03637,"Stove Plate Solid Red Dot 2000W - 8"" (8RED)",1,,visible,,,,,taxable,,1,16,3,0,0,,,,,1,,,263.96,"All Products, Hardware",,,,,,,,,,,,,Impulse,,,,,
,simple,F02081,ADAPTOR 3 x 2 PIN R24,1,,visible,,,,,taxable,,1,159,3,0,0,,,,,1,,,20.12,"All Products, Hardware, Hardware > Electrical",,,,,,,,,,,,,Impulse,,,,,
,simple,F03416 (D10),Light Day - Night Sensor 10A,1,,visible,,,,,taxable,,1,10,3,0,0,,,,,1,,,40.95,"All Products, Hardware, Hardware > Lighting",,,,,,,,,,,,,TYSON,,,,,
,simple,F03414 (D15),Light Day - Night Sensor 15A,1,,visible,,,,,taxable,,1,10,3,0,0,,,,,1,,,69.95,"All Products, Hardware, Hardware > Lighting",,,,,,,,,,,,,TYSON,,,,,
,simple,F03415 (D25),Light Day - Night Sensor 25A,1,,visible,,,,,taxable,,1,10,3,0,0,,,,,1,,,83.95,"All Products, Hardware, Hardware > Lighting",,,,,,,,,,,,,TYSON,,,,,
,simple,F03631,Geyser Element Spiral 2KW,1,,visible,,,,,taxable,,1,47,3,0,0,,,,,1,,,239.89,"All Products, Hardware",,,,,,,,,,,,,Impulse,,,,,
,simple,F03632,Geyser Element Spiral 3KW,1,,visible,,,,,taxable,,1,46,3,0,0,,,,,1,,,267.18,"All Products, Hardware",,,,,,,,,,,,,Impulse,,,,,
,simple,F03633,Geyser Element Spiral 4KW,1,,visible,,,,,taxable,,1,21,3,0,0,,,,,1,,,283.28,"All Products, Hardware",,,,,,,,,,,,,Impulse,,,,,
,simple,F03638 (TSE11),Geyser Thermostat 20AMP Round - Grey,1,,visible,,,,,taxable,,1,10,3,0,0,,,,,1,,,93.95,"All Products, Homeware, Homeware > Kitchen",,,,,,,,,,,,,Impulse,,,,,
,simple,F03639 (VKF11),Geyser Thermostat 20AMP Square,1,,visible,,,,,taxable,,1,10,3,0,0,,,,,1,,,115.0,"All Products, Homeware, Homeware > Kitchen",,,,,,,,,,,,,Impulse,,,,,
,simple,F03669 (SPT04-S),Plug 3Pin Surge Protection,1,,visible,,,,,taxable,,1,10,3,0,0,,,,,1,,,45.95,"All Products, Hardware, Hardware > Electrical",,,,,,,,,,,,,SR Plug,,,,,
,simple,F03651 (H147),Speaker Wire 0.5MM Clear (Copper) 100M,1,,visible,,,,,taxable,,1,10,3,0,0,,,,,1,,,145.5,"All Products, Hardware, Hardware > Electrical",,,,,,,,,,,,,Impulse,,,,,
,simple,F03990 (H149),Speaker Wire 0.5MM White (Copper) 20meter,1,,visible,,,,,taxable,,1,10,3,0,0,,,,,1,,,39.5,"All Products, Hardware, Hardware > Electrical",,,,,,,,,,,,,Impulse,,,,,
,simple,F03653 (H148),Speaker Wire 0.5MM White (Copper) 100meter,1,,visible,,,,,taxable,,1,10,3,0,0,,,,,1,,,145.5,"All Products, Hardware, Hardware > Electrical",,,,,,,,,,,,,Impulse,,,,,
,simple,F03655 (H145W),Speaker Wire 1MM White (Copper) 100M,1,,visible,,,,,taxable,,1,10,3,0,0,,,,,1,,,259.0,"All Products, Hardware, Hardware > Electrical",,,,,,,,,,,,,Impulse,,,,,
,simple,F03652 (H146),Speaker Wire 0.5MM Red-Black (Copper) 100M,1,,visible,,,,,taxable,,1,10,3,0,0,,,,,1,,,145.0,"All Products, Hardware, Hardware > Electrical",,,,,,,,,,,,,Impulse,,,,,
,simple,F03654 (H145RB),Speaker Wire 1MM Red-Black (Copper) 100M,1,,visible,,,,,taxable,,1,10,3,0,0,,,,,1,,,259.0,"All Products, Hardware, Hardware > Electrical",,,,,,,,,,,,,Impulse,,,,,
,simple,F03428-CL022,Indoor Lighting Rustic,1,,visible,,,,,taxable,,1,10,3,0,0,,,,,1,,,135.95,"All Products, Hardware, Hardware > Lighting",,,,,,,,,,,,,Impulse,,,,,
,simple,F03427-CL021,Indoor Lighting Rustic,1,,visible,,,,,taxable,,1,10,3,0,0,,,,,1,,,135.95,"All Products, Hardware, Hardware > Lighting",,,,,,,,,,,,,Impulse,,,,,
,simple,F03423-CL011,Indoor Lighting Rustic,1,,visible,,,,,taxable,,1,10,3,0,0,,,,,1,,,135.95,"All Products, Hardware, Hardware > Lighting",,,,,,,,,,,,,Impulse,,,,,
,simple,F03426-CL017,Indoor Lighting Rustic,1,,visible,,,,,taxable,,1,10,3,0,0,,,,,1,,,135.95,"All Products, Hardware, Hardware > Lighting",,,,,,,,,,,,,Impulse,,,,,
,simple,F03421-CL007,Indoor Lighting Rustic,1,,visible,,,,,taxable,,1,10,3,0,0,,,,,1,,,135.95,"All Products, Hardware, Hardware > Lighting",,,,,,,,,,,,,Impulse,,,,,
,simple,F03422-CL009,Indoor Lighting Rustic,1,,visible,,,,,taxable,,1,10,3,0,0,,,,,1,,,135.95,"All Products, Hardware, Hardware > Lighting",,,,,,,,,,,,,Impulse,,,,,
,simple,F03425-CL015,Indoor Lighting Rustic,1,,visible,,,,,taxable,,1,10,3,0,0,,,,,1,,,135.95,"All Products, Hardware, Hardware > Lighting",,,,,,,,,,,,,Impulse,,,,,
,simple,F03424-CL013,Indoor Lighting Rustic,1,,visible,,,,,taxable,,1,10,3,0,0,,,,,1,,,135.95,"All Products, Hardware, Hardware > Lighting",,,,,,,,,,,,,Impulse,,,,,
,simple,F03683-CL016,Indoor Lighting Rustic Cluster,1,,visible,,,,,taxable,,1,10,3,0,0,,,,,1,,,399.0,"All Products, Hardware, Hardware > Lighting",,,,,,,,,,,,,Impulse,,,,,
,simple,F03682-CL014,Indoor Lighting Rustic Cluster,1,,visible,,,,,taxable,,1,10,3,0,0,,,,,1,,,430.0,"All Products, Hardware, Hardware > Lighting",,,,,,,,,,,,,Impulse,,,,,
,simple,F03858-CL010,Indoor Lighting Rustic Cluster,1,,visible,,,,,taxable,,1,10,3,0,0,,,,,1,,,430.0,"All Products, Hardware, Hardware > Lighting",,,,,,,,,,,,,Impulse,,,,,
,simple,F03859-CL008,Indoor Lighting Rustic Cluster,1,,visible,,,,,taxable,,1,10,3,0,0,,,,,1,,,430.0,"All Products, Hardware, Hardware > Lighting",,,,,,,,,,,,,Impulse,,,,,
,simple,F03435-CL001,Outdoor Light Fitting,1,,visible,,,,,taxable,,1,10,3,0,0,,,,,1,,,95.0,"All Products, Hardware, Hardware > Lighting",,,,,,,,,,,,,Impulse,,,,,
,simple,F03430-CL002,Outdoor Light Fitting,1,,visible,,,,,taxable,,1,10,3,0,0,,,,,1,,,97.95,"All Products, Hardware, Hardware > Lighting",,,,,,,,,,,,,Impulse,,,,,
,simple,F3431-CL005,Outdoor Light Fitting,1,,visible,,,,,taxable,,1,10,3,0,0,,,,,1,,,135.0,"All Products, Hardware, Hardware > Lighting",,,,,,,,,,,,,Impulse,,,,,
,simple,F03433-CL003,LED Wall Light 4 Ray Oval,1,,visible,,,,,taxable,,1,10,3,0,0,,,,,1,,,57.95,"All Products, Hardware, Hardware > Lighting",,,,,,,,,,,,,Impulse,,,,,
,simple,F03434-CL004,LED Wall Light 6 Ray Oval,1,,visible,,,,,taxable,,1,10,3,0,0,,,,,1,,,70.95,"All Products, Hardware, Hardware > Lighting",,,,,,,,,,,,,Impulse,,,,,
,simple,F03432-CL006,LED Wall Light Z Shape Front,1,,visible,,,,,taxable,,1,10,3,0,0,,,,,1,,,120.0,"All Products, Hardware, Hardware > Lighting",,,,,,,,,,,,,Impulse,,,,,
,simple,F02070,C-Breaker Din Rail White 63A White,1,,visible,,,,,taxable,,1,75,3,0,0,,,,,1,,,32.12,"All Products, Hardware, Hardware > Electrical",,,,,,,,,,,,,Impulse,,,,,
,simple,F03622,Raytric Ready Board Surface 6 Way,1,,visible,,,,,taxable,,1,43,3,0,0,,,,,1,,,416.99,"All Products, Hardware",,,,,,,,,,,,,Raytric,,,,,
,simple,F03623,Raytric Ready Board Surface 8 Way,1,,visible,,,,,taxable,,1,28,3,0,0,,,,,1,,,497.49,"All Products, Hardware",,,,,,,,,,,,,Raytric,,,,,
,simple,F03624,Raytric Ready Board Surface 12 Way,1,,visible,,,,,taxable,,1,12,3,0,0,,,,,1,,,674.59,"All Products, Hardware",,,,,,,,,,,,,Raytric,,,,,
,simple,F03703,Raytric Ready Board Flush Din 8 Way,1,,visible,,,,,taxable,,1,96,3,0,0,,,,,1,,,497.49,"All Products, Hardware",,,,,,,,,,,,,Raytric,,,,,
,simple,F03625,Raytric Ready Board Flush Din 12 Way,1,,visible,,,,,taxable,,1,64,3,0,0,,,,,1,,,674.59,"All Products, Hardware",,,,,,,,,,,,,Raytric,,,,,
,simple,F02159,Diamond Light LED Ceiling 18W,1,,visible,,,,,taxable,,1,17,3,0,0,,,,,1,,,138.38,"All Products, Hardware, Hardware > Lighting",,,,,,,,,,,,,Impulse,,,,,
,simple,F02163,Squares Light LED Ceiling 18W,1,,visible,,,,,taxable,,1,48,3,0,0,,,,,1,,,138.38,"All Products, Hardware, Hardware > Lighting",,,,,,,,,,,,,Impulse,,,,,
,simple,F02259,Space Light LED Ceiling 18W,1,,visible,,,,,taxable,,1,129,3,0,0,,,,,1,,,141.6,"All Products, Hardware, Hardware > Lighting",,,,,,,,,,,,,Impulse,,,,,
,simple,F02289,Circles Light LED Ceiling 28W,1,,visible,,,,,taxable,,1,20,3,0,0,,,,,1,,,194.73,"All Products, Hardware, Hardware > Lighting",,,,,,,,,,,,,Impulse,,,,,
,simple,F02285,Diamond Light LED Ceiling 28W,1,,visible,,,,,taxable,,1,34,3,0,0,,,,,1,,,193.2,"All Products, Hardware, Hardware > Lighting",,,,,,,,,,,,,Impulse,,,,,
,simple,F02288,Spray Light LED Ceiling 28W,1,,visible,,,,,taxable,,1,22,3,0,0,,,,,1,,,193.2,"All Products, Hardware, Hardware > Garden & Outdoor, Hardware > Lighting",,,,,,,,,,,,,Impulse,,,,,
,simple,F02287,Space Light LED Ceiling 28W,1,,visible,,,,,taxable,,1,42,3,0,0,,,,,1,,,193.2,"All Products, Hardware, Hardware > Lighting",,,,,,,,,,,,,Impulse,,,,,
,simple,F02286,Stary Sky Light LED Ceiling 28W,1,,visible,,,,,taxable,,1,45,3,0,0,,,,,1,,,193.2,"All Products, Hardware, Hardware > Lighting",,,,,,,,,,,,,Impulse,,,,,
,simple,F02290,Squares Light LED Ceiling 28W,1,,visible,,,,,taxable,,1,25,3,0,0,,,,,1,,,193.2,"All Products, Hardware, Hardware > Lighting",,,,,,,,,,,,,Impulse,,,,,
,simple,F02838,Light Fitting Tyson Single 2 FT B Single,1,,visible,,,,,taxable,,1,116,3,0,0,,,,,1,,,53.05,"All Products, Hardware, Hardware > Lighting",,,,,,,,,,,,,Impulse,,,,,
,simple,F02841,Light Fitting Tyson Single 4 FT B Single,1,,visible,,,,,taxable,,1,95,3,0,0,,,,,1,,,57.15,"All Products, Hardware, Hardware > Lighting",,,,,,,,,,,,,Impulse,,,,,
,simple,F02843,Light Fitting Tyson Single 5 FT B Single,1,,visible,,,,,taxable,,1,201,3,0,0,,,,,1,,,84.52,"All Products, Hardware, Hardware > Lighting",,,,,,,,,,,,,Impulse,,,,,
,simple,F02839,Light Fitting Tyson Double 2 FT B Double,1,,visible,,,,,taxable,,1,104,3,0,0,,,,,1,,,55.54,"All Products, Hardware, Hardware > Lighting",,,,,,,,,,,,,Impulse,,,,,
,simple,F02840,Light Fitting Tyson Double 4 FT B Double,1,,visible,,,,,taxable,,1,46,3,0,0,,,,,1,,,69.15,"All Products, Hardware, Hardware > Lighting",,,,,,,,,,,,,Impulse,,,,,
,simple,F02842,Light Fitting Tyson Double 5 FT B Double,1,,visible,,,,,taxable,,1,3,3,0,0,,,,,1,,,92.57,"All Products, Hardware, Hardware > Lighting",,,,,,,,,,,,,Impulse,,,,,
,simple,F02833,2 FT 9 Watt Fluorescent Tube,1,,visible,,,,,taxable,,1,70,3,0,0,,,,,1,,,33.73,"All Products, Hardware",,,,,,,,,,,,,Impulse,,,,,
,simple,F02832,4 FT 18 Watt Fluorescent Tube,1,,visible,,,,,taxable,,1,2,3,0,0,,,,,1,,,33.73,"All Products, Hardware",,,,,,,,,,,,,Impulse,,,,,
,simple,F02831,5 FT 24 Watt Fluorescent Tube,1,,visible,,,,,taxable,,1,10,3,0,0,,,,,1,,,49.83,"All Products, Hardware",,,,,,,,,,,,,Impulse,,,,,
,simple,F02897,Clear Round Ribbed,1,,visible,,,,,taxable,,1,10,3,0,0,,,,,1,,,35.34,"All Products, Hardware, Hardware > Lighting",,,,,,,,,,,,,Impulse,,,,,
,simple,F02896,Round White,1,,visible,,,,,taxable,,1,68,3,0,0,,,,,1,,,35.34,"All Products, Hardware, Hardware > Lighting",,,,,,,,,,,,,Impulse,,,,,
,simple,F02178,Light LED Ceiling Glass Fitting TLC02,1,,visible,,,,,taxable,,1,4,3,0,0,,,,,1,,,125.5,"All Products, Hardware, Hardware > Lighting",,,,,,,,,,,,,Impulse,,,,,
,simple,F02179,Light LED Ceiling Glass Fitting TLC03,1,,visible,,,,,taxable,,1,7,3,0,0,,,,,1,,,125.5,"All Products, Hardware, Hardware > Lighting",,,,,,,,,,,,,Impulse,,,,,
,simple,F03337A,Armani Grey A,1,,visible,,,,,taxable,,1,2,3,0,0,,,,,1,,,561.89,"All Products, Hardware",,,,,,,,,,,,,Impulse,,,,,
,simple,F03337B,Armani Grey B,1,,visible,,,,,taxable,,1,105,3,0,0,,,,,1,,,561.89,"All Products, Hardware",,,,,,,,,,,,,Impulse,,,,,
,simple,F03338A,Galaxy Ink A,1,,visible,,,,,taxable,,1,77,3,0,0,,,,,1,,,561.89,"All Products, Hardware",,,,,,,,,,,,,Impulse,,,,,
,simple,F03338B,Galaxy Ink B,1,,visible,,,,,taxable,,1,56,3,0,0,,,,,1,,,561.89,"All Products, Hardware",,,,,,,,,,,,,Impulse,,,,,
,simple,F03331,Fantasy Gold,1,,visible,,,,,taxable,,1,211,3,0,0,,,,,1,,,513.59,"All Products, Homeware, Homeware > Appliances, Homeware > Appliances > Small Appliances",,,,,,,,,,,,,Impulse,,,,,
,simple,F03326,Longines Gold,1,,visible,,,,,taxable,,1,123,3,0,0,,,,,1,,,513.59,"All Products, Hardware",,,,,,,,,,,,,Impulse,,,,,
,simple,F03334,Auric Gold,1,,visible,,,,,taxable,,1,181,3,0,0,,,,,1,,,561.89,"All Products, Hardware",,,,,,,,,,,,,Impulse,,,,,
,simple,F03327,Sky Gold,1,,visible,,,,,taxable,,1,30,3,0,0,,,,,1,,,561.89,"All Products, Hardware",,,,,,,,,,,,,Impulse,,,,,
,simple,F03328,Fantasy Natural,1,,visible,,,,,taxable,,1,103,3,0,0,,,,,1,,,513.59,"All Products, Homeware, Homeware > Appliances, Homeware > Appliances > Small Appliances",,,,,,,,,,,,,Impulse,,,,,
,simple,F02837,Down Light Fixed - Gold,1,,visible,,,,,taxable,,1,211,3,0,0,,,,,1,,,12.8,"All Products, Hardware, Hardware > Lighting",,,,,,,,,,,,,Impulse,,,,,
,simple,F02835,Down Light Tilt - White,1,,visible,,,,,taxable,,1,370,3,0,0,,,,,1,,,30.51,"All Products, Hardware, Hardware > Lighting",,,,,,,,,,,,,Impulse,,,,,
,simple,F02836,Down Light Tilt - Chrome,1,,visible,,,,,taxable,,1,474,3,0,0,,,,,1,,,30.51,"All Products, Hardware, Hardware > Lighting",,,,,,,,,,,,,Impulse,,,,,
,simple,F02834,Down Light Tilt - Gun Metal,1,,visible,,,,,taxable,,1,180,3,0,0,,,,,1,,,30.51,"All Products, Hardware, Hardware > Lighting",,,,,,,,,,,,,Impulse,,,,,
,simple,F02844,Down Light Tilt - Gold,1,,visible,,,,,taxable,,1,360,3,0,0,,,,,1,,,30.51,"All Products, Hardware, Hardware > Lighting",,,,,,,,,,,,,Impulse,,,,,
,simple,F03888,Down Light Kit 5W GU10 3PCE - Tilt - White,1,,visible,,,,,taxable,,1,100,3,0,0,,,,,1,,,80.5,"All Products, Hardware, Hardware > Lighting",,,,,,,,,,,,,AUSMA,,,,,
,simple,F03889,Down Light Kit 5W GU10 3PCE - Tilt - Gun Metal,1,,visible,,,,,taxable,,1,100,3,0,0,,,,,1,,,80.5,"All Products, Hardware, Hardware > Lighting",,,,,,,,,,,,,AUSMA,,,,,
,simple,F03666,Down Light Kit 5W GU10 3PCE - Tilt - Chrome,1,,visible,,,,,taxable,,1,271,3,0,0,,,,,1,,,51.44,"All Products, Hardware, Hardware > Lighting",,,,,,,,,,,,,AUSMA,,,,,
,simple,F03887,Down Light Kit 5W GU10 3PCE - Tilt - Gold,1,,visible,,,,,taxable,,1,100,3,0,0,,,,,1,,,80.5,"All Products, Hardware, Hardware > Lighting",,,,,,,,,,,,,AUSMA,,,,,
,simple,F03680,LED Lens Module Spare 18W,1,,visible,,,,,taxable,,1,98,3,0,0,,,,,1,,,34.61,"All Products, Hardware",,,,,,,,,,,,,Redisson,,,,,
,simple,F03661,LED Lens Module Spare 24W,1,,visible,,,,,taxable,,1,79,3,0,0,,,,,1,,,41.78,"All Products, Hardware",,,,,,,,,,,,,Redisson,,,,,
,simple,F03660,LED Lens Module Spare 36W,1,,visible,,,,,taxable,,1,62,3,0,0,,,,,1,,,53.05,"All Products, Hardware",,,,,,,,,,,,,Redisson,,,,,
,simple,F02846,LED Spot Light 5W,1,,visible,,,,,taxable,,1,1,3,0,0,,,,,1,,,10.46,"All Products, Hardware, Hardware > Lighting",,,,,,,,,,,,,TYSON,,,,,
,simple,F02513,Lamp Holder 10's GU10,1,,visible,,,,,taxable,,1,896,3,0,0,,,,,1,,,46.61,"All Products, Hardware, Hardware > Lighting",,,,,,,,,,,,,Impulse,,,,,
,simple,F02247,Element Bucket With Lock Lid 20LT,1,,visible,,,,,taxable,,1,10,3,0,0,,,,,1,,,144.82,"All Products, Hardware, Hardware > Locks & Security, Homeware, Homeware > Cleaning & Organization",,,,,,,,,,,,,Impulse,,,,,
,simple,F03417,LED Ceiling Light Retro 480MM CL025,1,,visible,,,,,taxable,,1,79,3,0,0,,,,,1,,,346.15,"All Products, Hardware, Hardware > Lighting",,,,,,,,,,,,,Impulse,,,,,
,simple,F03418,LED Ceiling Light Retro 480MM CL026,1,,visible,,,,,taxable,,1,16,3,0,0,,,,,1,,,346.15,"All Products, Hardware, Hardware > Lighting",,,,,,,,,,,,,Impulse,,,,,
,simple,F03419,LED Ceiling Light Urban 400MM CL023,1,,visible,,,,,taxable,,1,55,3,0,0,,,,,1,,,378.35,"All Products, Hardware, Hardware > Lighting",,,,,,,,,,,,,Impulse,,,,,
,simple,F03420,LED Ceiling Light Urban 400MM CL024,1,,visible,,,,,taxable,,1,8,3,0,0,,,,,1,,,378.35,"All Products, Hardware, Hardware > Lighting",,,,,,,,,,,,,Impulse,,,,,
,simple,F03695,Ceiling Light Elegance 400MM CL035,1,,visible,,,,,taxable,,1,28,3,0,0,,,,,1,,,529.69,"All Products, Hardware, Hardware > Lighting",,,,,,,,,,,,,Impulse,,,,,
,simple,F03696,Ceiling Light Elegance 400MM CL036,1,,visible,,,,,taxable,,1,8,3,0,0,,,,,1,,,529.69,"All Products, Hardware, Hardware > Lighting",,,,,,,,,,,,,Impulse,,,,,
,simple,F03697,Ceiling Light Elegance 400MM CL037,1,,visible,,,,,taxable,,1,20,3,0,0,,,,,1,,,529.69,"All Products, Hardware, Hardware > Lighting",,,,,,,,,,,,,Impulse,,,,,
,simple,F02492,FOOD SAVER SMALL 5PCE SET BG ASSTD COLOURS,1,,visible,,,,,taxable,,1,10,3,0,0,,,,,1,,,55.54,"All Products, Homeware, Homeware > Storage & Organisation",,,,,,,,,,,,,Impulse,,,,,
,simple,F02358,FOOD SAVER SMALL 5PCE SET BG ASSTD COLOURS,1,,visible,,,,,taxable,,1,87,3,0,0,,,,,1,,,58.76,"All Products, Homeware, Homeware > Storage & Organisation",,,,,,,,,,,,,Impulse,,,,,
,simple,F02886,3PIECE MIA,1,,visible,,,,,taxable,,1,260,3,0,0,,,,,1,,,41.78,"All Products, Homeware, Homeware > Storage & Organisation",,,,,,,,,,,,,Impulse,,,,,
,simple,F02355,3PIECE SET,1,,visible,,,,,taxable,,1,10,3,0,0,,,,,1,,,46.61,"All Products, Homeware, Homeware > Storage & Organisation",,,,,,,,,,,,,Impulse,,,,,
,simple,F02356,5PIECE SET,1,,visible,,,,,taxable,,1,110,3,0,0,,,,,1,,,62.71,"All Products, Homeware, Homeware > Storage & Organisation",,,,,,,,,,,,,Impulse,,,,,
,simple,F01974,Broom Whisk Deluxe,1,,visible,,,,,taxable,,1,10,3,0,0,,,,,1,,,36.95,"All Products, Homeware, Homeware > Cleaning & Organization",,,,,,,,,,,,,Impulse,,,,,
,simple,F02156,Broom Super Deluxe Metal,1,,visible,,,,,taxable,,1,66,3,0,0,,,,,1,,,72.37,"All Products, Homeware, Homeware > Cleaning & Organization",,,,,,,,,,,,,Impulse,,,,,
,simple,F01970,Broom Econo Budget,1,,visible,,,,,taxable,,1,159,3,0,0,,,,,1,,,21.72,"All Products, Homeware, Homeware > Cleaning & Organization",,,,,,,,,,,,,Impulse,,,,,
,simple,F01973,Broom Grip Metal Clip,1,,visible,,,,,taxable,,1,761,3,0,0,,,,,1,,,48.22,"All Products, Homeware, Homeware > Cleaning & Organization",,,,,,,,,,,,,Impulse,,,,,
,simple,F01977,Broom Platform Soft 450MM,1,,visible,,,,,taxable,,1,78,3,0,0,,,,,1,,,73.98,"All Products, Homeware, Homeware > Cleaning & Organization",,,,,,,,,,,,,Impulse,,,,,
,simple,F01976,Broom Platform Hard 300MM,1,,visible,,,,,taxable,,1,2,3,0,0,,,,,1,,,57.88,"All Products, Homeware, Homeware > Cleaning & Organization",,,,,,,,,,,,,Impulse,,,,,
,simple,F01978,Broom Platform Hard 450MM,1,,visible,,,,,taxable,,1,5,3,0,0,,,,,1,,,78.81,"All Products, Homeware, Homeware > Cleaning & Organization",,,,,,,,,,,,,Impulse,,,,,
,simple,F02778,LED Ceiling Light Fancy 28W 390MM - Crystal,1,,visible,,,,,taxable,,1,3,3,0,0,,,,,1,,,346.15,"All Products, Hardware, Hardware > Lighting, Homeware, Homeware > Appliances, Homeware > Appliances > Small Appliances",,,,,,,,,,,,,Impulse,,,,,
,simple,F02873,LED Ceiling Light Fancy 28W 390MM - Ruyi,1,,visible,,,,,taxable,,1,6,3,0,0,,,,,1,,,346.15,"All Products, Hardware, Hardware > Lighting, Homeware, Homeware > Appliances, Homeware > Appliances > Small Appliances",,,,,,,,,,,,,Impulse,,,,,
,simple,F03698 (CL038),Ceiling Light Elegance - Large 500M,1,,visible,,,,,taxable,,1,10,3,0,0,,,,,1,,,419.0,"All Products, Hardware, Hardware > Lighting",,,,,,,,,,,,,Impulse,,,,,
,simple,F03699 (CL039),Ceiling Light Elegance - Large 500M,1,,visible,,,,,taxable,,1,10,3,0,0,,,,,1,,,419.0,"All Products, Hardware, Hardware > Lighting",,,,,,,,,,,,,Impulse,,,,,
,simple,F03701 (CL041),Ceiling Light Elegance - Large 500M,1,,visible,,,,,taxable,,1,10,3,0,0,,,,,1,,,419.0,"All Products, Hardware, Hardware > Lighting",,,,,,,,,,,,,Impulse,,,,,
,simple,F03702 (CL042),Ceiling Light Elegance - Large 500M,1,,visible,,,,,taxable,,1,10,3,0,0,,,,,1,,,419.0,"All Products, Hardware, Hardware > Lighting",,,,,,,,,,,,,Impulse,,,,,
,simple,F03687 (CL027),Ceiling Light Elegance - Large 500M,1,,visible,,,,,taxable,,1,10,3,0,0,,,,,1,,,459.0,"All Products, Hardware, Hardware > Lighting",,,,,,,,,,,,,Impulse,,,,,
,simple,F03688 (CL028),Ceiling Light Elegance - Large 500M,1,,visible,,,,,taxable,,1,10,3,0,0,,,,,1,,,459.0,"All Products, Hardware, Hardware > Lighting",,,,,,,,,,,,,Impulse,,,,,
,simple,F03689 (CL029),Ceiling Light Elegance - Large 500M,1,,visible,,,,,taxable,,1,10,3,0,0,,,,,1,,,459.0,"All Products, Hardware, Hardware > Lighting",,,,,,,,,,,,,Impulse,,,,,
,simple,F03690 (CL030),Ceiling Light Elegance - Large 500M,1,,visible,,,,,taxable,,1,10,3,0,0,,,,,1,,,459.0,"All Products, Hardware, Hardware > Lighting",,,,,,,,,,,,,Impulse,,,,,
,simple,F03691 (CL031),Ceiling Light Elegance - Large 500M,1,,visible,,,,,taxable,,1,10,3,0,0,,,,,1,,,459.0,"All Products, Hardware, Hardware > Lighting",,,,,,,,,,,,,Impulse,,,,,
,simple,F03692 (CL032),Ceiling Light Elegance - Large 500M,1,,visible,,,,,taxable,,1,10,3,0,0,,,,,1,,,459.0,"All Products, Hardware, Hardware > Lighting",,,,,,,,,,,,,Impulse,,,,,
,simple,F02777,MOP (BUDGET) CLIP METAL 200G,1,,visible,,,,,taxable,,1,78,3,0,0,,,,,1,,,26.16,"All Products, Homeware, Homeware > Cleaning & Organization",,,,,,,,,,,,,Impulse,,,,,
,simple,F01983,MOP CLIP METAL JUMBO 350G,1,,visible,,,,,taxable,,1,43,3,0,0,,,,,1,,,41.05,"All Products, Homeware, Homeware > Cleaning & Organization",,,,,,,,,,,,,Impulse,,,,,
,simple,F01984,MOP CLIP METAL 500G,1,,visible,,,,,taxable,,1,140,3,0,0,,,,,1,,,52.32,"All Products, Homeware, Homeware > Cleaning & Organization",,,,,,,,,,,,,Impulse,,,,,
,simple,F03860,Dust Pan & Brush Set Budget,1,,visible,,,,,taxable,,1,2641,3,0,0,,,,,1,,,14.09,"All Products, Hardware, Hardware > Painting & Decorating",,,,,,,,,,,,,Impulse,,,,,
,simple,F03861,Dust Pan & Brush Set,1,,visible,,,,,taxable,,1,2027,3,0,0,,,,,1,,,15.7,"All Products, Hardware, Hardware > Painting & Decorating",,,,,,,,,,,,,Impulse,,,,,
,simple,F03160,Squeegie Metal Handle 50CM,1,,visible,,,,,taxable,,1,6,3,0,0,,,,,1,,,112.62,"All Products, Hardware",,,,,,,,,,,,,Impulse,,,,,
,simple,F03159,Squeegie Rubber Strips Spare Parts,1,,visible,,,,,taxable,,1,47,3,0,0,,,,,1,,,61.1,"All Products, Hardware",,,,,,,,,,,,,Impulse,,,,,
,simple,F03163,Mop Tornado Twist & Turn Ultra Fine Fibre,1,,visible,,,,,taxable,,1,1,3,0,0,,,,,1,,,125.5,"All Products, Homeware, Homeware > Cleaning & Organization",,,,,,,,,,,,,Impulse,,,,,
,simple,F03162,Mop Tornado Twist & Turn Ultra Fine Fibre Purple (Fancy),1,,visible,,,,,taxable,,1,10,3,0,0,,,,,1,,,128.72,"All Products, Homeware, Homeware > Appliances, Homeware > Appliances > Small Appliances, Homeware > Cleaning & Organization",,,,,,,,,,,,,Impulse,,,,,
,simple,F03161,Squeegie Plastic Handle 45CM,1,,visible,,,,,taxable,,1,10,3,0,0,,,,,1,,,128.72,"All Products, Hardware",,,,,,,,,,,,,Impulse,,,,,
,simple,F02503,Broom Whisk Plastic Wooden Handle,1,,visible,,,,,taxable,,1,9497,3,0,0,,,,,1,,,21.33,"All Products, Homeware, Homeware > Cleaning & Organization",,,,,,,,,,,,,Impulse,,,,,
,simple,F02504,Broom Whisk + Handle Fancy Heavy Duty,1,,visible,,,,,taxable,,1,7965,3,0,0,,,,,1,,,33.73,"All Products, Homeware, Homeware > Appliances, Homeware > Appliances > Small Appliances, Homeware > Cleaning & Organization",,,,,,,,,,,,,Impulse,,,,,
,simple,F02249,Toilet Brush And Bowl,1,,visible,,,,,taxable,,1,1754,3,0,0,,,,,1,,,14.47,"All Products, Hardware, Hardware > Painting & Decorating",,,,,,,,,,,,,Impulse,,,,,
,simple,F03618,Water Bottle Assorted Colors 250ML,1,,visible,,,,,taxable,,1,8416,3,0,0,,,,,1,,,45.0,"All Products, Hardware",,,,,,,,,,,,,Impulse,,,,,
,simple,F03395,Water Bottle Jambu 1000ML,1,,visible,,,,,taxable,,1,223,3,0,0,,,,,1,,,20.12,"All Products, Hardware",,,,,,,,,,,,,Squeeze,,,,,
,simple,F03394,Water Bottle Solid Col 1000ML,1,,visible,,,,,taxable,,1,399,3,0,0,,,,,1,,,28.17,"All Products, Hardware",,,,,,,,,,,,,Squeeze,,,,,
,simple,F03393,Water Bottle Jambu 100ML,1,,visible,,,,,taxable,,1,37,3,0,0,,,,,1,,,28.17,"All Products, Hardware",,,,,,,,,,,,,Spring,,,,,
,simple,F03396,Freezer Bottle 1.5LT Asstd,1,,visible,,,,,taxable,,1,1,3,0,0,,,,,1,,,48.22,"All Products, Hardware",,,,,,,,,,,,,Icy,,,,,
,simple,F03965,Bottle 600ML + Lunch Box 1 Combo Pack,1,,visible,,,,,taxable,,1,359,3,0,0,,,,,1,,,36.22,"All Products, Homeware, Homeware > Storage & Organisation",,,,,,,,,,,,,Impulse,,,,,
,simple,F03694,Bottle 600ML + Lunch Box 1.5LT Combo,1,,visible,,,,,taxable,,1,1,3,0,0,,,,,1,,,738.99,"All Products, Homeware, Homeware > Storage & Organisation",,,,,,,,,,,,,Impulse,,,,,
,simple,F03389,Container Square 600ML Lock Lid,1,,visible,,,,,taxable,,1,88,3,0,0,,,,,1,,,19.8,"All Products, Hardware, Hardware > Locks & Security, Homeware, Homeware > Storage & Organisation",,,,,,,,,,,,,Impulse,,,,,
,simple,F02284,Lunch Box Sqr Rani Asstd,1,,visible,,,,,taxable,,1,10,3,0,0,,,,,1,,,8.95,"All Products, Homeware, Homeware > Storage & Organisation",,,,,,,,,,,,,Rani,,,,,
,simple,F03410,LUNCH BOX SET RECTANGLE 4PC,1,,visible,,,,,taxable,,1,209,3,0,0,,,,,1,,,36.22,"All Products, Homeware, Homeware > Storage & Organisation",,,,,,,,,,,,,Impulse,,,,,
,simple,F03412,LUNCH BOX SQUARE 1.3L,1,,visible,,,,,taxable,,1,422,3,0,0,,,,,1,,,15.29,"All Products, Homeware, Homeware > Storage & Organisation",,,,,,,,,,,,,Impulse,,,,,
,simple,F03411,LUNCH BOX SET 12'S RECT. 1.3L,1,,visible,,,,,taxable,,1,100,3,0,0,,,,,1,,,15.29,"All Products, Homeware, Homeware > Storage & Organisation",,,,,,,,,,,,,Impulse,,,,,
,simple,F03408,CEREAL CONTAINER 3PCE SET,1,,visible,,,,,taxable,,1,48,3,0,0,,,,,1,,,112.62,"All Products, Homeware, Homeware > Storage & Organisation",,,,,,,,,,,,,Impulse,,,,,
,simple,F03407,BASIN 60LT WITH HANDLES ASSTD COLOURS,1,,visible,,,,,taxable,,1,142,3,0,0,,,,,1,,,40.73,"All Products, Hardware",,,,,,,,,,,,,Impulse,,,,,
,simple,F03406,BASIN 90LT WITH LINES ASSTD COLOURS,1,,visible,,,,,taxable,,1,115,3,0,0,,,,,1,,,57.88,"All Products, Hardware",,,,,,,,,,,,,Impulse,,,,,
,simple,F03405,BASIN 90LT W/HANDLES ASSTD COLOURS,1,,visible,,,,,taxable,,1,112,3,0,0,,,,,1,,,70.76,"All Products, Hardware",,,,,,,,,,,,,Impulse,,,,,
,simple,F03404,BASIN 130LT WITH LINES ASSTD COLOURS,1,,visible,,,,,taxable,,1,10,3,0,0,,,,,1,,,127.11,"All Products, Hardware",,,,,,,,,,,,,Impulse,,,,,
,simple,F03390,CONTAINERS OVAL RAINBOW 4PCS,1,,visible,,,,,taxable,,1,63,3,0,0,,,,,1,,,29.78,"All Products, Homeware, Homeware > Storage & Organisation",,,,,,,,,,,,,Impulse,,,,,
,simple,F03391,LUNCH BOX SET RECT. 5PC ASSTD COL,1,,visible,,,,,taxable,,1,86,3,0,0,,,,,1,,,64.32,"All Products, Homeware, Homeware > Storage & Organisation",,,,,,,,,,,,,Impulse,,,,,
,simple,F03392,CONTAINER OVAL 7PCS,1,,visible,,,,,taxable,,1,179,3,0,0,,,,,1,,,101.35,"All Products, Homeware, Homeware > Storage & Organisation",,,,,,,,,,,,,Impulse,,,,,
,simple,F03397,TEA - COFFEE - SUGAR CANISTER SET 3PCE,1,,visible,,,,,taxable,,1,32,3,0,0,,,,,1,,,61.98,"All Products, Hardware",,,,,,,,,,,,,Impulse,,,,,
,simple,F03398,STORAGE JAR SET 3PCE,1,,visible,,,,,taxable,,1,6,3,0,0,,,,,1,,,57.88,"All Products, Homeware, Homeware > Storage & Organisation",,,,,,,,,,,,,Impulse,,,,,
,simple,F02026,WINE CUPS 6's ASSTD COLOURS,1,,visible,,,,,taxable,,1,24,3,0,0,,,,,1,,,36.22,"All Products, Hardware",,,,,,,,,,,,,Impulse,,,,,
,simple,F02283,COLLANDER MED PLASTIC ASSTD COL,1,,visible,,,,,taxable,,1,5,3,0,0,,,,,1,,,13.28,"All Products, Hardware",,,,,,,,,,,,,Impulse,,,,,
,simple,F02908,JUG 1.5LT BG ASSORTED COLOURS,1,,visible,,,,,taxable,,1,253,3,0,0,,,,,1,,,12.07,"All Products, Hardware",,,,,,,,,,,,,Impulse,,,,,
,simple,F02910,CONTAINER WITH LID ASSTD COLOURS,1,,visible,,,,,taxable,,1,373,3,0,0,,,,,1,,,32.12,"All Products, Homeware, Homeware > Storage & Organisation",,,,,,,,,,,,,Impulse,,,,,
,simple,F02809,Tuffone Refuse Bags 750 x 950mm 10's,1,,visible,,,,,taxable,,1,637,3,0,0,,,,,1,,,16.9,"All Products, Hardware",,,,,,,,,,,,,Tuffone,,,,,
,simple,F02810,Tuffone Refuse Bags 750 x 950mm 20's,1,,visible,,,,,taxable,,1,540,3,0,0,,,,,1,,,24.95,"All Products, Hardware",,,,,,,,,,,,,Tuffone,,,,,
,simple,F02964,Tuffone Refuse Bags Flat Pack 20's Black Standard 750 x 950mm ± 18 Micron,1,,visible,,,,,taxable,,1,74,3,0,0,,,,,1,,,25.76,"All Products, Hardware",,,,,,,,,,,,,Tuffone,,,,,
,simple,F02963,Tuffone Refuse Bags Flat Pack 20's Clear 800 x 910mm ± 35 Micron,1,,visible,,,,,taxable,,1,41,3,0,0,,,,,1,,,46.61,"All Products, Hardware",,,,,,,,,,,,,Tuffone,,,,,
,simple,F02965,Tuffone Refuse Bags Flat Pack 20's Black Super Strong 750 x 950mm ± 25 Micron,1,,visible,,,,,taxable,,1,71,3,0,0,,,,,1,,,35.34,"All Products, Hardware",,,,,,,,,,,,,Tuffone,,,,,
,simple,F02966,Tuffone Refuse Bags Flat Pack 20's Black Extra Strong 750 x 950mm ± 35 Micron,1,,visible,,,,,taxable,,1,210,3,0,0,,,,,1,,,47.49,"All Products, Hardware",,,,,,,,,,,,,Tuffone,,,,,
,simple,F02315,CONT. SET OVAL 3 IN 1 BG ASSTD COL,1,,visible,,,,,taxable,,1,10,3,0,0,,,,,1,,,11.13,"All Products, Homeware, Homeware > Storage & Organisation",,,,,,,,,,,,,Impulse,,,,,
,simple,F02008,CONT. RECT 2 TONE 1400ML ASSTD COL,1,,visible,,,,,taxable,,1,20,3,0,0,,,,,1,,,28.9,"All Products, Homeware, Homeware > Storage & Organisation",,,,,,,,,,,,,Impulse,,,,,
,simple,F02013,CONT. SQUARE 2 TONE 1400ML ASSTD COL,1,,visible,,,,,taxable,,1,97,3,0,0,,,,,1,,,24.95,"All Products, Homeware, Homeware > Storage & Organisation",,,,,,,,,,,,,Impulse,,,,,
,simple,F02268,BOWL SALAD OTIMA ASSTD COLOURS,1,,visible,,,,,taxable,,1,24,3,0,0,,,,,1,,,52.32,"All Products, Hardware",,,,,,,,,,,,,OTIMA,,,,,
,simple,F02254,BOWL PLASTIC SMALL ASSTD COLOURS,1,,visible,,,,,taxable,,1,10,3,0,0,,,,,1,,,21.75,"All Products, Hardware",,,,,,,,,,,,,Impulse,,,,,
,simple,F02255,BOWL PLASTIC MEDIUM ASSTD COLOURS,1,,visible,,,,,taxable,,1,10,3,0,0,,,,,1,,,58.36,"All Products, Hardware",,,,,,,,,,,,,Impulse,,,,,
,simple,F02256,BOWL PLASTIC LARGE ASSTD COLOURS,1,,visible,,,,,taxable,,1,10,3,0,0,,,,,1,,,77.2,"All Products, Hardware",,,,,,,,,,,,,Impulse,,,,,
,simple,F02351,DUSTPAN & BRUSH SET BG,1,,visible,,,,,taxable,,1,3,3,0,0,,,,,1,,,49.51,"All Products, Hardware, Hardware > Painting & Decorating, Homeware, Homeware > Cleaning & Organization",,,,,,,,,,,,,Impulse,,,,,
,simple,F01211,BABY BATH SMALL ASSTD COLOURS,1,,visible,,,,,taxable,,1,151,3,0,0,,,,,1,,,45.0,"All Products, Hardware",,,,,,,,,,,,,Impulse,,,,,
,simple,F01992,BABY BATH JUMBO OLIVE ASSTD,1,,visible,,,,,taxable,,1,8,3,0,0,,,,,1,,,88.47,"All Products, Hardware",,,,,,,,,,,,,Impulse,,,,,
,simple,F02350,VEGETABLE RACK OVAL ASSTD COL,1,,visible,,,,,taxable,,1,117,3,0,0,,,,,1,,,74.86,"All Products, Homeware, Homeware > Storage & Organisation",,,,,,,,,,,,,Impulse,,,,,
,simple,F02320,VEGETABLE RACK MULTI PURPOSE 3 TIER OTIMA ASSTD,1,,visible,,,,,taxable,,1,139,3,0,0,,,,,1,,,130.33,"All Products, Homeware, Homeware > Storage & Organisation",,,,,,,,,,,,,OTIMA,,,,,
,simple,F02357,ORGANIZER PLASTIC BG CLEAR,1,,visible,,,,,taxable,,1,10,3,0,0,,,,,1,,,65.2,"All Products, Hardware",,,,,,,,,,,,,Impulse,,,,,
,simple,F02909,TEA/COFFEE/SUGAR 3PCE SET ASSTD,1,,visible,,,,,taxable,,1,953,3,0,0,,,,,1,,,39.44,"All Products, Hardware",,,,,,,,,,,,,Impulse,,,,,
,simple,F02366,TRAY PLASTIC ASSTD COLOUR,1,,visible,,,,,taxable,,1,8,3,0,0,,,,,1,,,29.78,"All Products, Hardware",,,,,,,,,,,,,Impulse,,,,,
,simple,F02353,HONEY JAR PLASTIC BG,1,,visible,,,,,taxable,,1,220,3,0,0,,,,,1,,,5.15,"All Products, Hardware",,,,,,,,,,,,,Impulse,,,,,
,simple,F02368,SAUCE DISPENSER 3PCE PLASTIC,1,,visible,,,,,taxable,,1,36,3,0,0,,,,,1,,,40.17,"All Products, Hardware",,,,,,,,,,,,,Impulse,,,,,
,simple,F02352,EGG TRAY 18PCE BG ASSTD COL,1,,visible,,,,,taxable,,1,25,3,0,0,,,,,1,,,37.03,"All Products, Hardware",,,,,,,,,,,,,Impulse,,,,,
,simple,F02329,WATER BOTTLE 250ML ASSTD COLOURS,1,,visible,,,,,taxable,,1,770,3,0,0,,,,,1,,,20.93,"All Products, Hardware",,,,,,,,,,,,,Impulse,,,,,
,simple,F02328,WATER BOTTLE 500ML ASSTD COLOURS,1,,visible,,,,,taxable,,1,1356,3,0,0,,,,,1,,,23.02,"All Products, Hardware",,,,,,,,,,,,,Impulse,,,,,
,simple,F02535,ICE MOULD ICE TRAY PLASTIC,1,,visible,,,,,taxable,,1,2990,3,0,0,,,,,1,,,15.29,"All Products, Hardware",,,,,,,,,,,,,Impulse,,,,,
,simple,F02272,SWEET BOWL PLASTIC 6's ASSTD COL,1,,visible,,,,,taxable,,1,10,3,0,0,,,,,1,,,8.49,"All Products, Hardware",,,,,,,,,,,,,Impulse,,,,,
,simple,F02348,PAINT TRAY ASSTD COL,1,,visible,,,,,taxable,,1,16353,3,0,0,,,,,1,,,12.07,"All Products, Hardware",,,,,,,,,,,,,Impulse,,,,,
,simple,F02762,11OZ MATT 2 TONE GLAZED,1,,visible,,,,,taxable,,1,10,3,0,0,,,,,1,,,10.93,"All Products, Homeware, Homeware > Decor",,,,,,,,,,,,,Impulse,,,,,
,simple,F03930,14OZ MATT GLAZED,1,,visible,,,,,taxable,,1,10,3,0,0,,,,,1,,,0.14,"All Products, Homeware, Homeware > Decor",,,,,,,,,,,,,Impulse,,,,,
,simple,F01240,GLAZED MUG 12-17OZ ASSTD SIZES,1,,visible,,,,,taxable,,1,9362,3,0,0,,,,,1,,,12.8,"All Products, Hardware",,,,,,,,,,,,,Impulse,,,,,
,simple,F01080,MUG 16OZ GLAZED ASSTD SHAPE,1,,visible,,,,,taxable,,1,4,3,0,0,,,,,1,,,14.41,"All Products, Hardware",,,,,,,,,,,,,Impulse,,,,,
,simple,F00785,TRAVEL MUG 425ML,1,,visible,,,,,taxable,,1,1665,3,0,0,,,,,1,,,27.29,"All Products, Hardware",,,,,,,,,,,,,Impulse,,,,,
,simple,F00126,MUG HAND PAINTED,1,,visible,,,,,taxable,,1,10,3,0,0,,,,,1,,,10.45,"All Products, Hardware",,,,,,,,,,,,,Impulse,,,,,
,simple,F02962,Baking Paper Double Sided Non Stick 30CM x 10M,1,,visible,,,,,taxable,,1,10,3,0,0,,,,,1,,,33.0,"All Products, Hardware",,,,,,,,,,,,,Impulse,,,,,
,simple,F02960,Coffee Cup Lids 1000P CS - Black,1,,visible,,,,,taxable,,1,10,3,0,0,,,,,1,,,787.29,"All Products, Hardware",,,,,,,,,,,,,Impulse,,,,,
,simple,F02961,Coffee Cup Lids 1000P CS - White,1,,visible,,,,,taxable,,1,2,3,0,0,,,,,1,,,787.29,"All Products, Hardware",,,,,,,,,,,,,Impulse,,,,,
,simple,F02958,Coffee Cup 8OZ 250ML 25's - Black Cups,1,,visible,,,,,taxable,,1,2,3,0,0,,,,,1,,,1014.3,"All Products, Hardware",,,,,,,,,,,,,Impulse,,,,,
,simple,F02959,Coffee Cup 8OZ 250ML 25's - Craft Cups,1,,visible,,,,,taxable,,1,10,3,0,0,,,,,1,,,1014.3,"All Products, Hardware",,,,,,,,,,,,,Impulse,,,,,
,simple,F01349/008,Mugs 11oz Porcelain Glazed - Coffee Design,1,,visible,,,,,taxable,,1,10,3,0,0,,,,,1,,,8.39,"All Products, Hardware",,,,,,,,,,,,,Impulse,,,,,
,simple,F01314/004,Mugs 11oz Porcelain Glazed - Colorful Circles Design,1,,visible,,,,,taxable,,1,10,3,0,0,,,,,1,,,8.39,"All Products, Hardware",,,,,,,,,,,,,Impulse,,,,,
,simple,F01195/G,Mugs 11oz Porcelain Glazed - Coffee Text Design,1,,visible,,,,,taxable,,1,10,3,0,0,,,,,1,,,8.39,"All Products, Hardware",,,,,,,,,,,,,Impulse,,,,,
,simple,F01278/006,Mugs 11oz Porcelain Glazed - Dots & Stripes Design,1,,visible,,,,,taxable,,1,10,3,0,0,,,,,1,,,8.39,"All Products, Hardware",,,,,,,,,,,,,Impulse,,,,,
,simple,F01346/002,Mugs 11oz Porcelain Glazed - Coffee House Design,1,,visible,,,,,taxable,,1,10,3,0,0,,,,,1,,,8.39,"All Products, Hardware",,,,,,,,,,,,,Impulse,,,,,
,simple,F00368/E,Mugs 11oz Porcelain Glazed - Coffee Cafe Design,1,,visible,,,,,taxable,,1,10,3,0,0,,,,,1,,,8.39,"All Products, Hardware",,,,,,,,,,,,,Impulse,,,,,
,simple,F01276/A,Mugs 11oz Porcelain Glazed - Coffee Cup Design,1,,visible,,,,,taxable,,1,10,3,0,0,,,,,1,,,8.39,"All Products, Hardware",,,,,,,,,,,,,Impulse,,,,,
,simple,F01196/C,Mugs 11oz Porcelain Glazed - Coffee Kaffee Café Design,1,,visible,,,,,taxable,,1,10,3,0,0,,,,,1,,,8.39,"All Products, Hardware",,,,,,,,,,,,,Impulse,,,,,
,simple,F01092/B,Mugs 11oz Porcelain Glazed - Nescafe Coffee Design,1,,visible,,,,,taxable,,1,10,3,0,0,,,,,1,,,8.39,"All Products, Hardware",,,,,,,,,,,,,Impulse,,,,,
,simple,F01279/005,Mugs 11oz Porcelain Glazed - Hearts & Stripes Design,1,,visible,,,,,taxable,,1,10,3,0,0,,,,,1,,,8.39,"All Products, Hardware",,,,,,,,,,,,,Impulse,,,,,
,simple,F00015,Lantern Large - 35CM,1,,visible,,,,,taxable,,1,2,3,0,0,,,,,1,,,123.89,"All Products, Hardware, Hardware > Lighting",,,,,,,,,,,,,Impulse,,,,,
,simple,F02349,Vacuum Flask 3.2LT,1,,visible,,,,,taxable,,1,1815,3,0,0,,,,,1,,,135.16,"All Products, Homeware, Homeware > Kitchen",,,,,,,,,,,,,Ganthermoon,,,,,
,simple,F03371,Hot Water Bottle 1LT + Cover,1,,visible,,,,,taxable,,1,10,3,0,0,,,,,1,,,1932.0,"All Products, Homeware, Homeware > Health & Wellness",,,,,,,,,,,,,Impulse,,,,,
,simple,F02423,GAS GEYSER 12 LITRE,1,,visible,,,,,taxable,,1,10,3,0,0,,,,,1,,,4528.12,"All Products, Hardware",,,,,,,,,,,,,Candere,,,,,
,simple,F01194,12OZ ASSTD DECAL,1,,visible,,,,,taxable,,1,10467,3,0,0,,,,,1,,,13.68,"All Products, Hardware",,,,,,,,,,,,,Impulse,,,,,
,simple,F01348,FINE BONE CHINE COFFEE SHORT MUG,1,,visible,,,,,taxable,,1,566,3,0,0,,,,,1,,,12.8,"All Products, Hardware",,,,,,,,,,,,,Impulse,,,,,
,simple,F01316,FINE BONE CHINE COFFEE SHORT MUG,1,,visible,,,,,taxable,,1,1547,3,0,0,,,,,1,,,12.8,"All Products, Hardware",,,,,,,,,,,,,Impulse,,,,,
,simple,F01350,FINE BONE CHINE COFFEE SHORT MUG,1,,visible,,,,,taxable,,1,2309,3,0,0,,,,,1,,,12.8,"All Products, Hardware",,,,,,,,,,,,,Impulse,,,,,
,simple,F01315,FINE BONE CHINA GRAPHICS DESIGN,1,,visible,,,,,taxable,,1,1383,3,0,0,,,,,1,,,16.02,"All Products, Hardware",,,,,,,,,,,,,Impulse,,,,,
,simple,F01351,FINE BONE CHINA HEARTS DESIGN,1,,visible,,,,,taxable,,1,484,3,0,0,,,,,1,,,16.02,"All Products, Hardware",,,,,,,,,,,,,Impulse,,,,,
,simple,F00618,MUG 8-9OZ ASSORTED COLOUR GLAZED (B-GRADE),1,,visible,,,,,taxable,,1,23020,3,0,0,,,,,1,,,6.91,"All Products, Hardware",,,,,,,,,,,,,Impulse,,,,,
,simple,F01193,111 - 2OZ ASSTD GLAZED 2 COLOR,1,,visible,,,,,taxable,,1,34748,3,0,0,,,,,1,,,13.68,"All Products, Hardware",,,,,,,,,,,,,Impulse,,,,,
,simple,F03248,MUG CERAMIC FANCY WITH MIRROR LID,1,,visible,,,,,taxable,,1,3349,3,0,0,,,,,1,,,61.1,"All Products, Homeware, Homeware > Appliances, Homeware > Appliances > Small Appliances",,,,,,,,,,,,,Impulse,,,,,
,simple,F00293,"7"" Hand Painted",1,,visible,,,,,taxable,,1,13057,3,0,0,,,,,1,,,12.8,"All Products, Hardware",,,,,,,,,,,,,Impulse,,,,,
,simple,F00841,"8.25"" Hand Painted",1,,visible,,,,,taxable,,1,16297,3,0,0,,,,,1,,,16.02,"All Products, Hardware",,,,,,,,,,,,,Impulse,,,,,
,simple,F00344,8.25 Ethnic,1,,visible,,,,,taxable,,1,24901,3,0,0,,,,,1,,,16.02,"All Products, Hardware",,,,,,,,,,,,,Impulse,,,,,
,simple,F02760,"8"" Deep Reactive GL",1,,visible,,,,,taxable,,1,6236,3,0,0,,,,,1,,,22.46,"All Products, Hardware",,,,,,,,,,,,,Impulse,,,,,
,simple,F01090,"5.5"" Glazed Matt Asstd Colours",1,,visible,,,,,taxable,,1,10,3,0,0,,,,,1,,,13.67,"All Products, Homeware, Homeware > Decor",,,,,,,,,,,,,Impulse,,,,,
,simple,F03963,"6"" Bowl Deep Glazed",1,,visible,,,,,taxable,,1,10,3,0,0,,,,,1,,,8.05,"All Products, Hardware",,,,,,,,,,,,,Impulse,,,,,
,simple,F01185,"8"" Reactive Glazed Asstd Bowl",1,,visible,,,,,taxable,,1,10,3,0,0,,,,,1,,,16.02,"All Products, Hardware",,,,,,,,,,,,,Impulse,,,,,
,simple,F01186,"9"" Plate Soup Decal/Full Colour",1,,visible,,,,,taxable,,1,16622,3,0,0,,,,,1,,,14.41,"All Products, Hardware",,,,,,,,,,,,,Impulse,,,,,
,simple,F00623,Rose Designs Spoons 12's Tea Spoon,1,,visible,,,,,taxable,,1,1053,3,0,0,,,,,1,,,24.07,"All Products, Hardware",,,,,,,,,,,,,Impulse,,,,,
,simple,F00624,Rose Designs Spoons 12's Table Spoon,1,,visible,,,,,taxable,,1,4815,3,0,0,,,,,1,,,31.39,"All Products, Hardware",,,,,,,,,,,,,Impulse,,,,,
,simple,F00625,Rose Fork 12's,1,,visible,,,,,taxable,,1,683,3,0,0,,,,,1,,,31.39,"All Products, Hardware",,,,,,,,,,,,,Impulse,,,,,
,simple,F00626,Rose Knife 12's,1,,visible,,,,,taxable,,1,250,3,0,0,,,,,1,,,53.93,"All Products, Hardware, Hardware > Cutting & Grinding",,,,,,,,,,,,,Impulse,,,,,
,simple,F01102,Bread Knife,1,,visible,,,,,taxable,,1,645,3,0,0,,,,,1,,,28.9,"All Products, Hardware, Hardware > Cutting & Grinding",,,,,,,,,,,,,Impulse,,,,,
,simple,F02537,Heavy Duty S/S Fine Dining Table Spoon 6's,1,,visible,,,,,taxable,,1,10,3,0,0,,,,,1,,,40.17,"All Products, Hardware",,,,,,,,,,,,,Impulse,,,,,
,simple,F02538,Heavy Duty S/S Fine Dining Knife 6's,1,,visible,,,,,taxable,,1,174,3,0,0,,,,,1,,,52.32,"All Products, Hardware, Hardware > Cutting & Grinding",,,,,,,,,,,,,Impulse,,,,,
,simple,F01093,Grater Metal 4 Sided,1,,visible,,,,,taxable,,1,402,3,0,0,,,,,1,,,20.12,"All Products, Hardware",,,,,,,,,,,,,Impulse,,,,,
,simple,F01360,Grater Good Quality Asstd Col,1,,visible,,,,,taxable,,1,1042,3,0,0,,,,,1,,,40.17,"All Products, Hardware",,,,,,,,,,,,,Impulse,,,,,
,simple,F00780,Metal Can + Bottle Opener,1,,visible,,,,,taxable,,1,581,3,0,0,,,,,1,,,17.63,"All Products, Hardware",,,,,,,,,,,,,Impulse,,,,,
,simple,F02585,Can Opener Plastic Handle,1,,visible,,,,,taxable,,1,465,3,0,0,,,,,1,,,40.17,"All Products, Hardware",,,,,,,,,,,,,Impulse,,,,,
,simple,F02560,Food Cliper Small Tong,1,,visible,,,,,taxable,,1,737,3,0,0,,,,,1,,,14.41,"All Products, Hardware",,,,,,,,,,,,,Impulse,,,,,
,simple,F02562,Food Clipper 25.5CM Flipper Narrow,1,,visible,,,,,taxable,,1,116,3,0,0,,,,,1,,,27.29,"All Products, Hardware",,,,,,,,,,,,,Impulse,,,,,
,simple,F02563,Food Clipper 23CM Flipper Broad,1,,visible,,,,,taxable,,1,21,3,0,0,,,,,1,,,30.51,"All Products, Hardware",,,,,,,,,,,,,Impulse,,,,,
,simple,F00771,Muffin Tray Cake Mould 6's (Cups),1,,visible,,,,,taxable,,1,1,3,0,0,,,,,1,,,29.78,"All Products, Hardware",,,,,,,,,,,,,Impulse,,,,,
,simple,F00772,Muffin Tray Cake Mould 12's (Cups),1,,visible,,,,,taxable,,1,2,3,0,0,,,,,1,,,56.27,"All Products, Hardware",,,,,,,,,,,,,Impulse,,,,,
,simple,F01184,"4.5"" Decal Asstd",1,,visible,,,,,taxable,,1,6588,3,0,0,,,,,1,,,9.64,"All Products, Hardware",,,,,,,,,,,,,Impulse,,,,,
,simple,F01473,"6"" Decal Porcelain",1,,visible,,,,,taxable,,1,7810,3,0,0,,,,,1,,,14.41,"All Products, Hardware",,,,,,,,,,,,,Impulse,,,,,
,simple,F03400,"7"" Decal Asstd",1,,visible,,,,,taxable,,1,9418,3,0,0,,,,,1,,,15.29,"All Products, Hardware",,,,,,,,,,,,,Impulse,,,,,
,simple,F01474,"8"" Decal Porcelain",1,,visible,,,,,taxable,,1,6152,3,0,0,,,,,1,,,20.85,"All Products, Hardware",,,,,,,,,,,,,Impulse,,,,,
,simple,F01204,"8"" Soup Fancy Decal Porcelain",1,,visible,,,,,taxable,,1,1735,3,0,0,,,,,1,,,14.15,"All Products, Homeware, Homeware > Appliances, Homeware > Appliances > Small Appliances",,,,,,,,,,,,,Impulse,,,,,
,simple,F01543,14CM Glass Diamond,1,,visible,,,,,taxable,,1,10,3,0,0,,,,,1,,,8.52,"All Products, Hardware",,,,,,,,,,,,,Impulse,,,,,
,simple,F03617,"Plate 10.6"" Pasta Plate Reactive",1,,visible,,,,,taxable,,1,5202,3,0,0,,,,,1,,,30.51,"All Products, Hardware",,,,,,,,,,,,,Impulse,,,,,
,simple,F01270,"Bowl White Deep/Salad Bowl 5.5""",1,,visible,,,,,taxable,,1,4840,3,0,0,,,,,1,,,11.25,"All Products, Hardware",,,,,,,,,,,,,Impulse,,,,,
,simple,F00799,"Bowl White Deep/Salad Bowl 7""",1,,visible,,,,,taxable,,1,7560,3,0,0,,,,,1,,,13.68,"All Products, Hardware",,,,,,,,,,,,,Impulse,,,,,
,simple,F00676,"Bowl White Deep/Salad Bowl 6""",1,,visible,,,,,taxable,,1,10,3,0,0,,,,,1,,,6.02,"All Products, Hardware",,,,,,,,,,,,,Impulse,,,,,
,simple,F00677,"Bowl White Deep/Salad Bowl 8""",1,,visible,,,,,taxable,,1,10,3,0,0,,,,,1,,,11.54,"All Products, Hardware",,,,,,,,,,,,,Impulse,,,,,
,simple,F01607,"Bowl 8"" White Embossed Deep Black Rim",1,,visible,,,,,taxable,,1,6199,3,0,0,,,,,1,,,15.76,"All Products, Hardware",,,,,,,,,,,,,Impulse,,,,,
,simple,F02452,Pocket Tissues 3 Ply 10's,1,,visible,,,,,taxable,,1,10,3,0,0,,,,,1,,,39.61,"All Products, Hardware",,,,,,,,,,,,,Impulse,,,,,
,simple,F02451,Toilet Roll 2 Ply 48's Mega Soft,1,,visible,,,,,taxable,,1,17,3,0,0,,,,,1,,,243.43,"All Products, Hardware",,,,,,,,,,,,,Mega Soft,,,,,
,simple,F02449,Paper Towel Roller Jumbo Daisy Soft,1,,visible,,,,,taxable,,1,10,3,0,0,,,,,1,,,48.22,"All Products, Hardware, Hardware > Painting & Decorating",,,,,,,,,,,,,Daisy Soft,,,,,
,simple,F02453,Toilet Roll 18's 2 Ply Daisy 350 Sheets,1,,visible,,,,,taxable,,1,10,3,0,0,,,,,1,,,160.92,"All Products, Hardware",,,,,,,,,,,,,Daisy,,,,,
,simple,F02450,Toilet Roll 1 Ply 48's Virgin,1,,visible,,,,,taxable,,1,3,3,0,0,,,,,1,,,213.32,"All Products, Hardware",,,,,,,,,,,,,Daisy Soft,,,,,
,simple,F03478,Drain Rod 3 x 3M,1,,visible,,,,,taxable,,1,54,3,0,0,,,,,1,,,79.69,"All Products, Hardware",,,,,,,,,,,,,Impulse,,,,,
,simple,F03479,Drain Rod 3 x 5M,1,,visible,,,,,taxable,,1,65,3,0,0,,,,,1,,,112.62,"All Products, Hardware",,,,,,,,,,,,,Impulse,,,,,
,simple,F02784,Aluminium Foil Tray 10PK + Foil Lid 450ML 15 x 12CM x 50MM,1,,visible,,,,,taxable,,1,1004,3,0,0,,,,,1,,,40.17,"All Products, Hardware",,,,,,,,,,,,,Impulse,,,,,
,simple,F02785,Aluminium Foil Tray 10PK + Foil Lid 1100ML 22 x 16CM x 50MM,1,,visible,,,,,taxable,,1,821,3,0,0,,,,,1,,,53.05,"All Products, Hardware",,,,,,,,,,,,,Impulse,,,,,
,simple,F02789,Aluminium Foil Tray 2PK + Plastic Lid 9700ML 52.5 x 32.8CM x 76MM,1,,visible,,,,,taxable,,1,549,3,0,0,,,,,1,,,93.3,"All Products, Hardware",,,,,,,,,,,,,Impulse,,,,,
,simple,F02420,Cleaning Sponge 3 Pack,1,,visible,,,,,taxable,,1,10,3,0,0,,,,,1,,,7.71,"All Products, Homeware, Homeware > Cleaning & Organization",,,,,,,,,,,,,Impulse,,,,,
,simple,F02421,Cleaning Sponge 5 Pack,1,,visible,,,,,taxable,,1,13944,3,0,0,,,,,1,,,12.07,"All Products, Homeware, Homeware > Cleaning & Organization",,,,,,,,,,,,,Impulse,,,,,
,simple,F02422,Pot Scourer 2PK 12KG S/Steel,1,,visible,,,,,taxable,,1,40854,3,0,0,,,,,1,,,5.62,"All Products, Hardware",,,,,,,,,,,,,Impulse,,,,,
,simple,F02540,"Strainer S/S 3 Piece 7"" - 8"" - 10""",1,,visible,,,,,taxable,,1,51,3,0,0,,,,,1,,,27.29,"All Products, Hardware",,,,,,,,,,,,,Impulse,,,,,
,simple,F02541,"Strainer S/S 3 Piece 12"" - 14"" - 16""",1,,visible,,,,,taxable,,1,253,3,0,0,,,,,1,,,46.61,"All Products, Hardware",,,,,,,,,,,,,Impulse,,,,,
,simple,F03619,Diamond Embossed Tumbler Set 3 Piece,1,,visible,,,,,taxable,,1,3388,3,0,0,,,,,1,,,46.61,"All Products, Hardware",,,,,,,,,,,,,Impulse,,,,,
,simple,F03485,Cup & Saucer 12PCS Set White,1,,visible,,,,,taxable,,1,310,3,0,0,,,,,1,,,112.62,"All Products, Hardware",,,,,,,,,,,,,Impulse,,,,,
,simple,F03486,Cup & Saucer 12PCS Set Gold Line,1,,visible,,,,,taxable,,1,463,3,0,0,,,,,1,,,193.12,"All Products, Hardware",,,,,,,,,,,,,Impulse,,,,,
,simple,F02542,Dinner Set 16PC Asstd Designs,1,,visible,,,,,taxable,,1,491,3,0,0,,,,,1,,,288.19,"All Products, Hardware",,,,,,,,,,,,,Impulse,,,,,
,simple,F00725,"Porcelain Fancy Glamour A Grade Printed Plates 10.5"" - Blue White",1,,visible,,,,,taxable,,1,2792,3,0,0,,,,,1,,,25.68,"All Products, Homeware, Homeware > Appliances, Homeware > Appliances > Small Appliances",,,,,,,,,,,,,Impulse,,,,,
,simple,F03929B,PLATE WHITE FINE BONE CHINA ROUND A - GRADE,1,,visible,,,,,taxable,,1,10,3,0,0,,,,,1,,,15.95,"All Products, Hardware",,,,,,,,,,,,,Impulse,,,,,
,simple,F03929A,PLATE WHITE FINE BONE CHINA FLAT A - GRADE,1,,visible,,,,,taxable,,1,10,3,0,0,,,,,1,,,15.95,"All Products, Hardware",,,,,,,,,,,,,Impulse,,,,,
,simple,F00318,"PLATE DINNER WHITE OCTAGONAL 10-11""",1,,visible,,,,,taxable,,1,10,3,0,0,,,,,1,,,19.3,"All Products, Hardware",,,,,,,,,,,,,Impulse,,,,,
,simple,F00493,"PLATE 10.5"" WHITE SQUARE",1,,visible,,,,,taxable,,1,65,3,0,0,,,,,1,,,22.46,"All Products, Hardware",,,,,,,,,,,,,Impulse,,,,,
,simple,F00011,HAND PAINTED PLATE,1,,visible,,,,,taxable,,1,2741,3,0,0,,,,,1,,,17.63,"All Products, Hardware",,,,,,,,,,,,,Impulse,,,,,
,simple,F00450,"ETHNIC PLATE 10.5""",1,,visible,,,,,taxable,,1,11911,3,0,0,,,,,1,,,16.9,"All Products, Hardware",,,,,,,,,,,,,Impulse,,,,,
,simple,F02417,"PLATE 10.5"" GLAZED REACTIVE ASSORTED",1,,visible,,,,,taxable,,1,195,3,0,0,,,,,1,,,18.51,"All Products, Hardware",,,,,,,,,,,,,Impulse,,,,,
,simple,F03962,"PLATE 10.5"" MOONLIGHT ASSORTED",1,,visible,,,,,taxable,,1,10,3,0,0,,,,,1,,,6.44,"All Products, Hardware, Hardware > Lighting",,,,,,,,,,,,,Impulse,,,,,
,simple,F00733,TUMBLER HI-BALL LOOSE,1,,visible,,,,,taxable,,1,39117,3,0,0,,,,,1,,,6.1,"All Products, Hardware",,,,,,,,,,,,,Impulse,,,,,
,simple,F01161,TUMBLER ZOMBIE LOOSE,1,,visible,,,,,taxable,,1,41857,3,0,0,,,,,1,,,8.84,"All Products, Hardware",,,,,,,,,,,,,Impulse,,,,,
,simple,F01159,TUMBLER WILLY LOOSE,1,,visible,,,,,taxable,,1,653,3,0,0,,,,,1,,,9.16,"All Products, Hardware",,,,,,,,,,,,,Impulse,,,,,
,simple,F03319,TUMBLER WHISKEY 270ML,1,,visible,,,,,taxable,,1,17785,3,0,0,,,,,1,,,6.75,"All Products, Hardware",,,,,,,,,,,,,Impulse,,,,,
,simple,F01158,HI-BALL 6 PACK,1,,visible,,,,,taxable,,1,45,3,0,0,,,,,1,,,41.78,"All Products, Hardware",,,,,,,,,,,,,Impulse,,,,,
,simple,F01162,ZOMBIE 6 PACK,1,,visible,,,,,taxable,,1,23,3,0,0,,,,,1,,,54.66,"All Products, Hardware",,,,,,,,,,,,,Impulse,,,,,
,simple,F01160,WILLY 6 PACK,1,,visible,,,,,taxable,,1,2,3,0,0,,,,,1,,,55.85,"All Products, Hardware",,,,,,,,,,,,,Pulse,,,,,
,simple,F01510,RGJC - 15 Tumbler 6's Juice Glass Set 8oz,1,,visible,,,,,taxable,,1,1584,3,0,0,,,,,1,,,59.49,"All Products, Hardware",,,,,,,,,,,,,Impulse,,,,,
,simple,F01516,RGJC - 11 Tumbler 6's Juice Glass Set 8oz,1,,visible,,,,,taxable,,1,1974,3,0,0,,,,,1,,,59.49,"All Products, Hardware",,,,,,,,,,,,,Impulse,,,,,
,simple,F01517,RGJC - 17 Tumbler 6's Juice Glass Set 8oz,1,,visible,,,,,taxable,,1,1488,3,0,0,,,,,1,,,59.49,"All Products, Hardware",,,,,,,,,,,,,Impulse,,,,,
,simple,F01518,RGJC - 14 Tumbler 6's Juice Glass Set 8oz,1,,visible,,,,,taxable,,1,2146,3,0,0,,,,,1,,,59.49,"All Products, Hardware",,,,,,,,,,,,,Impulse,,,,,
,simple,F01512,CRY 5647 Tumbler 6's Juice Glass Set 8oz,1,,visible,,,,,taxable,,1,478,3,0,0,,,,,1,,,59.49,"All Products, Hardware",,,,,,,,,,,,,Impulse,,,,,
,simple,F01513,CRY 5649 Tumbler 6's Juice Glass Set 8oz,1,,visible,,,,,taxable,,1,236,3,0,0,,,,,1,,,59.49,"All Products, Hardware",,,,,,,,,,,,,Impulse,,,,,
,simple,F01515,CRY 5648 Tumbler 6's Juice Glass Set 8oz,1,,visible,,,,,taxable,,1,159,3,0,0,,,,,1,,,59.49,"All Products, Hardware",,,,,,,,,,,,,Impulse,,,,,
,simple,F01514,CRY 5650 Tumbler 6's Juice Glass Set 8oz,1,,visible,,,,,taxable,,1,494,3,0,0,,,,,1,,,59.49,"All Products, Hardware",,,,,,,,,,,,,Impulse,,,,,
,simple,F01509,RGWK - 08 Whisky Glass Set,1,,visible,,,,,taxable,,1,1215,3,0,0,,,,,1,,,77.2,"All Products, Hardware",,,,,,,,,,,,,Impulse,,,,,
,simple,F01511,RGWK - 05 Whisky Glass Set,1,,visible,,,,,taxable,,1,1741,3,0,0,,,,,1,,,77.2,"All Products, Hardware",,,,,,,,,,,,,Impulse,,,,,
,simple,F02826,Rect. Milk Jug 1.6LT,1,,visible,,,,,taxable,,1,2188,3,0,0,,,,,1,,,40.17,"All Products, Hardware",,,,,,,,,,,,,Impulse,,,,,
,simple,F02825,2LT JUG + LID,1,,visible,,,,,taxable,,1,849,3,0,0,,,,,1,,,41.78,"All Products, Hardware",,,,,,,,,,,,,Impulse,,,,,
