wc_id,sku,name,type,published,supplier,regular_price,has_price,has_image,has_desc,categories,gaps
7729,G7T9L7729,Potstory Rose Pot White,simple,False,unknown,,False,True,True,"All Products, Garden, Garden > Garden Pots, Homeware > Decor > Pots & Planters",no_price
7732,3TRB87732,Potstory Scroll Pot White,simple,False,unknown,,False,True,True,"All Products, Garden, Garden > Garden Pots, Homeware > Decor > Pots & Planters",no_price
7739,KPIL47739,Potstory Rib Pot Peach,variable,False,unknown,,False,True,True,"All Products, Garden, Garden > Garden Pots, Homeware > Decor > Pots & Planters",no_price
7744,I16137744,Potstory Acapulco White,variable,False,unknown,,False,True,True,"All Products, Garden, Garden > Garden Pots, Homeware > Decor > Pots & Planters",no_price
7747,4S7C97747,Potstory Shrub Pot Green,simple,False,unknown,,False,True,True,"All Products, Garden, Garden > Garden Pots, Homeware > Decor > Pots & Planters",no_price
7751,75S6W7751,Potstory Swazi Pot Black,simple,False,unknown,,False,True,True,"All Products, Garden, Garden > Garden Pots, Homeware > Decor > Pots & Planters",no_price
7758,34GQT7758,Potstory Oval Pot Small | Medium | Large Peach,variable,False,unknown,,False,True,True,"All Products, Garden, Garden > Garden Pots, Homeware > Decor > Pots & Planters",no_price
7762,AB9187762,Potstory Tivolee Medium/Large Black,variable,False,unknown,,False,True,True,"All Products, Garden, Garden > Garden Pots, Homeware > Decor > Pots & Planters",no_price
7767,6SF6X7767,Potstory Angolan Medium/Large Brown,variable,False,unknown,,False,True,True,"All Products, Garden, Garden > Garden Pots, Homeware > Decor > Pots & Planters",no_price
7768,79O877768,Potstory Elfin Brown,simple,False,unknown,250,True,True,True,"All Products, Garden, Garden > Garden Pots, Homeware > Decor > Pots & Planters",
7769,8H4TZ7769,Potstory Haiti Medium/ Large Brown,variable,False,unknown,,False,True,True,"All Products, Garden, Garden > Garden Pots, Homeware > Decor > Pots & Planters",no_price
7770,77V8M7770,Potstory Octagon Medium/ Large Gold,variable,False,unknown,,False,True,False,"All Products, Garden, Garden > Garden Pots, Homeware > Decor > Pots & Planters",no_price|no_description
7771,4F2DJ7771,Potstory Tortosa Peach,simple,False,unknown,,False,True,True,"All Products, Garden, Garden > Garden Pots, Homeware > Decor > Pots & Planters",no_price
7772,3L7WN7772,Potstory Constantia Brown,simple,False,unknown,,False,True,True,"All Products, Garden, Garden > Garden Pots, Homeware > Decor > Pots & Planters",no_price
7773,9J2VH7773,Potstory Chelsea Window Box Small White,simple,False,unknown,,False,True,True,"All Products, Garden, Garden > Garden Pots, Homeware > Decor > Pots & Planters",no_price
7774,19QTO7774,Potstory Window Basket Small - Black,variable,False,unknown,,False,True,True,"All Products, Garden, Garden > Garden Pots, Homeware > Decor > Pots & Planters",no_price
7775,1DUON7775,Potstory Bonsai Rectangle,simple,True,unknown,350,True,True,True,"All Products, Homeware > Decor, Garden, Garden > Garden Pots, Homeware > Decor > Pots & Planters",
7776,FC9PC7776,Potstory Serena Peach,simple,True,unknown,550,True,True,True,"All Products, Garden, Garden > Garden Pots, Homeware > Decor > Pots & Planters",
7777,RP42Y7777,Potstory Bonsai Pot Peach,simple,True,unknown,150,True,True,True,"All Products, Garden, Garden > Garden Pots, Homeware > Decor > Pots & Planters",
7778,N883V7778,Potstory - Square Pot with Rhino Motive - White,simple,True,unknown,800,True,True,True,"All Products, Homeware > Decor, Garden, Garden > Garden Pots, Homeware > Decor > Pots & Planters",
7779,1O7Z67779,Potstory Square Pot - Peach,simple,True,unknown,600,True,True,True,"All Products, Garden, Garden > Garden Pots, Homeware > Decor > Pots & Planters",
7780,IC4647780,Potstory African Jungle,simple,True,unknown,650,True,True,True,"All Products, Garden, Garden > Garden Pots, Homeware > Decor > Pots & Planters",
7782,U76177782,Potstory Classic,simple,True,unknown,650,True,True,False,"All Products, Garden, Garden > Garden Pots, Homeware > Decor > Pots & Planters",no_description
7783,978H27783,Potstory Window Box,simple,True,unknown,500,True,True,False,"All Products, Garden, Garden > Garden Pots, Homeware > Decor > Pots & Planters",no_description
9402,SMGBLENDBLK,Smeg Retro Jug Blender - Black,simple,False,hirschs,5300,True,True,False,"All Products, Homeware > Appliances, Homeware > Appliances > Small Appliances > Blenders & Mixers, Homeware > Appliances > Small Appliances",no_description
9403,9902044216519,Smeg Retro Jug Blender - Blue,simple,False,hirschs,5300,True,True,False,"All Products, Homeware > Appliances, Homeware > Appliances > Small Appliances > Blenders & Mixers, Homeware, Homeware > Appliances > Small Appliances",no_description
9404,9902044216526,Smeg Retro Jug Blender - Mint,simple,False,hirschs,5300,True,True,False,"All Products, Homeware > Appliances, Homeware > Appliances > Small Appliances > Blenders & Mixers, Homeware > Appliances > Small Appliances",no_description
9405,9902044216533,Smeg Retro Jug Blender - Pink,simple,False,hirschs,5300,True,True,False,"All Products, Homeware > Appliances, Homeware > Appliances > Small Appliances > Blenders & Mixers, Homeware, Homeware > Appliances > Small Appliances",no_description
9406,SMEGCREAM,Smeg Stand Mixer - SMF01 - Cream,simple,False,hirschs,9200,True,True,False,"All Products, Homeware > Appliances, Homeware > Appliances > Small Appliances > Blenders & Mixers, Homeware, Homeware > Appliances > Small Appliances",no_description
9407,SMEGRED,Smeg Stand Mixer - SMF01 - Red,simple,False,hirschs,9200,True,True,False,"All Products, Homeware > Appliances, Homeware > Appliances > Small Appliances > Blenders & Mixers, Homeware, Homeware > Appliances > Small Appliances",no_description
9408,SMEGBLACK,Smeg Stand Mixer - SMF01 - Black,simple,False,hirschs,9200,True,True,False,"All Products, Homeware > Appliances, Homeware > Appliances > Small Appliances > Blenders & Mixers, Homeware, Homeware > Appliances > Small Appliances",no_description
9411,DLGHISCULGRY,Delonghi - Ballerina 4 Slice Toaster,simple,False,hirschs,2950,True,True,True,"Homeware > Appliances, Homeware, Homeware > Appliances > Small Appliances > Kettles & Toasters, Homeware > Appliances > Small Appliances",
9416,9902025256725,Mellerware - 500ml 25W Zest Citrus Juicer - Black,simple,False,unknown,420,True,False,False,"All Products, Homeware > Appliances, Homeware, Homeware > Appliances > Small Appliances",no_image|no_description
9428,PSILW,Potstory - Large Classic Round Pot - White,simple,True,unknown,300,True,True,True,"All Products, Garden, Garden > Garden Pots, Homeware > Decor > Pots & Planters",
9429,PSIMW,Potstory - Medium Classic Round Pot - White,simple,True,unknown,750,True,True,True,"All Products, Garden, Garden > Garden Pots, Homeware > Decor > Pots & Planters",
9430,PSAJB,Potstory - Square Pot with Elephant Motive - Brown,simple,True,unknown,750,True,True,True,"All Products, Garden, Garden > Garden Pots, Homeware > Decor > Pots & Planters",
9431,PSAJW,Potstory - Square Pot with Elephant Motive - White,simple,False,unknown,800,True,True,True,"All Products, Garden, Garden > Garden Pots, Homeware > Decor > Pots & Planters",
9432,PSSPB,Potstory - Classic Square Pot - Brown,simple,True,unknown,750,True,True,True,"All Products, Garden, Garden > Garden Pots, Homeware > Decor > Pots & Planters",
9433,PSRPB,Potstory Classic Round Rose Pot - Brown,simple,True,unknown,750,True,True,True,"All Products, Garden, Garden > Garden Pots, Homeware > Decor > Pots & Planters",
9434,PSRPW,Potstory - Classic Round Rose Pot - White,simple,False,unknown,750,True,True,True,"All Products, Garden, Garden > Garden Pots, Homeware > Decor > Pots & Planters",
9462,9902044216298,Smeg - Hand Blender Set - Black,simple,False,hirschs,2850,True,True,False,"All Products, Homeware > Appliances, Homeware > Appliances > Small Appliances > Blenders & Mixers, Homeware > Appliances > Small Appliances",no_description
9463,9902044216335,Smeg - Hand Blender Set - Cream,simple,True,hirschs,2850,True,True,False,"All Products, Homeware > Appliances, Homeware > Appliances > Small Appliances > Blenders & Mixers, Homeware > Appliances > Small Appliances",no_description
9464,9902044216328,Smeg - Hand Blender Set - Blue,simple,True,hirschs,2850,True,True,False,"All Products, Homeware > Appliances, Homeware > Appliances > Small Appliances > Blenders & Mixers, Homeware > Appliances > Small Appliances",no_description
9465,9902044216311,Smeg - Hand Blender Set - Red,simple,False,hirschs,2850,True,True,False,"All Products, Homeware > Appliances, Homeware > Appliances > Small Appliances > Blenders & Mixers, Homeware > Appliances > Small Appliances",no_description
9484,9902031123158,Instant Pot Duo 7-in-1 Smart Pressure Cooker (8L),simple,True,unknown,3299,True,True,True,"All Products, Homeware > Appliances, Homeware > Appliances > Small Appliances > Cookers, Homeware, Homeware > Appliances > Small Appliances",
9490,9902031455624,Kango Camping Kettle - 3.5L,simple,False,unknown,285,True,True,False,"All Products, Homeware > Kitchenware > Cookware & Bakeware, Homeware, Homeware > Appliances > Small Appliances > Kettles & Toasters, Homeware > Kitchenware, Homeware > Appliances > Small Appliances",no_description
9495,9902031123134,Instant Pot Duo 60 - 7-in-1 Smart Cooker,simple,True,unknown,2800,True,True,True,"All Products, Homeware > Appliances, Homeware > Appliances > Small Appliances > Cookers, Homeware, Homeware > Appliances > Small Appliances",
9507,F02042-1,3 Pack Selectrix: Plug Adaptor - White - 1 x Round 2 pin 16A with 1 x 2 pin 5A,simple,False,unknown,55,True,True,True,"All Products, Hardware > Electrical, Hardware > Electrical > Multiplugs & Adapters",
9515,9902029857010,Smeg Retro Jug Blender - White,simple,True,hirschs,4600,True,True,False,"All Products, Homeware > Appliances, Homeware > Appliances > Small Appliances > Blenders & Mixers, Homeware, Homeware > Appliances > Small Appliances",no_description
9517,F02095,5m Extension Cord,simple,True,impulse,160,True,True,True,"All Products, Hardware > Electrical, Hardware > Electrical > Extension Cords, Lifestyle & Everyday Essentials > Under R99",
9526,9902025245392,Homestar 4 Bar Electric Heater,simple,True,unknown,1100,True,True,False,"All Products, Homeware > Appliances, Homeware > Fans & Heaters, Homeware > Appliances > Small Appliances",no_description
9530,9902025099612,1.4L Hart Camping Teapot,simple,False,unknown,180,True,True,True,"Homeware > Kitchenware > Cookware & Bakeware, Homeware, Homeware > Appliances > Small Appliances > Kettles & Toasters, Homeware > Kitchenware",
9534,F02098,11 Way Multi-Plug With Switches,simple,False,impulse,295,True,True,True,"All Products, Hardware > Electrical, Homeware > Appliances > Fridges, Hardware > Electrical > Multiplugs & Adapters",
9553,9902025099582,Hart - J7 21 Litre Stew Pan,simple,False,unknown,890,True,False,False,"All Products, Homeware",no_image|no_description
9554,9902031267425,Round Bamboo Cutting Board,simple,True,unknown,200,True,True,True,"Homeware > Kitchenware > Cookware & Bakeware, Homeware, Homeware > Kitchenware, Lifestyle & Everyday Essentials > Under R99",
9555,9902025099605,Hart 7L Aluminium Stewpan,simple,False,unknown,460,True,False,False,"All Products, Homeware",no_image|no_description
9561,F00249,Charcoal Iron Rooster,simple,True,impulse,195,True,True,True,"All Products, Homeware > Appliances, Homeware > Cleaning & Organization, Homeware > Decor, Homeware, Homeware > Appliances > Small Appliances > Irons, Homeware > Cleaning & Organization > Laundry, Hardware > Electrical > Loadshedding, Homeware > Appliances > Small Appliances",
9562,F00273,Sad Iron Chrome,simple,True,impulse,180,True,True,False,"All Products, Homeware > Appliances, Homeware > Cleaning & Organization, Homeware > Decor, Homeware, Homeware > Appliances > Small Appliances > Irons, Homeware > Cleaning & Organization > Laundry, Hardware > Electrical > Loadshedding, Homeware > Appliances > Small Appliances",no_description
9578,F02080,3 Pin 3 way R-09 Adapter,simple,False,impulse,170,True,True,True,"All Products, Hardware > Electrical, Hardware > Electrical > Multiplugs & Adapters, Lifestyle & Everyday Essentials > Under R99",
9579,F02096,7 Way Multi Plug Power Adaptor + Switch,simple,True,impulse,155,True,True,True,"All Products, Hardware > Electrical, Hardware > Electrical > Multiplugs & Adapters",
9584,F01603,Plastic Party Chair Black,simple,False,impulse,100,True,True,True,"Furniture > Chairs, Furniture, Garden, Garden > Garden Furniture, Lifestyle & Everyday Essentials > Under R99",
9586,9902031267548,Kitchen Accessories - Cutting Board - Bamboo,simple,True,unknown,220,True,True,True,"Homeware > Kitchenware > Cookware & Bakeware, Homeware, Homeware > Kitchenware",
9600,9902031454689,Portable Electric Immersion Water Heating Rod Element,simple,False,unknown,170,True,False,False,All Products,no_image|no_description
9601,F00002,20 Piece Bamboo Clothes Pegs,simple,True,impulse,60,True,True,True,"Lifestyle & Everyday Essentials > Under R99, All Products, Homeware, Homeware > Cleaning & Organization, Homeware > Cleaning & Organization > Laundry",
9602,9902033172833,Nylon Ski Rope,variable,False,makokoya,,False,True,True,"Hardware > Buidling Materials, Hardware, Hardware > Locks & Clamps, Lifestyle & Everyday Essentials > Under R99",no_price
9607,9902022757843,Immersion Water Heater 1500W,simple,False,unknown,130,True,False,False,All Products,no_image|no_description
9609,9902030019063,Buff Packing Tape-48mm*100m-36 in A Case,simple,False,unknown,1200,True,True,False,"All Products, Lifestyle & Everyday Essentials > Stationery",no_description
9610,9902030019322,6*Buff Packing Tape-48mm*100m,simple,False,unknown,410,True,True,False,"All Products, Lifestyle & Everyday Essentials > Stationery",no_description
9615,F02018,Lunch 5 Piece Storage Containers,simple,False,impulse,280,True,True,True,"All Products, Homeware > Decor, Homeware > Kitchenware > Food Storage Containers, Homeware, Homeware > Kitchenware, Lifestyle & Everyday Essentials > Under R99",
9619,9902025249062,Sunbeam Hair Straightener Black (SPS-955),simple,True,unknown,520,True,True,False,"Homeware > Appliances, Homeware, Homeware > Appliances > Small Appliances > Irons, Homeware > Appliances > Small Appliances > Personal Care, Homeware > Appliances > Small Appliances",no_description
9620,9902025248812,Sunbeam SHD-1600A Deluxe Hair Dryer (1600w),simple,False,unknown,650,True,True,False,"Homeware > Appliances, Homeware, Homeware > Appliances > Small Appliances > Irons, Homeware > Appliances > Small Appliances",no_description
9623,9902031454696,Electric Water Heating Element-black,simple,False,unknown,150,True,False,False,All Products,no_image|no_description
9625,9902025248607,Condere Professional Hair Dryer 1800W,simple,True,unknown,420,True,True,False,"Homeware > Appliances, Homeware, Homeware > Appliances > Small Appliances > Irons, Homeware > Appliances > Small Appliances > Personal Care, Homeware > Appliances > Small Appliances",no_description
9627,F01877,Metal Rat Trap,simple,True,impulse,100,True,True,True,"All Products, Hardware, Hardware > Locks & Clamps, Lifestyle & Everyday Essentials > Under R99",
9639,9902025097144,Padel Balls - 3-Pack,simple,True,unknown,190,True,True,False,"Lifestyle & Everyday Essentials > Fitnastics, Lifestyle & Everyday Essentials, Lifestyle & Everyday Essentials > Novelty, Lifestyle & Everyday Essentials > Padel > Padel Rackets",no_description
9640,F01989,Feather Duster Short,simple,False,impulse,120,True,True,False,"All Products, Homeware > Cleaning & Organization > Cleaning, Homeware, Lifestyle & Everyday Essentials > Under R99",no_description
9643,F01982,Value Pack 10 x Shoe Brush Wooden Black,simple,False,impulse,130,True,True,True,"All Products, Homeware > Cleaning & Organization > Brushware, Homeware, Lifestyle & Everyday Essentials > Under R99",
9644,F01981,Value Pack 10 x Shoe Brush Wooden Back - White,simple,False,impulse,130,True,True,True,"All Products, Homeware > Cleaning & Organization > Brushware, Homeware, Lifestyle & Everyday Essentials > Under R99",
9657,stoneglowcandle,Stoneglow - Frangipani Scented Candle,simple,True,unknown,1020,True,True,False,"All Products, Homeware > Decor > Candles & Holders, Lifestyle & Everyday Essentials > Novelty",no_description
9658,stonetruf,Stoneglow Truffle d'ORIENT - Scented Candle,simple,False,unknown,1050,True,True,False,"All Products, Homeware > Decor > Candles & Holders, Homeware > Decor, Lifestyle & Everyday Essentials, Lifestyle & Everyday Essentials > Novelty",no_description
9701,FLZ9PCSS,Falez - 9 Piece Stainless Steel Set,simple,False,unknown,2300,True,True,False,"All Products, Homeware > Kitchenware > Cookware & Bakeware, Homeware, Homeware > Kitchenware",no_description
9704,FlzBP9pc,Falez Black Plus 9pc Set,simple,True,unknown,3000,True,True,False,"All Products, Homeware > Kitchenware > Cookware & Bakeware, Homeware, Homeware > Kitchenware",no_description
9706,FLZ-SCR-CR-28,Falez Non-Stick Shallow Casserole - 28 cm,simple,False,unknown,890,True,True,False,"All Products, Homeware > Kitchenware > Cookware & Bakeware, Homeware, Homeware > Kitchenware",no_description
9707,FLZ-SCR-CR-30,Falez Non-Stick Shallow Casserole - 30 cm,simple,False,unknown,900,True,True,False,"All Products, Homeware > Kitchenware > Cookware & Bakeware, Homeware, Homeware > Kitchenware",no_description
9709,FLZ-FPN-CR-20,Falez Creamy Range Frying Pan - 20 cm,simple,True,unknown,450,True,True,False,"All Products, Homeware > Kitchenware > Cookware & Bakeware, Homeware, Homeware > Kitchenware",no_description
9710,FLZ-FPN-CR-24,Falez Creamy Range Frying Pan - 24 cm,simple,True,unknown,500,True,True,False,"All Products, Homeware > Kitchenware > Cookware & Bakeware, Homeware, Homeware > Kitchenware",no_description
9711,FLZ-FPN-CR-26,Falez Creamy Range Frying Pan - 26 cm,simple,True,unknown,550,True,True,False,"All Products, Homeware > Kitchenware > Cookware & Bakeware, Homeware, Homeware > Kitchenware",no_description
9712,FLZ-FPN-CR-28,Falez Creamy Range Frying Pan - 28 cm,simple,True,unknown,600,True,True,False,"Homeware > Kitchenware > Cookware & Bakeware, All Products, Homeware, Homeware > Kitchenware",no_description
9713,FLZ-DCR-CR-24,Falez Non-Stick Deep Casserole - 24 cm,simple,False,unknown,830,True,True,False,"All Products, Homeware > Kitchenware > Cookware & Bakeware, Homeware, Homeware > Kitchenware",no_description
9714,FLZ-DCR-CR-26,Falez Non-Stick Deep Casserole - 26 cm,simple,False,unknown,800,True,True,False,"All Products, Homeware > Kitchenware > Cookware & Bakeware, Homeware, Homeware > Kitchenware",no_description
9715,FLZ-DCR-CR-28,Falez Non-Stick Deep Casserole - 28 cm,simple,False,unknown,900,True,True,False,"All Products, Homeware > Kitchenware > Cookware & Bakeware, Homeware, Homeware > Kitchenware",no_description
9719,FLZ-ULT-SI-09,Falez Ultima Grainstone 9pc Pot Set,simple,False,unknown,3200,True,True,False,"All Products, Homeware > Kitchenware > Cookware & Bakeware, Homeware, Homeware > Kitchenware",no_description
9723,F00042-01,Hot Water bottle,variable,True,unknown,,False,True,True,"Homeware > Fans & Heaters, Lifestyle & Everyday Essentials, Lifestyle & Everyday Essentials > Novelty, Lifestyle & Everyday Essentials > Under R99",no_price
9729,OmsCM3273,OMS - Cake Mould - Gold,simple,False,unknown,,False,False,False,"All Products, Homeware",no_price|no_image|no_description
9735,9902025099513,Cadac - Gas Cylinder 5 kg,simple,False,power_warehouse,900,True,False,False,"All Products, Hardware > Electrical > Loadshedding",no_image|no_description
9736,9902025099537,Cadac - Gas Cooker Eazi,simple,False,power_warehouse,300,True,False,False,"All Products, Hardware > Electrical > Loadshedding",no_image|no_description
9737,9902025099544,Cadac - Gas Power Cooker,simple,False,power_warehouse,390,True,False,False,"All Products, Hardware > Electrical > Loadshedding",no_image|no_description
9738,9902025099506,Cadac - Gas Cylinder 3 kg,simple,False,power_warehouse,750,True,False,False,"All Products, Hardware > Electrical > Loadshedding",no_image|no_description
9750,9902026634867,Falez Creamy Granitec Grill-Pan - 28 cm,simple,False,unknown,590,True,False,False,"All Products, Homeware",no_image|no_description
9755,F02039,Adaptor 1X2 Pin Sq Pin R17 Redisson (Pack of 5),simple,True,impulse,79,True,True,True,"All Products, Hardware > Electrical, Hardware > Electrical > Multiplugs & Adapters, Lifestyle & Everyday Essentials > Under R99",
9769,9902030363968,Potstory Fern Vase,simple,True,unknown,800,True,True,True,"Garden, Garden > Garden Pots, Homeware > Decor > Pots & Planters, Homeware > Decor > Vases",
9770,9902030363975,Potstory Blue and Red Fern Vase,simple,True,unknown,800,True,True,True,"Garden, Garden > Garden Pots, Homeware > Decor > Pots & Planters, Homeware > Decor > Vases",
9771,9902030363982,Potstory Red And Green Fern Vase,simple,False,unknown,750,True,True,False,"All Products, Garden, Garden > Garden Pots, Homeware > Decor > Pots & Planters, Homeware > Decor > Vases",no_description
9772,9902030363999,Potstory Metal Finish Meadow Pot,simple,True,unknown,750,True,True,True,"All Products, Garden, Garden > Garden Pots, Homeware > Decor > Pots & Planters",
9773,9902030364002,Potstory Marble Finish Meadow Pot White,simple,True,unknown,750,True,True,False,"All Products, Garden, Garden > Garden Pots, Homeware > Decor > Pots & Planters",no_description
9774,9902030364019,Potstory Wood Finish Pinnacle Brown,simple,False,unknown,650,True,True,False,"All Products, Garden, Garden > Garden Pots, Homeware > Decor > Pots & Planters",no_description
9776,9902030364439,Potstory Bonsai Pot White,simple,True,unknown,350,True,True,False,"All Products, Garden, Garden > Garden Pots, Homeware > Decor > Pots & Planters",no_description
9777,9902030364446,Potstory Flora Pot Light Grey,simple,True,unknown,400,True,True,True,"All Products, Garden, Garden > Garden Pots, Homeware > Decor > Pots & Planters",
9778,9902030364453,Potstory Elfin Pot Brown,simple,False,unknown,350,True,True,True,"All Products, Garden, Garden > Garden Pots, Homeware > Decor > Pots & Planters",
9779,9902030364460,Potstory Desk Bowl Brown,simple,False,unknown,350,True,True,True,"All Products, Garden, Garden > Garden Pots, Homeware > Decor > Pots & Planters",
9780,9902030364477,Potstory Bowl Pot Brown Large,simple,True,unknown,650,True,True,True,"All Products, Garden, Garden > Garden Pots, Homeware > Decor > Pots & Planters",
9781,9902030364484,Potstory Wall Pot Brown,simple,False,unknown,500,True,True,True,"All Products, Garden, Garden > Garden Pots, Homeware > Decor > Pots & Planters",
9782,9902030364491,Potstory Cuban Pot Light Grey,simple,False,unknown,500,True,True,True,"All Products, Garden, Garden > Garden Pots, Homeware > Decor > Pots & Planters",
9783,9902030364507,Potstory Scroll Pot Brown,simple,False,unknown,550,True,True,False,"All Products, Garden, Garden > Garden Pots, Homeware > Decor > Pots & Planters",no_description
9784,9902030364514,Potstory Cordoba Pot Green,simple,False,unknown,550,True,True,True,"All Products, Garden, Garden > Garden Pots, Homeware > Decor > Pots & Planters",
9785,9902030364521,Potstory Centurion Pot Light Grey,simple,True,unknown,550,True,True,False,"All Products, Garden, Garden > Garden Pots, Homeware > Decor > Pots & Planters",no_description
9786,9902030364538,Potstory Amber Pot Black,simple,True,unknown,550,True,True,True,"All Products, Garden, Garden > Garden Pots, Homeware > Decor > Pots & Planters",
9787,9902030364545,Potstory Tweed Pot Brown,simple,False,unknown,600,True,True,True,"All Products, Garden, Garden > Garden Pots, Homeware > Decor > Pots & Planters",
9788,9902030364552,Potstory Pinnacle Pot Black,simple,False,unknown,600,True,True,True,"All Products, Garden, Garden > Garden Pots, Homeware > Decor > Pots & Planters",
9789,9902030407747,Stoneglow Oroblanco & Cardamom Diffuser,simple,False,unknown,980,True,True,False,"All Products, Homeware > Decor > Candles & Holders, Homeware > Decor, Homeware, Homeware > Decor > Kitchen & Table Accessories, Lifestyle & Everyday Essentials, Lifestyle & Everyday Essentials > Novelty",no_description
9790,9902030407761,Stoneglow Mystique Diffuser,simple,False,unknown,980,True,True,False,"All Products, Homeware > Decor > Candles & Holders, Homeware > Decor, Homeware, Homeware > Decor > Kitchen & Table Accessories, Lifestyle & Everyday Essentials, Lifestyle & Everyday Essentials > Novelty",no_description
9791,9902030407778,Viva Cortica 0.65l Glass Cork Storage,simple,False,unknown,250,True,False,False,"All Products, Homeware",no_image|no_description
9794,9902033081333,10m Ratchet Strap 50mm Wide Lashing Tie Down,simple,False,unknown,150,True,True,False,"Hardware, Hardware > Locks & Clamps, Hardware > Hand Tools > Measuring Tapes",no_description
9797,F02222,"Alco Wall Scraper TPR Handle 6""",simple,True,impulse,190,True,True,True,"All Products, Hardware, Hardware > Hand Tools > Wall Scrapers",
9807,F02245,Wrench Adjustable Pipe,simple,False,impulse,115.95,True,True,True,"Hardware > Hand Tools, Hardware, Hardware > Hand Tools > Tightening & Fastening, Lifestyle & Everyday Essentials > Under R99",
9808,F02243,Mobile & Jewellery Precision 5 Piece Screwdriver Set,simple,False,impulse,200,True,True,True,"All Products, Hardware > Hand Tools, Hardware, Hardware > Hand Tools > Tightening & Fastening",
9832,9902039570565,The Novelty Box Beard Oil,simple,True,unknown,80,True,True,True,"Lifestyle & Everyday Essentials > Novelty, Lifestyle & Everyday Essentials > Under R99",
9845,F02007,1.5L Plastic Jug Elite,simple,False,impulse,170,True,True,True,"All Products, Homeware, Homeware > Dining > Jugs & Sets, Homeware > Kitchenware, Lifestyle & Everyday Essentials > Under R99",
9846,F02031,Plastic Hangers - 20-Pack,simple,False,impulse,170,True,True,True,"All Products, Homeware > Cleaning & Organization, Homeware, Homeware > Cleaning & Organization > Laundry, Lifestyle & Everyday Essentials > Under R99",
9847,F02009,Rectangular Two Toned Container 700ml,simple,True,impulse,160,True,True,True,"All Products, Homeware > Kitchenware > Food Storage Containers, Homeware, Homeware > Kitchenware, Lifestyle & Everyday Essentials > Under R99",
9848,9902039992442,Container Rectangular Two Toned 1400ml,simple,False,unknown,170,True,True,True,"All Products, Homeware > Kitchenware > Food Storage Containers, Homeware, Homeware > Kitchenware, Lifestyle & Everyday Essentials > Under R99",
9850,F02010,Round Two Toned Container 1000ml,simple,False,impulse,160,True,True,True,"All Products, Homeware > Kitchenware > Food Storage Containers, Homeware, Homeware > Kitchenware, Lifestyle & Everyday Essentials > Under R99",
9851,F02011,Round Two Toned Container 1600ml,simple,True,impulse,170,True,True,True,"All Products, Homeware > Kitchenware > Food Storage Containers, Homeware, Homeware > Kitchenware, Lifestyle & Everyday Essentials > Under R99",
9858,9902040162957,Trio of Tricolor Vases,simple,False,unknown,850,True,False,False,"All Products, Homeware, Homeware > Decor > Vases",no_image|no_description
9859,9902040162964,Potstory White Planter with Wooden Stand,simple,False,unknown,1100,True,True,False,"All Products, Garden, Garden > Garden Pots, Homeware > Decor > Pots & Planters, Homeware > Decor > Vases",no_description
9860,9902040162971,Trio of Brown Cylindrical Vases,simple,False,unknown,850,True,False,False,"All Products, Homeware, Homeware > Decor > Vases",no_image|no_description
9861,9902040162988,Portrait Vase,simple,False,unknown,600,True,False,False,"All Products, Homeware, Homeware > Decor > Vases",no_image|no_description
9862,9902040162995,Potstory - Small Red,simple,False,unknown,800,True,True,False,"All Products, Homeware > Decor, Garden, Garden > Garden Pots, Homeware > Decor > Pots & Planters, Homeware > Decor > Vases",no_description
9863,9902040163008,Teal Geometrical Vase,simple,False,unknown,550,True,False,False,"All Products, Homeware, Homeware > Decor > Vases",no_image|no_description
9870,9902043651403,Electrosense 6 Way Multiplug,simple,False,unknown,320,True,True,False,"All Products, Hardware > Electrical, Hardware > Electrical > Multiplugs & Adapters",no_description
9872,9902044317308,Happy Harvesting Hand & Body Cream Tube,simple,False,unknown,170,True,True,True,All Products,
9873,9902044317322,Happy Harvesting Organic Drakensburg Shampoo,simple,False,unknown,150,True,True,False,"All Products, Homeware > Appliances > Small Appliances > Personal Care",no_description
9874,9902044317339,Happy Harvesting Massage Oil 250ml,simple,False,unknown,290,True,True,False,All Products,no_description
9875,9902044317346,Happy Harvesting Lip Balm 10g,simple,False,unknown,120,True,True,False,All Products,no_description
9877,9902044382962,Bosch DesignLine Kettle & Toaster Breakfast Combo,variable,False,hirschs,,False,True,False,"All Products, Homeware > Appliances, Homeware > Appliances > Small Appliances > Kettles & Toasters, Homeware > Appliances > Small Appliances",no_price|no_description
9895,F02072,C-Breaker Din Rail Black 10A,simple,False,impulse,135,True,True,False,"All Products, Hardware > Electrical > Earth Leakage, Hardware > Electrical, Lifestyle & Everyday Essentials > Under R99",no_description
9896,F02073,C-Breaker Din Rail Black 20A,simple,False,impulse,145,True,True,False,"All Products, Hardware > Electrical > Earth Leakage, Hardware > Electrical, Lifestyle & Everyday Essentials > Under R99",no_description
9897,F02074,C-Breaker Din Rail Black 25A,simple,False,impulse,155,True,True,False,"All Products, Hardware > Electrical > Earth Leakage, Hardware > Electrical, Lifestyle & Everyday Essentials > Under R99",no_description
9898,F02075,C-Breaker Din Rail Black 32A,simple,False,impulse,165,True,True,False,"All Products, Hardware > Electrical > Earth Leakage, Hardware > Electrical, Lifestyle & Everyday Essentials > Under R99",no_description
9899,F02076,C-Breaker Din Rail Black 40A,simple,False,impulse,175,True,True,False,"All Products, Hardware > Electrical > Earth Leakage, Hardware > Electrical, Lifestyle & Everyday Essentials > Under R99",no_description
9900,F02077,C-Breaker Din Rail Black 50A,simple,False,impulse,185,True,True,False,"All Products, Hardware > Electrical > Earth Leakage, Hardware > Electrical, Lifestyle & Everyday Essentials > Under R99",no_description
9930,F02236-01,Alco Brick Laying Trowel TRP Handle,variable,False,unknown,,False,True,True,"Hardware > Hand Tools, Hardware, Hardware > Hand Tools > Trowels",no_price
9931,F02239-01,Alco Brick Laying Trowel TRP Handle - Pointed,variable,True,unknown,,False,True,True,"Hardware > Hand Tools, Hardware, Hardware > Hand Tools > Trowels, Lifestyle & Everyday Essentials > Under R99",no_price
9932,F02234-01,Alco Brick Laying Trowel TRP Wooden Handle,variable,True,unknown,,False,True,True,"Hardware > Hand Tools, Hardware, Hardware > Hand Tools > Trowels, Lifestyle & Everyday Essentials > Under R99",no_price
9933,F00951,Alco Trowel -Rubber Handle,simple,False,impulse,290,True,True,True,"Hardware > Hand Tools, Hardware, Hardware > Hand Tools > Trowels, Lifestyle & Everyday Essentials > Under R99",
9935,F01340-01,Alco Trowel Tiler's Notch,variable,True,unknown,,False,True,True,"Hardware > Hand Tools, Hardware, Hardware > Hand Tools > Trowels, Lifestyle & Everyday Essentials > Under R99",no_price
9936,F02211,"Alco Trowel Wooden Handle 1""",simple,False,impulse,160,True,True,True,"Hardware > Hand Tools, Hardware, Hardware > Hand Tools > Trowels, Lifestyle & Everyday Essentials > Under R99",
9937,F02240,Alco Trowel Plastic (280mm x 130),simple,False,impulse,210,True,True,True,"Hardware > Hand Tools, Hardware, Hardware > Hand Tools > Trowels, Lifestyle & Everyday Essentials > Under R99",
9938,F02220,"Alco Wall Scraper TRP Handle 1""",simple,True,impulse,190,True,True,True,"All Products, Hardware, Lifestyle & Everyday Essentials > Under R99, Hardware > Hand Tools > Wall Scrapers",
9939,F02221,"Alco Wall Scraper TRP Handle 5""",simple,False,impulse,180,True,True,True,"All Products, Hardware, Lifestyle & Everyday Essentials > Under R99, Hardware > Hand Tools > Wall Scrapers",
9941,F01622,Chisel Stone 250 x 18,simple,True,impulse,150,True,True,True,"Hardware > Hand Tools > Chisels, Hardware > Hand Tools, Hardware, Lifestyle & Everyday Essentials > Under R99",
9942,F01623,Chisel Stone 300x18,simple,True,impulse,160,True,True,True,"Hardware > Hand Tools > Chisels, Hardware > Hand Tools, Hardware",
9943,F01624,Chisel Stone 350 x 18,simple,True,impulse,170,True,True,True,"Hardware > Hand Tools > Chisels, Hardware > Hand Tools, Hardware",
9944,F01625,Alco Working Chisel 18mm,simple,False,impulse,150,True,True,True,"Hardware > Hand Tools > Chisels, Hardware > Hand Tools, Hardware",
9948,F00916,Alco Combination Plier 8',simple,True,impulse,200,True,True,True,"Hardware > Hand Tools, Hardware, Hardware > Hand Tools > Tightening & Fastening, Lifestyle & Everyday Essentials > Under R99",
9949,F00914,"Alco Combination Plier 6""",simple,False,impulse,220,True,True,True,"All Products, Hardware > Hand Tools, Hardware, Hardware > Hand Tools > Tightening & Fastening, Lifestyle & Everyday Essentials > Under R99",
9950,F00922,"Alco Plier Long Nose 8""",simple,True,impulse,240,True,True,True,"All Products, Hardware > Hand Tools, Hardware, Hardware > Hand Tools > Tightening & Fastening",
9951,F00920,"Alco Plier Long Nose 6""",simple,True,impulse,220,True,True,True,"All Products, Hardware > Hand Tools, Hardware, Hardware > Hand Tools > Tightening & Fastening",
9952,F00919,"Alco Plier Side Cutter 8""",simple,True,impulse,240,True,True,True,"All Products, Hardware > Hand Tools, Hardware, Hardware > Hand Tools > Tightening & Fastening",
9953,F00917,"Alco Plier Side Cutter 6""",simple,True,impulse,220,True,True,True,"All Products, Hardware > Hand Tools, Hardware, Hardware > Hand Tools > Tightening & Fastening",
9954,F02214,Alco Plier Tower Pincer 230mm,simple,False,impulse,200,True,True,True,"Hardware > Hand Tools, Hardware, Hardware > Hand Tools > Tightening & Fastening",
9955,F00923,Alco Plier Set 3 piece,simple,True,impulse,320,True,True,True,"All Products, Hardware > Hand Tools, Hardware, Hardware > Hand Tools > Tightening & Fastening",
9956,F002241,Alco Plier Fencing Un - Insulated Handle 300mm,simple,True,unknown,300,True,True,True,"All Products, Hardware > Hand Tools, Hardware, Hardware > Hand Tools > Tightening & Fastening",
9957,F02215,Alco Plier Locking 250mm,simple,False,impulse,220,True,True,False,"All Products, Hardware > Hand Tools, Hardware, Hardware > Hand Tools > Tightening & Fastening",no_description
9958,F02213,Alco Plier Water Pump 250mm,simple,False,impulse,250,True,True,True,"All Products, Hardware > Hand Tools, Hardware, Hardware > Hand Tools > Tightening & Fastening",
9963,F02242,Alco Screwdriver Set 6 piece Precision,simple,False,impulse,195,True,True,True,"Hardware > Hand Tools, Hardware, Hardware > Locks & Clamps, Hardware > Hand Tools > Tightening & Fastening, Lifestyle & Everyday Essentials > Under R99",
9965,F00935,Alco Hacksaw Frame Plastic Handle,simple,True,impulse,265,True,True,True,"All Products, Hardware > Cutting Tools, Hardware > Hand Tools, Hardware, Lifestyle & Everyday Essentials > Under R99",
9966,F00936,Alco Hacksaw Metal Handle,simple,True,impulse,295,True,True,True,"All Products, Hardware > Cutting Tools, Hardware > Hand Tools, Hardware",
9967,F01626,Alco Hacksaw,simple,False,impulse,200,True,True,True,"All Products, Hardware > Cutting Tools, Hardware > Hand Tools, Hardware, Lifestyle & Everyday Essentials > Under R99",
9968,F02217,Alco Hacksaw Square Tube Frame 300mm,simple,False,impulse,250,True,True,True,"All Products, Hardware > Cutting Tools, Hardware",
9969,F02216,Alco Hacksaw Junior,simple,True,impulse,180,True,True,True,"Hardware > Cutting Tools, Hardware, Lifestyle & Everyday Essentials > Under R99",
9970,F02246,Alco Hacksaw Professional Aluminum With Angle Cutting,simple,True,impulse,310,True,True,True,"All Products, Hardware > Cutting Tools, Hardware > Hand Tools, Hardware",
9971,F02226,Alco Hacksaw Blades Flexible 10's 300m,simple,False,impulse,250,True,True,True,"All Products, Hardware > Cutting Tools, Hardware > Hand Tools, Hardware",
9974,F00940-01,Alco Measuring Tape Plastic,variable,True,jewellery,,False,True,True,"All Products, Hardware > Hand Tools, Hardware, Hardware > Hand Tools > Measuring Tapes, Lifestyle & Everyday Essentials > Under R99",no_price
9975,9902054073171,Alco Measuring Tape Rubber,variable,False,jewellery,,False,True,True,"All Products, Hardware > Hand Tools, Hardware, Hardware > Hand Tools > Measuring Tapes, Lifestyle & Everyday Essentials > Under R99",no_price
9979,9902054073218,Alco Paint Brush Set 5 piece,simple,True,makokoya,160,True,True,True,"Hardware > Buidling Materials, Hardware, Lifestyle & Everyday Essentials > Under R99",
9980,F02204,"PVC Gloves Red 10.5""",simple,True,impulse,110,True,True,True,"All Products, Hardware > Hand Tools, Hardware, Hardware > Safety Gear, Lifestyle & Everyday Essentials > Under R99",
9982,F02201,Alco Scutch Hammer Plastic Handle Forged,simple,False,impulse,290,True,True,True,"All Products, Hardware > Hand Tools > Hammers, Hardware > Hand Tools, Hardware",
9983,F02202,Alco Roofing Hammer Plastic Handle Forged,simple,True,impulse,260,True,True,False,"All Products, Hardware > Hand Tools > Hammers, Hardware > Hand Tools, Hardware",no_description
9984,9902054073263,Alco Spring Hammer Forged,simple,False,jewellery,250,True,True,False,"All Products, Hardware > Hand Tools > Hammers, Hardware > Hand Tools, Hardware",no_description
9987,F02219,Alco Knife Snap Off 18mm,simple,True,impulse,130,True,True,True,"Hardware > Cutting Tools, Hardware, Lifestyle & Everyday Essentials > Under R99",
9988,9902054073317,Alco Ratchet Tie Down 500 m x 9m - 5t,simple,True,unknown,260,True,True,True,"All Products, Hardware, Hardware > Locks & Clamps",
9989,9902054129465,Alco Corner Bracket Carded 25 x 25mm,simple,False,unknown,130,True,True,False,"All Products, Hardware, Hardware > Locks & Clamps",no_description
9991,F01870,Alco Catch Gripper Nylon,simple,False,impulse,160,True,True,True,"All Products, Hardware, Hardware > Locks & Clamps, Lifestyle & Everyday Essentials > Under R99",
9993,F01619,Mallet Rubber White,simple,False,impulse,190,True,True,False,"All Products, Hardware > Hand Tools > Hammers, Hardware",no_description
9994,F01620,Mallet Rubber Black,simple,False,impulse,150,True,True,False,"All Products, Hardware > Hand Tools > Hammers, Hardware",no_description
9995,9902054129618,Clear Tape 50m,simple,True,unknown,120,True,True,False,"All Products, Lifestyle & Everyday Essentials > Stationery",no_description
9996,9902054129632,Clear Tape 100m,simple,True,unknown,130,True,True,False,"All Products, Lifestyle & Everyday Essentials > Stationery",no_description
9997,9902054129663,Brown Tape 100m,simple,True,unknown,130,True,True,False,"All Products, Lifestyle & Everyday Essentials > Stationery",no_description
9998,9902054129687,Brown Tape 50m,variable,True,unknown,,False,True,True,"All Products, Hardware, Lifestyle & Everyday Essentials, Lifestyle & Everyday Essentials > Stationery, Lifestyle & Everyday Essentials > Under R99",no_price
9999,F02064,C-Breaker Din Rail White 10A,simple,True,impulse,140,True,True,False,"All Products, Hardware > Electrical > Earth Leakage, Hardware > Electrical, Lifestyle & Everyday Essentials > Under R99",no_description
10000,F02065,C-Breaker Din Rail White 20A,simple,True,impulse,150,True,True,False,"All Products, Hardware > Electrical > Earth Leakage, Hardware > Electrical, Lifestyle & Everyday Essentials > Under R99",no_description
10001,F02066,C-Breaker Din Rail White 25A,simple,True,impulse,160,True,True,False,"All Products, Hardware > Electrical > Earth Leakage, Hardware > Electrical, Lifestyle & Everyday Essentials > Under R99",no_description
10002,F02067,C-Breaker Din Rail White 32A,simple,True,impulse,170,True,True,False,"All Products, Hardware > Electrical > Earth Leakage, Hardware > Electrical, Lifestyle & Everyday Essentials > Under R99",no_description
10003,F02068,C-Breaker Din Rail White 40A,simple,True,impulse,145,True,True,False,"All Products, Hardware > Electrical > Earth Leakage, Hardware > Electrical, Lifestyle & Everyday Essentials > Under R99",no_description
10004,F02069,C-Breaker Din Rail White 50A,simple,True,impulse,150,True,True,False,"All Products, Hardware > Electrical > Earth Leakage, Hardware > Electrical, Lifestyle & Everyday Essentials > Under R99",no_description
10008,F00884-01,Discus Lock Stainless Steel,variable,True,unknown,,False,True,True,"All Products, Hardware, Hardware > Locks & Clamps, Lifestyle & Everyday Essentials > Under R99",no_price
10012,9902054134742,Alco Iron Disc,simple,False,unknown,160,True,True,False,"All Products, Hardware > Cutting Tools, Hardware",no_description
10014,9902054134773,Steel Cutting Disk,variable,True,unknown,,False,True,True,"All Products, Hardware > Cutting Tools, Hardware",no_price
10015,F01100-01,Stone Cutting Disc,variable,False,unknown,,False,True,True,"All Products, Hardware > Cutting Tools, Hardware",no_price
10017,F01000-01,Diamond Cutting Disc Plain,variable,True,unknown,,False,True,True,"All Products, Hardware > Cutting Tools, Hardware, Lifestyle & Everyday Essentials > Under R99",no_price
10018,F00998-01,Diamond Cutting Disc Segmented,variable,True,unknown,,False,True,True,"All Products, Hardware, Hardware > Cutting Tools",no_price
10019,9902054134834,Alco Segmented Disc 115mm,simple,True,unknown,180,True,True,False,"All Products, Hardware > Cutting Tools, Hardware",no_description
10020,9902054134841,Alco Plain Disc 115mm,simple,False,unknown,190,True,True,False,"All Products, Hardware > Cutting Tools, Hardware",no_description
10021,F02208,Diamond Blade Turbo 115mm,simple,False,impulse,99,True,True,True,"All Products, Hardware > Cutting Tools, Hardware",
10022,F02209,Diamond Blade Turbo 230mm,simple,True,impulse,199,True,True,True,"All Products, Hardware > Cutting Tools, Hardware",
10025,9902054134933,"Alco Iron 3"" 75 x 1.20mm Pair",simple,False,unknown,130,True,True,False,"All Products, Hardware, Hardware > Locks & Clamps",no_description
10031,9902054135039,Alco Roofing Screws 75mm,simple,True,makokoya,40,True,True,False,"Hardware > Buidling Materials, Hardware, Hardware > Locks & Clamps, Lifestyle & Everyday Essentials > Under R99",no_description
10032,9902054135046,Alco Roofing Screws 90mm,simple,True,makokoya,60,True,True,False,"Hardware > Buidling Materials, Hardware, Hardware > Locks & Clamps, Lifestyle & Everyday Essentials > Under R99",no_description
10033,9902054135053,Alco Roofing Screws 120mm,simple,True,makokoya,80,True,True,False,"Hardware > Buidling Materials, Hardware, Hardware > Locks & Clamps, Lifestyle & Everyday Essentials > Under R99",no_description
10035,F02041,Adaptor 1 x 2 Pin RND's 5's,simple,True,impulse,79,True,True,False,"All Products, Hardware > Electrical, Hardware > Electrical > Multiplugs & Adapters",no_description
10036,F02042,Adaptor 1 x Euro 1 x Suko 5's,simple,False,impulse,99,True,True,False,"All Products, Hardware > Electrical, Hardware > Electrical > Multiplugs & Adapters",no_description
10038,9902054344738,Adaptor 3 x 2 Pin R24,simple,False,unknown,170,True,True,False,"All Products, Hardware > Electrical, Hardware > Electrical > Multiplugs & Adapters, Lifestyle & Everyday Essentials > Under R99",no_description
10039,F02038,Adaptor 2 x 3 R19,simple,False,impulse,50,True,True,False,"All Products, Hardware > Electrical, Hardware > Electrical > Multiplugs & Adapters, Lifestyle & Everyday Essentials > Under R99",no_description
10040,F02040,Adaptor 1x3 Pin 2x2 Pin,simple,False,impulse,79,True,True,False,"All Products, Hardware > Electrical, Hardware > Electrical > Multiplugs & Adapters",no_description
10041,F02045,Adaptor 3 x 3 Pin R20,simple,True,impulse,80,True,True,False,"All Products, Hardware > Electrical, Hardware > Electrical > Multiplugs & Adapters, Lifestyle & Everyday Essentials > Under R99",no_description
10042,F02046,Adaptor 1 x Suko 12mm x 20m,simple,False,impulse,200,True,True,False,"All Products, Hardware > Electrical, Hardware > Electrical > Multiplugs & Adapters, Lifestyle & Everyday Essentials > Under R99",no_description
10043,F02056,3 Pin Rubber Plug,simple,False,impulse,160,True,True,True,"All Products, Hardware > Electrical, Hardware > Electrical > Multiplugs & Adapters, Lifestyle & Everyday Essentials > Under R99",
10044,F02037,Janus Coupler Rubber,simple,False,impulse,155,True,True,True,"Hardware > Electrical, Hardware > Electrical > Multiplugs & Adapters, Lifestyle & Everyday Essentials > Under R99",
10045,F02033,Multi Plug 3 x 3 Pin R33,simple,True,impulse,200,True,True,True,"All Products, Hardware > Electrical, Hardware > Electrical > Multiplugs & Adapters",
10046,F02044,Multi Plug 4 Way R34,simple,True,impulse,240,True,True,False,"All Products, Hardware > Electrical, Hardware > Electrical > Multiplugs & Adapters",no_description
10047,F02043,Multi Plug 5 Way R35,simple,False,impulse,220,True,True,True,"All Products, Hardware > Electrical, Hardware > Electrical > Multiplugs & Adapters",
10048,F02047,Multi Plug 9 Way R35,simple,False,impulse,250,True,True,True,"All Products, Hardware > Electrical, Hardware > Electrical > Multiplugs & Adapters",
10053,F02048,Lamp Holder Batten Brass,simple,True,impulse,170,True,True,True,"Hardware > Electrical, Hardware > Electrical > Loadshedding > Globes, Hardware > Electrical > Globes, Hardware > Electrical > Lights, Hardware > Electrical > Loadshedding, Lifestyle & Everyday Essentials > Under R99, Hardware > Electrical > Wall Sockets + Switches",
10054,9902054344912,"Gallery 6"" Porcelain",simple,True,unknown,180,True,True,False,"All Products, Hardware > Electrical, Hardware > Electrical > Globes, Hardware > Electrical > Lights, Hardware > Electrical > Wall Sockets + Switches",no_description
10055,F02032,Lamp Holder Batten Nylon,simple,True,impulse,150,True,True,True,"All Products, Hardware > Electrical, Hardware > Electrical > Globes, Hardware > Electrical > Lights, Lifestyle & Everyday Essentials > Under R99",
10056,F02250,Multi Plug 7 Way,simple,False,impulse,250,True,True,True,"All Products, Hardware > Electrical, Hardware > Electrical > Multiplugs & Adapters",
10058,F02097,Multi Plug + Switch 9 Way,simple,False,impulse,260,True,True,True,"All Products, Hardware > Electrical, Hardware > Electrical > Multiplugs & Adapters",
10059,9902054344974,Tyson Flood Light LED 10W,simple,False,unknown,220,True,True,True,"All Products, Hardware > Electrical, Hardware > Electrical > Globes, Hardware > Electrical > Lights",
10060,9902054344998,Tyson Flood Light LED 20W,simple,True,unknown,260,True,True,True,"All Products, Hardware > Electrical, Hardware > Electrical > Globes, Hardware > Electrical > Lights",
10061,9902054345025,Tyson Flood Light LED 30W,simple,True,unknown,290,True,True,True,"Hardware > Electrical, Hardware > Electrical > Globes, Hardware > Electrical > Lights",
10062,9902054345049,Tyson Flood Light LED 50W,simple,True,unknown,350,True,True,True,"Hardware > Electrical, Hardware > Electrical > Globes, Hardware > Electrical > Lights",
10063,9902054345063,Tyson Flood Light LED 100W,simple,False,unknown,450,True,True,True,"All Products, Hardware > Electrical, Hardware > Electrical > Globes, Hardware > Electrical > Lights",
10064,9902054345087,Tyson Flood Light LED 200W,simple,True,unknown,790,True,True,True,"All Products, Hardware > Electrical, Hardware > Electrical > Globes, Hardware > Electrical > Lights",
10065,F02063,Tyson Fluorsent Tube Lamp 16W 2 Pin 2D,simple,False,impulse,45,True,True,False,"Hardware > Electrical, Hardware > Electrical > Globes, Hardware > Electrical > Lights",no_description
10066,F02079,Mini Din Rail Black Earth Leakage A63 2P,simple,False,impulse,270,True,True,False,"All Products, Hardware > Electrical > Earth Leakage, Hardware > Electrical",no_description
10067,F02071,Mini Din Rail White Earth Leakage A63 2P,simple,True,impulse,230,True,True,True,"All Products, Hardware > Electrical > Earth Leakage, Hardware > Electrical",
10069,9902054366839,Nova Easy Vegetable and Dry Fruit Slicer Grater,simple,False,unknown,170,True,True,True,"Homeware > Dining, Homeware > Kitchenware > Food Storage Containers, Homeware, Homeware > Kitchenware > Kitchen Organization, Homeware > Kitchenware, Lifestyle & Everyday Essentials > Under R99",
10071,9902054517460,Fit Nastics Kids Air Walker,simple,True,unknown,2000,True,True,True,"All Products, Lifestyle & Everyday Essentials > Fitnastics, Lifestyle & Everyday Essentials",
10072,9902054517545,Fit Nastics Kids Bench Press,simple,True,unknown,2500,True,True,True,"All Products, Lifestyle & Everyday Essentials > Fitnastics, Lifestyle & Everyday Essentials",
10073,9902054517637,Fit Nastics Kids Dumbbells,simple,True,unknown,1200,True,True,True,"All Products, Lifestyle & Everyday Essentials > Fitnastics, Lifestyle & Everyday Essentials",
10074,9902054517675,Fit Nastics Kids Seated Row,simple,True,unknown,1800,True,True,True,"Lifestyle & Everyday Essentials > Fitnastics, Lifestyle & Everyday Essentials, All Products",
10075,9902054517798,Fit Nastics Kids Stepper,simple,True,unknown,2000,True,True,True,"Lifestyle & Everyday Essentials > Fitnastics, Lifestyle & Everyday Essentials, All Products",
10076,9902054517866,Fit Nastics Kids Training Bike,simple,True,unknown,2500,True,True,True,"All Products, Lifestyle & Everyday Essentials > Fitnastics, Lifestyle & Everyday Essentials",
10078,9902054518023,Fit Nastics Kids Treadmill,simple,True,unknown,3000,True,True,True,"Lifestyle & Everyday Essentials > Fitnastics, Lifestyle & Everyday Essentials, All Products",
10079,9902054667127,Fan Rake Plastic,simple,False,unknown,80,True,True,False,"Garden, Garden > Garden Tools, Lifestyle & Everyday Essentials > Under R99",no_description
10080,9902054667141,Fan Rake Plastic Green,simple,False,unknown,80,True,True,False,"Garden, Garden > Garden Tools, Lifestyle & Everyday Essentials > Under R99",no_description
10082,F00960,Garden Hosepipe 12mm x 20m + Fitting,simple,False,impulse,180,True,True,True,"All Products, Garden > Garden Tools",
10083,F00646,Garden Hosepipe 12mm x 30m + Fitting,simple,True,impulse,125,True,True,True,"All Products, Garden > Garden Tools",
10084,F00961,Garden Hosepipe 20mm x 30m + Fitting,simple,False,impulse,399,True,True,True,"All Products, Garden > Garden Tools",
10087,F02057,Tyson Globe LED 5W B22 Pin 10's,simple,False,impulse,220,True,True,True,"All Products, Hardware > Electrical, Hardware > Electrical > Globes, Hardware > Electrical > Lights",
10088,F02060,Tyson Globe LED 7W E27 Screw 10's,simple,True,impulse,230,True,True,True,"All Products, Hardware > Electrical, Hardware > Electrical > Globes, Hardware > Electrical > Lights",
10089,F02059,Tyson Globe LED 7W B22 Pin,simple,False,impulse,30,True,True,True,"All Products, Hardware > Electrical, Hardware > Electrical > Globes, Hardware > Electrical > Lights, Lifestyle & Everyday Essentials > Under R99",
10090,F02062,Tyson Globe LED 9W E27 Screw 10's,simple,False,impulse,295,True,True,True,"All Products, Hardware > Electrical, Hardware > Electrical > Globes, Hardware > Electrical > Lights",
10097,F02277,Plastic Picnic Mug 320ml,simple,True,impulse,90,True,True,True,"All Products, Homeware > Kitchenware, Homeware > Dining > Drinkware > Mugs, Lifestyle & Everyday Essentials > Under R99",
10098,F02276,Plastic Mug 450ml,simple,False,impulse,100,True,True,True,"All Products, Homeware > Kitchenware, Homeware > Dining > Drinkware > Mugs, Lifestyle & Everyday Essentials > Under R99",
10099,F02005,Plastic Beer Mug 500ml,simple,False,impulse,100,True,True,True,"Homeware > Dining > Drinkware, Homeware > Dining > Drinkware > Mugs, Homeware > Dining > Drinkware > Plastic Cups, Lifestyle & Everyday Essentials > Under R99",
10101,F02006,Ribbed Plastic Mug Elite,simple,False,impulse,90,True,True,True,"All Products, Homeware > Dining, Homeware > Dining > Drinkware, Homeware, Homeware > Kitchenware, Homeware > Dining > Drinkware > Mugs, Homeware > Dining > Drinkware > Plastic Cups, Lifestyle & Everyday Essentials > Under R99",
10103,F02330,Wine Cups Plastic 6's,simple,False,impulse,180,True,True,True,"All Products, Homeware > Dining, Homeware > Dining > Drinkware, Homeware, Homeware > Kitchenware, Homeware > Dining > Drinkware > Plastic Cups, Lifestyle & Everyday Essentials > Under R99",
10104,F02014,Jug + Lid 2lt Form,simple,False,impulse,130,True,True,False,"Homeware > Dining, Homeware, Homeware > Dining > Jugs & Sets",no_description
10105,F02022,Otima Jug Plastic 1.5lt,simple,False,impulse,130,True,True,True,"Homeware, Homeware > Dining > Jugs & Sets, Lifestyle & Everyday Essentials > Under R99",
10106,F02278,Jug 2.2lt Pineapple,simple,False,impulse,170,True,True,True,"Homeware > Dining, Homeware > Dining > Jugs & Sets, Lifestyle & Everyday Essentials > Under R99",
10107,F02266,Otima Fiesta Water Set 6 Piece,simple,True,impulse,190,True,True,True,"Lifestyle & Everyday Essentials > Under R99, All Products, Homeware, Homeware > Dining, Homeware > Dining > Jugs & Sets",
10110,9902055103488,Lunch Box Square,simple,True,unknown,130,True,True,True,"All Products, Homeware > Kitchenware > Food Storage Containers, Homeware, Homeware > Kitchenware, Lifestyle & Everyday Essentials > Under R99",
10111,F02280,Plastic Round Lunch Carrier,simple,True,impulse,130,True,True,True,"All Products, Homeware > Kitchenware > Food Storage Containers, Homeware, Homeware > Kitchenware, Lifestyle & Everyday Essentials > Under R99",
10115,F02012,Container Round Two Tone 500ml,simple,False,impulse,130,True,True,True,"All Products, Homeware > Kitchenware > Food Storage Containers, Homeware, Homeware > Kitchenware, Lifestyle & Everyday Essentials > Under R99",
10118,F02020,Container Rectangular Snap Otima 600ml,simple,True,impulse,130,True,True,True,"Lifestyle & Everyday Essentials > Under R99, All Products, Homeware, Homeware > Kitchenware, Homeware > Kitchenware > Food Storage Containers",
10119,F02019,Container Rectangular Snap Otima 1.2lt,simple,False,impulse,130,True,True,True,"All Products, Homeware > Kitchenware > Food Storage Containers, Homeware, Homeware > Kitchenware, Lifestyle & Everyday Essentials > Under R99",
10120,F02021,Container Rectangular Snap Otima 2.2lt,simple,True,impulse,130,True,True,True,"All Products, Homeware > Kitchenware > Food Storage Containers, Homeware, Homeware > Kitchenware, Lifestyle & Everyday Essentials > Under R99",
10121,F02017,Lunch Box Set 3 Piece,simple,False,impulse,140,True,True,True,"All Products, Homeware > Kitchenware > Food Storage Containers, Homeware, Homeware > Kitchenware, Lifestyle & Everyday Essentials > Under R99",
10122,F02016,Lunch Box Set 10 Piece,simple,False,impulse,220,True,True,True,"All Products, Homeware > Kitchenware > Food Storage Containers, Homeware, Homeware > Kitchenware",
10124,F02267,Elite Lunar Container Set 5 Piece,simple,True,impulse,170,True,True,True,"All Products, Homeware > Kitchenware > Food Storage Containers, Homeware, Homeware > Kitchenware, Lifestyle & Everyday Essentials > Under R99",
10125,F02279,Scoop Heavy Duty Plastic,simple,True,impulse,130,True,True,True,"All Products, Homeware, Homeware > Kitchenware > Kitchen Organization, Homeware > Kitchenware, Lifestyle & Everyday Essentials > Under R99",
10126,F02282,Biscuit Barrel 500ml,simple,True,impulse,130,True,True,True,"All Products, Homeware > Kitchenware > Food Storage Containers, Homeware > Kitchenware, Lifestyle & Everyday Essentials > Under R99",
10127,F02271,Biscuit Barrel 1kg,simple,True,impulse,130,True,True,True,"All Products, Homeware > Kitchenware > Food Storage Containers, Homeware, Homeware > Kitchenware, Lifestyle & Everyday Essentials > Under R99",
10129,F02015,Microwave Cover,simple,True,impulse,130,True,True,True,"Homeware > Kitchenware > Food Storage Containers, Homeware > Kitchenware > Kitchen Organization, Homeware > Kitchenware, Lifestyle & Everyday Essentials > Under R99",
10130,F02281,Tea/Coffee/Sugar Set 3 Piece,simple,False,impulse,160,True,True,False,"All Products, Homeware > Kitchenware > Food Storage Containers, Homeware, Homeware > Kitchenware",no_description
10132,F02024,Rice Spoon Plastic 10 Piece,simple,True,impulse,150,True,True,True,"Homeware > Dining > Cutlery, Homeware > Dining, Lifestyle & Everyday Essentials > Under R99",
10133,9902055103716,Plastic Sweet Bowl 6's,simple,True,unknown,140,True,True,True,"All Products, Homeware > Dining > Bowls, Homeware > Dining, Homeware > Kitchenware > Food Storage Containers, Homeware > Kitchenware, Lifestyle & Everyday Essentials > Under R99",
10138,F01993,Plastic Basin 26cm,simple,False,impulse,200,True,True,True,"All Products, Homeware > Kitchenware > Food Storage Containers, Homeware, Homeware > Kitchenware > Kitchen Organization, Homeware > Kitchenware, Lifestyle & Everyday Essentials > Under R99",
10139,F02273,Plastic Basin 32cm,simple,True,impulse,250,True,True,True,"All Products, Homeware > Kitchenware, Homeware > Cleaning & Organization > Storage Baskets & Bins, Lifestyle & Everyday Essentials > Under R99",
10140,F02301,Plastic Basin 63cm,simple,False,impulse,130,True,True,True,"All Products, Homeware > Kitchenware, Homeware > Cleaning & Organization > Storage Baskets & Bins, Lifestyle & Everyday Essentials > Under R99",
10141,F01995,Plastic Basin 42cm,simple,False,impulse,150,True,True,True,"All Products, Homeware > Kitchenware, Homeware > Cleaning & Organization > Storage Baskets & Bins, Lifestyle & Everyday Essentials > Under R99",
10142,F02274,Plastic Basin 43cm,simple,False,impulse,130,True,True,True,"All Products, Homeware > Kitchenware, Homeware > Cleaning & Organization > Storage Baskets & Bins, Lifestyle & Everyday Essentials > Under R99",
10143,F02275,Plastic Basin 46cm,simple,False,impulse,150,True,True,True,"All Products, Homeware > Kitchenware, Homeware > Cleaning & Organization > Storage Baskets & Bins, Lifestyle & Everyday Essentials > Under R99",
10144,F02322,Plastic Basin 56cm,simple,False,impulse,450,True,True,True,"All Products, Homeware > Kitchenware, Homeware > Cleaning & Organization > Storage Baskets & Bins",
10145,F02023,Plastic Plate 10 Piece,simple,False,impulse,180,True,True,False,"All Products, Homeware > Kitchenware, Homeware > Dining > Plates",no_description
10155,F02002,Bucket + Lid 20lt Lock,simple,False,impulse,80,True,True,False,"All Products, Homeware > Cleaning & Organization > Cleaning, Homeware > Cleaning & Organization, Homeware, Homeware > Kitchenware",no_description
10156,F02090,Dish Rack Small,simple,True,impulse,270,True,True,False,"All Products, Homeware > Kitchenware > Kitchen Organization, Homeware > Kitchenware",no_description
10158,9902055205472,3 Tier Veg Rack,simple,False,unknown,380,True,True,True,"Homeware > Kitchenware > Kitchen Organization, Homeware > Kitchenware",
10159,F02092,3 Tier Veg Rack,simple,False,impulse,400,True,True,True,"Homeware > Kitchenware > Kitchen Organization, Homeware > Kitchenware",
10160,F02321,3 Tier Veg Corner Stand,simple,True,impulse,320,True,True,True,"Homeware > Kitchenware > Kitchen Organization, Homeware > Kitchenware",
10161,F02003,Kiddies Arm Chair,simple,False,impulse,35,True,True,True,"Furniture > Chairs, Furniture, Homeware, Furniture > Outdoor Furniture, Lifestyle & Everyday Essentials > Under R99",
10163,F02083,Plastic Barstool,simple,False,impulse,80,True,True,True,"Furniture > Chairs, Furniture, Homeware, Furniture > Outdoor Furniture, Lifestyle & Everyday Essentials > Under R99",
10164,F02292,Big Mama Stool,simple,False,impulse,100,True,True,True,"Furniture > Chairs, Furniture, Homeware, Furniture > Outdoor Furniture, Lifestyle & Everyday Essentials > Under R99",
10166,F02327,Black Jumbo Chair,simple,False,impulse,200,True,True,True,"Furniture > Chairs, Furniture, Furniture > Outdoor Furniture",
10167,F01731,Dust Pan With Lip,simple,True,impulse,140,True,True,True,"Homeware > Cleaning & Organization > Brushware, Homeware > Cleaning & Organization > Cleaning, Homeware > Cleaning & Organization, Homeware, Lifestyle & Everyday Essentials > Under R99",
10168,F02300-01,Otima Dustbin Black,variable,True,unknown,,False,True,True,"All Products, Homeware > Cleaning & Organization > Cleaning, Homeware > Cleaning & Organization, Homeware, Homeware > Kitchenware, Lifestyle & Everyday Essentials > Under R99",no_price
10170,9902055205816,Laundry Basket + Lid,simple,False,unknown,350,True,True,True,"Homeware > Cleaning & Organization, Homeware, Homeware > Cleaning & Organization > Storage Baskets & Bins",
10172,F02030,Toilet Brush + Bowl Set,simple,False,impulse,200,True,True,True,"All Products, Homeware > Cleaning & Organization > Cleaning, Homeware > Cleaning & Organization, Homeware, Homeware > Kitchenware, Lifestyle & Everyday Essentials > Under R99",
10173,9902055205885,Toilet Brush Bowl Set,simple,True,unknown,180,True,True,True,"All Products, Homeware > Cleaning & Organization > Cleaning, Homeware > Cleaning & Organization, Homeware, Homeware > Kitchenware, Lifestyle & Everyday Essentials > Under R99",
10174,9902056250198,"Rustic Plate 10.5"" 2's",simple,False,unknown,100,True,True,False,"Homeware > Dining, Homeware, Homeware > Dining > Plates",no_description
10176,9902056250211,"Rustic Plate 10.5""  4's",simple,False,unknown,200,True,True,False,"Homeware > Dining, Homeware, Homeware > Dining > Plates",no_description
10177,9902056250228,"Rustic Plate 10.5""  6's",simple,False,unknown,300,True,True,False,"Homeware > Dining, Homeware, Homeware > Dining > Plates",no_description
10179,9902056250242,"Glazed Bowl H/P 8.25""",variable,False,unknown,,False,True,True,"Homeware > Dining > Bowls, Homeware > Dining, Homeware",no_price
10180,9902056250259,"Hand Painted Plate 10.5"" 2's",simple,True,unknown,100,True,True,False,"Homeware > Dining, Homeware, Homeware > Dining > Plates, Lifestyle & Everyday Essentials > Under R99",no_description
10181,9902056250266,"Hand Painted Plate 10.5"" 4's",simple,True,unknown,200,True,True,False,"Homeware > Dining, Homeware, Homeware > Dining > Plates",no_description
10182,9902056250273,"Hand Painted Plate 10.5"" 6's",simple,True,unknown,300,True,True,False,"Homeware > Dining, Homeware, Homeware > Dining > Plates",no_description
10183,9902056250280,"White Plate 10.5"" 2's",simple,True,unknown,100,True,True,False,"Homeware > Dining, Homeware, Homeware > Dining > Plates, Lifestyle & Everyday Essentials > Under R99",no_description
10184,9902056250297,"White Plate 10.5"" 4's",simple,True,unknown,200,True,True,False,"Homeware > Dining, Homeware, Homeware > Dining > Plates",no_description
10185,9902056250303,"White Plate 10.5"" 6's",simple,True,unknown,300,True,True,False,"Homeware > Dining, Homeware, Homeware > Dining > Plates",no_description
10186,9902056250310,"Glazed Plate 10.5"" Solid Colour  2's",simple,False,unknown,100,True,True,False,"Homeware > Dining, Homeware, Homeware > Dining > Plates, Lifestyle & Everyday Essentials > Under R99",no_description
10187,9902056250327,"Glazed Plate 10.5"" Solid Colour 4's",simple,False,unknown,200,True,True,False,"Homeware > Dining, Homeware, Homeware > Dining > Plates",no_description
10188,9902056250334,"Glazed Plate 10.5"" Solid Colour 6's",simple,False,unknown,300,True,True,False,"Homeware > Dining, Homeware, Homeware > Dining > Plates",no_description
10189,9902056250341,"Soup Plate Decal 9"" 2's",simple,True,unknown,180,True,True,False,"All Products, Homeware > Dining, Homeware, Homeware > Dining > Plates, Lifestyle & Everyday Essentials > Under R99",no_description
10190,9902056250358,"Soup Plate Decal 9"" 4's",simple,True,unknown,250,True,True,False,"Homeware > Dining, Homeware, Homeware > Dining > Plates, Lifestyle & Everyday Essentials > Under R99",no_description
10191,9902056250365,"Soup Plate Decal 9"" 6's",simple,True,unknown,300,True,True,False,"Homeware > Dining, Homeware, Homeware > Dining > Plates",no_description
10192,9902056250372,"Square Porcelain Plate 10.5"" 2's",simple,True,unknown,100,True,True,False,"Homeware > Dining, Homeware, Homeware > Dining > Plates, Lifestyle & Everyday Essentials > Under R99",no_description
10193,9902056250389,"Square Porcelain Plate 10.5"" 4's",simple,True,unknown,200,True,True,False,"Homeware > Dining, Homeware, Homeware > Dining > Plates",no_description
10194,9902056250396,"Ethic RND Plate 10.5"" 2's",simple,False,unknown,100,True,True,False,"Homeware > Dining, Homeware, Homeware > Dining > Plates",no_description
10195,9902056250402,"Ethic RND Plate 10.5"" 4's",simple,False,unknown,200,True,True,False,"Homeware > Dining, Homeware, Homeware > Dining > Plates",no_description
10196,9902056250419,"Ethic RND Plate 10.5"" 6's",simple,False,unknown,300,True,True,False,"Homeware > Dining, Homeware, Homeware > Dining > Plates",no_description
10197,9902056250426,"Ethic Print Bowl 8.25"" 2's",simple,True,unknown,100,True,True,False,"Homeware > Dining > Bowls, Homeware > Dining, Homeware, Lifestyle & Everyday Essentials > Under R99",no_description
10198,9902056250433,"Ethic Print Bowl 8.25"" 4's",simple,True,unknown,200,True,True,False,"Homeware > Dining > Bowls, Homeware > Dining, Homeware, Lifestyle & Everyday Essentials > Under R99",no_description
10199,9902056250440,"Ethic Print Bowl 8.25"" 6's",simple,True,unknown,300,True,True,False,"Homeware > Dining > Bowls, Homeware > Dining, Homeware",no_description
10200,9902056250457,"Hand Printed Bowl 5"" 2's",simple,False,unknown,100,True,True,False,"Homeware > Dining > Bowls, Homeware > Dining, Homeware",no_description
10201,9902056250464,"Hand Printed Bowl 5"" 4's",simple,False,unknown,200,True,True,False,"Homeware > Dining > Bowls, Homeware > Dining, Homeware",no_description
10202,9902056250471,"Hand Printed Bowl 5"" 6's",simple,False,unknown,300,True,True,False,"Homeware > Dining > Bowls, Homeware > Dining, Homeware",no_description
10206,9902056250518,"Deep White Bowl 6"" 2's",simple,False,unknown,100,True,True,False,"Homeware > Dining > Bowls, Homeware > Dining, Homeware, Lifestyle & Everyday Essentials > Under R99",no_description
10207,9902056250525,"Deep White Bowl 6"" 4's",simple,False,unknown,200,True,True,False,"Homeware > Dining > Bowls, Homeware > Dining, Homeware",no_description
10208,9902056250532,"Deep White Bowl 6"" 6's",simple,False,unknown,300,True,True,False,"Homeware > Dining > Bowls, Homeware > Dining, Homeware",no_description
10209,9902056250549,"Square Porcelain Plate 10.5"" (6's)",simple,True,unknown,250,True,True,True,"Homeware > Dining, Homeware, Homeware > Dining > Plates",
10221,9902056255926,Stainless Steel Teaspoon 6's KZH,simple,False,unknown,50,True,True,False,"Homeware > Dining > Cutlery, Homeware > Dining, Homeware, Lifestyle & Everyday Essentials > Under R99",no_description
10222,9902056255933,Stainless Steel Tablespoon 6's KZH,simple,False,unknown,25,True,True,False,"Homeware > Dining > Cutlery, Homeware > Dining, Homeware, Lifestyle & Everyday Essentials > Under R99",no_description
10224,9902056256398,High Ball Tumblers 2's,simple,False,unknown,160,True,True,True,"Homeware > Dining, Homeware, Homeware > Dining > Drinkware > Tumblers, Lifestyle & Everyday Essentials > Under R99",
10225,9902056256404,High Ball Tumblers 4's,simple,False,unknown,170,True,True,True,"Homeware > Dining, Homeware > Dining > Drinkware > Tumblers, Lifestyle & Everyday Essentials > Under R99",
10226,9902056256411,High Ball Tumblers 6's,simple,False,unknown,220,True,True,True,"Homeware > Dining, Homeware, Homeware > Dining > Drinkware > Tumblers",
10227,9902056256428,Willy Tumblers 2's,simple,False,unknown,150,True,True,True,"Homeware > Dining, Homeware, Homeware > Dining > Drinkware > Tumblers, Lifestyle & Everyday Essentials > Under R99",
10228,9902056256435,Willy Tumblers 4's,simple,False,unknown,180,True,True,True,"Homeware > Dining, Homeware, Homeware > Dining > Drinkware > Tumblers",
10229,9902056256442,Willy Tumblers 6's,simple,False,unknown,320,True,True,True,"Homeware > Dining, Homeware, Homeware > Dining > Drinkware > Tumblers",
10230,9902056256459,Whiskey Tumblers 2's,simple,True,unknown,170,True,True,False,"All Products, Homeware > Dining, Homeware, Homeware > Dining > Drinkware > Tumblers",no_description
10231,9902056256466,Whiskey Tumblers 4's,simple,True,unknown,220,True,True,False,"All Products, Homeware > Dining, Homeware, Homeware > Dining > Drinkware > Tumblers",no_description
10232,9902056256473,Whiskey Tumblers 6's,simple,True,unknown,250,True,True,False,"All Products, Homeware > Dining, Homeware, Homeware > Dining > Drinkware > Tumblers",no_description
10233,9902056256480,Zombie Tumblers 2's,simple,False,unknown,180,True,True,True,"Homeware > Dining, Homeware, Homeware > Dining > Drinkware > Tumblers, Lifestyle & Everyday Essentials > Under R99",
10234,9902056256510,Zombie Tumblers 4's,simple,False,unknown,250,True,True,True,"Homeware > Dining, Homeware, Homeware > Dining > Drinkware > Tumblers",
10235,9902056256534,Zombie Tumblers 6's,simple,False,unknown,290,True,True,True,"Homeware > Dining, Homeware, Homeware > Dining > Drinkware > Tumblers",
10237,F00125,Ironing Board Large - Astd Colors,simple,True,impulse,450,True,True,False,"Homeware > Cleaning & Organization, Homeware, Homeware > Cleaning & Organization > Laundry",no_description
10238,9902056281086,Pegs Extra Strong,simple,False,unknown,140,True,True,False,"All Products, Homeware > Cleaning & Organization, Homeware, Homeware > Cleaning & Organization > Laundry",no_description
10239,F00043,Hot Water Bottle 2lt + Cover,simple,True,impulse,190,True,True,True,"Homeware > Cleaning & Organization, Homeware > Cleaning & Organization > Laundry, Lifestyle & Everyday Essentials, Lifestyle & Everyday Essentials > Novelty, Lifestyle & Everyday Essentials > Under R99",
10241,F00930,Alco Claw Hammer Fiberglass Handle,simple,False,impulse,230,True,True,True,"All Products, Hardware > Hand Tools > Hammers, Hardware > Hand Tools, Hardware",
10242,F00928,Alco Claw Hammer Wooden Handle,simple,False,impulse,230,True,True,True,"All Products, Hardware > Hand Tools > Hammers, Hardware > Hand Tools, Hardware, Lifestyle & Everyday Essentials > Under R99",
10243,F01005,Alco Claw Hammer All Steel 16oz Forged,simple,False,impulse,280,True,True,True,"All Products, Hardware > Hand Tools > Hammers, Hardware > Hand Tools, Hardware",
10244,F00931,Alco Claw Hammer Tubular Handle 16oz Forged,simple,True,impulse,230,True,True,True,"All Products, Hardware > Hand Tools > Hammers, Hardware > Hand Tools, Hardware",
10245,F02244,Alco Square Rafter Industrial 400 x 600mm,simple,False,impulse,199,True,True,False,"Hardware, Hardware > Hand Tools > Measuring Tapes",no_description
10246,F01627-01,Wrecking Bar,variable,False,unknown,,False,True,True,"Hardware > Hand Tools > Hammers, Hardware > Hand Tools, Hardware, Lifestyle & Everyday Essentials > Under R99",no_price
10249,F02212,Alco Hand Riveret 250mm,simple,False,impulse,200,True,True,False,"Hardware > Hand Tools, Hardware, Hardware > Locks & Clamps, Hardware > Hand Tools > Tightening & Fastening",no_description
10250,F01881,Hasp Cylinder Brass Lock 75mm,simple,True,impulse,210,True,True,True,"All Products, Hardware, Hardware > Locks & Clamps",
10251,F01880,Alco Hasp Cylinder Chrome Lock 75mm,simple,False,impulse,240,True,True,True,"All Products, Hardware, Hardware > Locks & Clamps",
10252,F01878,Alco Hasp Cylinder Chrome Lock 100mm,simple,False,impulse,270,True,True,True,"All Products, Hardware, Hardware > Locks & Clamps",
10256,F01828-01,Necked Barrel Bolt - Brass,variable,True,unknown,,False,True,True,"All Products, Hardware, Hardware > Locks & Clamps, Lifestyle & Everyday Essentials > Under R99",no_price
10257,9902056295960,Necked Barrel Bolt - Chrome,variable,False,unknown,,False,True,True,"All Products, Hardware, Hardware > Locks & Clamps, Lifestyle & Everyday Essentials > Under R99",no_price
10260,9902056295991,Alco Stay Peg Cabin Hook,variable,False,unknown,,False,True,True,"All Products, Hardware, Hardware > Locks & Clamps, Lifestyle & Everyday Essentials > Under R99",no_price
10261,9902056296004,Alco Window Handle Poly Bag Right,simple,True,unknown,130,True,True,True,"All Products, Hardware, Hardware > Locks & Clamps, Lifestyle & Everyday Essentials > Under R99",
10262,9902056296011,Alco Window Handle Poly Bag Left,simple,True,unknown,130,True,True,True,"All Products, Hardware, Hardware > Locks & Clamps, Lifestyle & Everyday Essentials > Under R99",
10263,F01879,Hasp Cylinder Brass Lock 100mm,simple,True,impulse,250,True,True,True,"All Products, Hardware, Hardware > Locks & Clamps",
10264,F02058,Tyson Globe Led 5W E27 Screw 10's,simple,False,impulse,250,True,True,True,"All Products, Hardware > Electrical, Hardware > Electrical > Globes, Hardware > Electrical > Lights",
10265,F02061,Tyson Globe Led 9W B22 Pin 10's,simple,True,impulse,270,True,True,True,"All Products, Hardware > Electrical, Hardware > Electrical > Globes, Hardware > Electrical > Lights",
10266,9902056296059,Tower Bolt 100mm,simple,False,unknown,160,True,True,True,"All Products, Hardware, Hardware > Locks & Clamps, Lifestyle & Everyday Essentials > Under R99",
10267,F01815,Tower Bolt 150mm,simple,False,impulse,170,True,True,True,"Hardware, Hardware > Locks & Clamps, Lifestyle & Everyday Essentials > Under R99",
10270,9902056296097,Alco Hex Key Set 9 piece,simple,False,unknown,150,True,True,True,"Hardware > Hand Tools, Hardware, Hardware > Hand Tools > Tightening & Fastening, Lifestyle & Everyday Essentials > Under R99",
10271,F02345,Tyson Emergency Bulb LED B22 9W,simple,False,impulse,170,True,True,True,"All Products, Hardware > Electrical, Hardware > Electrical > Loadshedding > Globes, Hardware > Electrical > Lights, Hardware > Electrical > Loadshedding, Lifestyle & Everyday Essentials > Under R99",
10272,F02346,Tyson Emergency LED Bulb E27 9W,simple,True,impulse,170,True,True,True,"All Products, Hardware > Electrical, Hardware > Electrical > Globes, Hardware > Electrical > Loadshedding > Globes, Hardware > Electrical > Lights, Hardware > Electrical > Loadshedding, Lifestyle & Everyday Essentials > Under R99",
10550,GU5KX10550,Shirt With Sequin Sleeve Detail With Collar,variable,True,unknown,,False,True,False,"Lifestyle & Everyday Essentials > Fashion, Lifestyle & Everyday Essentials",no_price|no_description
10555,essenshrtseq,Shirt With Cut Out On Sleeves,variable,False,unknown,,False,True,True,"Lifestyle & Everyday Essentials > Fashion, Lifestyle & Everyday Essentials",no_price
10577,essenshrt,Shirt With Collar & Belt,variable,False,unknown,,False,True,True,"Lifestyle & Everyday Essentials > Fashion, Lifestyle & Everyday Essentials",no_price
10603,esseshrtprl,Shirt With Pearl Detail,variable,True,unknown,,False,True,True,"Lifestyle & Everyday Essentials > Fashion, Lifestyle & Everyday Essentials",no_price
10632,DY3B610632,Dress- Pearl & Lace,variable,True,unknown,,False,True,False,"Lifestyle & Everyday Essentials > Fashion, Lifestyle & Everyday Essentials",no_price|no_description
10637,E46M110637,Shirt With 3D Flowers On Bell Sleeves,variable,True,unknown,,False,True,False,"Lifestyle & Everyday Essentials > Fashion, Lifestyle & Everyday Essentials",no_price|no_description
10651,I2AWU10651,Throw Poncho Style,variable,True,unknown,,False,True,False,"Lifestyle & Everyday Essentials > Fashion, Lifestyle & Everyday Essentials",no_price|no_description
10670,S29ZQ10670,Dress/Top With Embroidery & Beadwork,variable,False,unknown,,False,True,False,"Lifestyle & Everyday Essentials, Lifestyle & Everyday Essentials > Fashion",no_price|no_description
10675,D1TJ510675,Sleeveless Dress With Side Slits,variable,False,unknown,,False,True,False,"Lifestyle & Everyday Essentials > Fashion, Lifestyle & Everyday Essentials",no_price|no_description
10681,9U14D10681,Jumpsuit-Lightweight Floral,variable,False,unknown,,False,True,False,"Lifestyle & Everyday Essentials > Fashion, Lifestyle & Everyday Essentials",no_price|no_description
10687,8373210687,Jumpsuit,simple,True,unknown,1250,True,True,False,"Lifestyle & Everyday Essentials > Fashion, Lifestyle & Everyday Essentials",no_description
10692,strpess,Striped Pants,variable,True,unknown,,False,True,True,"Lifestyle & Everyday Essentials, Lifestyle & Everyday Essentials > Fashion",no_price
10697,T16P810697,Checkered Bell Bottom Pants With Pom Poms,variable,False,unknown,,False,True,False,"Lifestyle & Everyday Essentials, Lifestyle & Everyday Essentials > Fashion",no_price|no_description
10706,19LOL10706,Shirt With Cotton Embroidery Flowers,variable,False,unknown,,False,True,False,"Lifestyle & Everyday Essentials > Fashion, Lifestyle & Everyday Essentials",no_price|no_description
10731,1C8F610731,Chiffon Shirt/Dress,variable,False,unknown,,False,True,False,"Lifestyle & Everyday Essentials > Fashion, Lifestyle & Everyday Essentials",no_price|no_description
10743,7DB1Z10743,Chiffon Shirt With Pearl Detail & Front Zip,variable,False,unknown,,False,True,False,"Lifestyle & Everyday Essentials > Fashion, Lifestyle & Everyday Essentials",no_price|no_description
10747,3NOG910747,Shirt- Hi/Low Lace Work,variable,True,unknown,,False,True,False,"Lifestyle & Everyday Essentials > Fashion, Lifestyle & Everyday Essentials",no_price|no_description
10751,9FC3910751,Shimmer Sequin Pants,variable,False,unknown,,False,True,False,"Lifestyle & Everyday Essentials > Fashion, Lifestyle & Everyday Essentials",no_price|no_description
10755,HTZRA10755,Top With 3D Flowers & Frill Sleeves,variable,False,unknown,,False,True,False,"Lifestyle & Everyday Essentials > Fashion, Lifestyle & Everyday Essentials",no_price|no_description
10759,IKEQH10759,Fitted Dress With Chiffon Top,variable,False,unknown,,False,True,False,"Lifestyle & Everyday Essentials > Fashion, Lifestyle & Everyday Essentials",no_price|no_description
10769,ZT31810769,Casual Tee Knit Fabric,simple,True,unknown,350,True,True,False,"Lifestyle & Everyday Essentials > Fashion, Lifestyle & Everyday Essentials",no_description
10770,HWX9O10770,Casual Tee,simple,False,unknown,350,True,True,False,"Lifestyle & Everyday Essentials > Fashion, Lifestyle & Everyday Essentials",no_description
10771,7L2PH10771,Pink Shirt With Sequins On Sleeves,variable,False,unknown,,False,True,False,"Lifestyle & Everyday Essentials > Fashion, Lifestyle & Everyday Essentials",no_price|no_description
10775,R131P10775,Dress- Tulips,variable,False,unknown,,False,True,False,"Lifestyle & Everyday Essentials > Fashion, Lifestyle & Everyday Essentials",no_price|no_description
10779,PLBA410779,Beaded Work Top,variable,True,unknown,,False,True,False,"Lifestyle & Everyday Essentials > Fashion, Lifestyle & Everyday Essentials",no_price|no_description
10783,3WF4910783,Organza Shirt,variable,True,unknown,,False,True,False,"Lifestyle & Everyday Essentials > Fashion, Lifestyle & Everyday Essentials",no_price|no_description
10789,14W4310789,Satin Dress,simple,False,unknown,950,True,True,False,"Lifestyle & Everyday Essentials > Fashion, Lifestyle & Everyday Essentials",no_description
10792,7TE3F10792,Shirt With Sequined Sides,variable,False,unknown,,False,True,False,"Lifestyle & Everyday Essentials > Fashion, Lifestyle & Everyday Essentials",no_price|no_description
10806,2Z2F310806,Throw With Tassels On Edge,simple,False,unknown,550,True,True,False,"Lifestyle & Everyday Essentials > Fashion, Lifestyle & Everyday Essentials",no_description
10813,135C610813,Corduroy Top Sequined With Hood,variable,False,unknown,,False,True,False,"Lifestyle & Everyday Essentials > Fashion, Lifestyle & Everyday Essentials",no_price|no_description
10817,HLK3T10817,Kids Gown Kaftan,variable,True,unknown,,False,True,False,"Lifestyle & Everyday Essentials > Fashion, Lifestyle & Everyday Essentials",no_price|no_description
10820,CWTV810820,Shirt With Bell Sleeves,variable,False,unknown,,False,True,False,"Lifestyle & Everyday Essentials > Fashion, Lifestyle & Everyday Essentials",no_price|no_description
10824,Q2NIR10824,Mesh Bodysuit With Detail,variable,False,unknown,,False,True,False,"Lifestyle & Everyday Essentials > Fashion, Lifestyle & Everyday Essentials",no_price|no_description
10825,9O76910825,Lace Shirt,variable,False,unknown,,False,True,False,"Lifestyle & Everyday Essentials > Fashion, Lifestyle & Everyday Essentials",no_price|no_description
10836,U1CV410836,Hi Low Sequin Dress,variable,True,unknown,,False,True,False,"Lifestyle & Everyday Essentials, Lifestyle & Everyday Essentials > Fashion",no_price|no_description
10839,G5PPK10839,Sleeveless Coat,variable,True,unknown,,False,True,False,"Lifestyle & Everyday Essentials > Fashion, Lifestyle & Everyday Essentials",no_price|no_description
11379,9902061679632,Tupperware Crystalwave Snackbox 850ml - Blue,simple,False,tupperware,290,True,True,True,"All Products, Homeware > Kitchenware > Food Storage Containers, Homeware, Homeware > Kitchenware, Homeware > Kitchenware > Food Storage Containers > Tupperware",
11394,9902062213781,Tupperware Vertical Vegetable Peeler,simple,False,tupperware,230,True,True,True,"Homeware > Dining > Cutlery, Homeware > Dining, Homeware, Homeware > Kitchenware > Food Storage Containers > Tupperware, Lifestyle & Everyday Essentials > Under R99",
11409,9902063083222,Tupperware CrystalWave Snack Box- 800ml,simple,False,tupperware,280,True,True,False,"All Products, Homeware > Kitchenware > Food Storage Containers, Homeware, Homeware > Kitchenware, Homeware > Kitchenware > Food Storage Containers > Tupperware",no_description
11421,6C8FI11421,Tupperware 4 Tall Drinking Tumblers - 470ml,simple,False,tupperware,390,True,True,False,"Homeware > Dining > Drinkware, Homeware, Homeware > Dining > Drinkware > Plastic Cups, Homeware > Kitchenware > Food Storage Containers > Tupperware",no_description
11422,4137711422,Tupperware Inspirations Tumblers - 500 ml x 4,simple,True,tupperware,380,True,True,False,"Homeware > Dining, Homeware > Dining > Drinkware, Homeware > Kitchenware > Food Storage Containers, Homeware, Homeware > Kitchenware, Homeware > Dining > Drinkware > Plastic Cups, Homeware > Kitchenware > Food Storage Containers > Tupperware",no_description
11423,5LYNE11423,Tupperware Pink Baking Paddle Scraper Spatula,simple,False,tupperware,250,True,True,False,"Homeware > Dining > Cutlery, Homeware > Dining, Homeware > Kitchenware > Food Storage Containers > Tupperware",no_description
11430,2DFHN11430,Tupperware Cubix Square Lunchbox - 650ml,simple,False,tupperware,320,True,True,False,"Homeware > Kitchenware > Food Storage Containers, Homeware > Appliances > Fridges, Homeware, Homeware > Kitchenware, Homeware > Kitchenware > Food Storage Containers > Tupperware",no_description
11452,9902061679649,Round Cake Taker,simple,False,tupperware,370,True,True,True,"All Products, Homeware > Kitchenware > Food Storage Containers, Homeware, Homeware > Kitchenware, Homeware > Kitchenware > Food Storage Containers > Tupperware",
11467,9902061679656,Smart Saver Oval Storage Containers,simple,False,unknown,290,True,True,False,"All Products, Homeware > Kitchenware > Food Storage Containers, Homeware, Homeware > Kitchenware",no_description
11511,9902062783017,Tupperware Ice Cube Tray,simple,False,tupperware,320,True,True,True,"All Products, Homeware > Kitchenware > Food Storage Containers, Homeware, Homeware > Kitchenware, Homeware > Kitchenware > Food Storage Containers > Tupperware",
11516,PW48B11516,Tupperware CheeSmart Small Microwave Cover,simple,False,tupperware,350,True,True,False,"All Products, Homeware > Kitchenware > Food Storage Containers, Homeware, Homeware > Kitchenware, Homeware > Kitchenware > Food Storage Containers > Tupperware",no_description
11520,AQ2Q511520,Sleeveless Body Stocking,simple,False,unknown,350,True,True,False,"All Products, Lifestyle & Everyday Essentials > Fashion, Lifestyle & Everyday Essentials",no_description
11523,69Y3411523,Strapped Body Stocking,simple,False,unknown,350,True,True,False,"All Products, Lifestyle & Everyday Essentials > Fashion, Lifestyle & Everyday Essentials",no_description
11526,7UITM11526,Full Lace Body Stocking,simple,True,unknown,350,True,True,False,"All Products, Lifestyle & Everyday Essentials > Fashion, Lifestyle & Everyday Essentials",no_description
11528,LIHKS11528,Lace Dress Body Stocking,simple,False,unknown,350,True,True,False,"All Products, Lifestyle & Everyday Essentials > Fashion, Lifestyle & Everyday Essentials",no_description
11531,SM9QP11531,Delicate Lace Teddy,simple,True,unknown,650,True,True,False,"All Products, Lifestyle & Everyday Essentials > Fashion, Lifestyle & Everyday Essentials",no_description
11536,93YR811536,Red Lace Bra Set,simple,False,unknown,650,True,True,False,"All Products, Lifestyle & Everyday Essentials > Fashion, Lifestyle & Everyday Essentials",no_description
11538,9902061679618,Tupperware Cubix Mini Square Set 110ml - Orange,variable,False,tupperware,,False,True,True,"All Products, Homeware > Kitchenware > Food Storage Containers, Homeware > Appliances > Fridges, Homeware, Homeware > Kitchenware, Homeware > Kitchenware > Food Storage Containers > Tupperware",no_price
11541,K7X3111541,Strappy Lace Bodystocking Dress,simple,False,unknown,350,True,True,False,"All Products, Lifestyle & Everyday Essentials > Fashion, Lifestyle & Everyday Essentials",no_description
11546,G2YMS11546,Sparkle Rhinestone Fishnet Teddy Lingerie,simple,False,unknown,450,True,True,False,"All Products, Lifestyle & Everyday Essentials > Fashion, Lifestyle & Everyday Essentials",no_description
11593,9902062788562,Paw Patrol Lenticular Tower Puzzle,simple,False,unknown,280,True,True,False,"All Products, Lifestyle & Everyday Essentials, Lifestyle & Everyday Essentials > Novelty",no_description
11598,9902059538491,Morphy Richards - Toaster 4 Slice Steel Black - 1800W Evoke Rose Gold,simple,False,hirschs,2450,True,True,True,"All Products, Homeware > Appliances, Homeware, Homeware > Appliances > Small Appliances > Kettles & Toasters, Homeware > Appliances > Small Appliances",
11600,9902062939209,Condere - Quartz Heater - ZR-2002,simple,False,unknown,500,True,True,True,"All Products, Homeware > Appliances, Homeware > Fans & Heaters, Homeware > Appliances > Small Appliances",
11602,9902060654906,Body Exfoliating Sponge,simple,False,unknown,100,True,True,False,"Homeware > Cleaning & Organization > Brushware, Homeware > Cleaning & Organization > Cleaning, Homeware > Cleaning & Organization, Lifestyle & Everyday Essentials, Lifestyle & Everyday Essentials > Novelty",no_description
11603,9902054108064,Casio FX-82ES PLUS Scientific Calculator -2nd Edition,simple,True,unknown,500,True,True,False,"All Products, Lifestyle & Everyday Essentials > Stationery",no_description
11604,9902059527037,Delonghi Argento Kettle Red - KBX2016.R1,simple,True,hirschs,1100,True,True,False,"All Products, Homeware > Appliances, Homeware > Appliances > Small Appliances > Kettles & Toasters, Homeware > Appliances > Small Appliances",no_description
11605,9902059527051,Delonghi Argento 2 Slice Toaster White- CT021.W1,simple,False,hirschs,1100,True,True,False,"All Products, Homeware > Appliances, Homeware > Appliances > Small Appliances > Kettles & Toasters, Homeware > Appliances > Small Appliances",no_description
11606,9902059527082,Delonghi - Argento Kettle Black - KBX2016.BK,simple,False,hirschs,980,True,True,False,"All Products, Homeware > Appliances, Homeware > Appliances > Small Appliances > Kettles & Toasters, Homeware > Appliances > Small Appliances",no_description
11608,9902059527006,Delonghi - Argento Toaster Red - CT021.R,simple,True,hirschs,1100,True,True,False,"All Products, Homeware > Appliances, Homeware, Homeware > Appliances > Small Appliances > Kettles & Toasters, Homeware > Appliances > Small Appliances",no_description
11610,9902062788852,2 x Budget Magic Puzzle Cube 3x3,simple,False,unknown,100,True,True,False,"Lifestyle & Everyday Essentials, Lifestyle & Everyday Essentials > Novelty, Lifestyle & Everyday Essentials > Under R99",no_description
11611,F02094,Aries Star - Knapsack Sprayer - (16L),simple,False,impulse,690,True,True,True,"Garden, Garden > Garden Tools",
11612,9902031454764,10 Pack LED 5w Light Bulb B22,simple,True,unknown,248,True,True,False,"All Products, Hardware > Electrical, Hardware > Electrical > Lights",no_description
11614,9902062788623,Peppa Pig Wooden Jet With Peppa,simple,False,unknown,580,True,True,False,"Lifestyle & Everyday Essentials, Lifestyle & Everyday Essentials > Novelty",no_description
11621,F02230,Wood Chisel Plastic Handle 6mm,simple,False,impulse,130,True,True,True,"All Products, Hardware > Hand Tools > Chisels, Hardware > Hand Tools, Hardware, Lifestyle & Everyday Essentials > Under R99",
11622,F02231,Wood Chisel Plastic Handle 12mm,simple,False,impulse,180,True,True,True,"All Products, Hardware > Hand Tools > Chisels, Hardware > Hand Tools, Hardware",
11623,F02232,Wood Chisel Plastic Handle 24mm,simple,False,impulse,190,True,True,True,"All Products, Hardware > Hand Tools > Chisels, Hardware > Hand Tools, Hardware",
11651,9902061548259,Tupperware Eco Bottle 750ml,simple,False,tupperware,250,True,True,True,"Homeware > Dining > Drinkware > Bottles, Homeware > Dining > Drinkware, Homeware, Homeware > Kitchenware > Food Storage Containers > Tupperware",
11652,9902061548266,Tupperware Eco Bottle 750ml,simple,True,tupperware,250,True,True,True,"Homeware > Dining > Drinkware > Bottles, Homeware > Dining > Drinkware, Homeware, Homeware > Kitchenware > Food Storage Containers > Tupperware",
11654,9902061679601,Tupperware Cubix Mini Square Set 110ml - Blue,simple,True,tupperware,190,True,True,True,"All Products, Homeware > Kitchenware > Food Storage Containers, Homeware > Appliances > Fridges, Homeware, Homeware > Kitchenware, Homeware > Kitchenware > Food Storage Containers > Tupperware",
11688,9902062545813,Jiffy Transparent Adjustable Heavy-Duty Plastic Book Covers - 10 Pack,simple,True,unknown,35,True,True,False,"All Products, Lifestyle & Everyday Essentials > Stationery, Lifestyle & Everyday Essentials > Under R99",no_description
11698,9902062662572,Tupperware Blue Square Away Storage Containers,simple,True,tupperware,280,True,True,False,"Homeware > Kitchenware > Food Storage Containers, Homeware, Homeware > Kitchenware, Homeware > Kitchenware > Food Storage Containers > Tupperware",no_description
11699,F01778,3.52sqm Peel & Stick Vinyl Tiles- CL7061,simple,False,impulse,580,True,True,False,"All Products, Hardware, Hardware > Peel and Stick Tiles > Peel & Stick Vinyl Tiles, Hardware > Peel and Stick Tiles",no_description
11700,F01775,3.52sqm Peel & Stick Vinyl Tiles- CL3021,simple,False,impulse,580,True,True,False,"All Products, Hardware, Hardware > Peel and Stick Tiles > Peel & Stick Vinyl Tiles, Hardware > Peel and Stick Tiles",no_description
11701,F01776,3.52sqm Peel & Stick Vinyl Tiles- CL7020,simple,False,impulse,580,True,True,False,"All Products, Hardware, Hardware > Peel and Stick Tiles > Peel & Stick Vinyl Tiles, Hardware > Peel and Stick Tiles",no_description
11702,F01779,3.52sqm Peel & Stick Vinyl Tiles- CL7801,simple,False,impulse,580,True,True,False,"All Products, Hardware, Hardware > Peel and Stick Tiles > Peel & Stick Vinyl Tiles, Hardware > Peel and Stick Tiles",no_description
11703,F01781,3.52sqm Peel & Stick Vinyl Tiles- KLD0707,simple,False,impulse,580,True,True,False,"All Products, Hardware, Hardware > Peel and Stick Tiles > Peel & Stick Vinyl Tiles, Hardware > Peel and Stick Tiles",no_description
11704,9902062725970,3.52sqm Peel & Stick Vinyl Tiles- KLD0708,simple,False,unknown,580,True,True,False,"Hardware, Hardware > Peel and Stick Tiles > Peel & Stick Vinyl Tiles, Hardware > Peel and Stick Tiles",no_description
11705,F01783,3.52sqm Peel & Stick Vinyl Tiles- KLD0718,simple,False,impulse,580,True,True,False,"All Products, Hardware, Hardware > Peel and Stick Tiles > Peel & Stick Vinyl Tiles, Hardware > Peel and Stick Tiles",no_description
11706,9902062725994,3.52sqm Peel & Stick Vinyl Tiles- KLD0505,simple,False,unknown,580,True,True,False,"All Products, Hardware, Hardware > Peel and Stick Tiles > Peel & Stick Vinyl Tiles, Hardware > Peel and Stick Tiles",no_description
11707,F01788,3.52sqm Peel & Stick Vinyl Tiles- CL2014,simple,False,impulse,580,True,True,False,"All Products, Hardware, Hardware > Peel and Stick Tiles > Peel & Stick Vinyl Tiles, Hardware > Peel and Stick Tiles",no_description
11708,F01790,3.52sqm Peel & Stick Vinyl Tiles- KLD0105,simple,True,impulse,580,True,True,False,"All Products, Hardware, Hardware > Peel and Stick Tiles > Peel & Stick Vinyl Tiles, Hardware > Peel and Stick Tiles",no_description
11709,F01762,3.52sqm Peel & Stick Vinyl Tiles- KLD207-1,simple,True,impulse,580,True,True,False,"All Products, Hardware, Hardware > Peel and Stick Tiles > Peel & Stick Vinyl Tiles, Hardware > Peel and Stick Tiles",no_description
11710,F01764,3.52sqm Peel & Stick Vinyl Tiles- CL2045,simple,False,impulse,580,True,True,False,"All Products, Hardware, Hardware > Peel and Stick Tiles > Peel & Stick Vinyl Tiles, Hardware > Peel and Stick Tiles",no_description
11711,F01777,3.52sqm Peel & Stick Vinyl Tiles- CL2024,simple,False,impulse,580,True,True,False,"All Products, Hardware, Hardware > Peel and Stick Tiles > Peel & Stick Vinyl Tiles, Hardware > Peel and Stick Tiles",no_description
11712,9902062726052,3.52sqm Peel & Stick Vinyl Tiles- KLD0805,simple,False,unknown,580,True,True,False,"All Products, Hardware, Hardware > Peel and Stick Tiles > Peel & Stick Vinyl Tiles, Hardware > Peel and Stick Tiles",no_description
11715,9902063083253,Tupperware Luncher Lunchbox,simple,False,tupperware,280,True,True,True,"All Products, Homeware > Kitchenware > Food Storage Containers, Homeware, Homeware > Kitchenware, Homeware > Kitchenware > Food Storage Containers > Tupperware",
11718,9902063099728,Tupperware Maxi Server - 5.6L,simple,False,tupperware,550,True,True,False,"All Products, Homeware > Kitchenware > Food Storage Containers, Homeware, Homeware > Kitchenware, Homeware > Kitchenware > Food Storage Containers > Tupperware",no_description
11722,9902063236420,Tupperware Impression Tumbler - Pink,simple,False,tupperware,250,True,True,False,"All Products, Homeware > Dining, Homeware > Dining > Drinkware, Homeware > Dining > Drinkware > Plastic Cups, Homeware > Kitchenware > Food Storage Containers > Tupperware",no_description
11727,9902063412664,Tupperware Inspirations Tumblers - 500 ml x 4,simple,False,tupperware,380,True,True,False,"All Products, Homeware > Dining > Drinkware, Homeware, Homeware > Dining > Drinkware > Plastic Cups, Homeware > Kitchenware > Food Storage Containers > Tupperware",no_description
11731,9902063445341,Tupperware Pink 8 Pack Variety Cookie Cutters,simple,False,tupperware,240,True,True,False,"Homeware > Kitchenware > Kitchen Organization, Homeware > Kitchenware, Homeware > Kitchenware > Food Storage Containers > Tupperware",no_description
11734,9902063447772,Tupperware Pink Slim Line Flat Lid Pitcher - 1.1L,simple,True,tupperware,290,True,True,False,"All Products, Homeware > Dining, Homeware > Dining > Drinkware, Homeware > Kitchenware > Food Storage Containers, Homeware > Kitchenware, Homeware > Dining > Drinkware > Plastic Cups, Homeware > Kitchenware > Food Storage Containers > Tupperware",no_description
11737,9902063450604,Flip Top Tumbler - 470ml,simple,False,unknown,280,True,True,False,"All Products, Homeware > Dining, Homeware > Dining > Drinkware, Homeware, Homeware > Dining > Drinkware > Plastic Cups",no_description
11738,9902063450611,Tupperware Blue Flip Top Tumbler - 470ml,simple,False,tupperware,250,True,True,False,"Homeware > Dining, Homeware > Dining > Drinkware, Homeware, Homeware > Kitchenware, Homeware > Dining > Drinkware > Plastic Cups, Homeware > Dining > Drinkware > Tumblers, Homeware > Kitchenware > Food Storage Containers > Tupperware",no_description
11740,9902063479216,"Tupperware Expression Bowl - 2,5L",simple,False,tupperware,320,True,True,False,"Homeware > Kitchenware > Food Storage Containers, Homeware, Homeware > Kitchenware, Homeware > Kitchenware > Food Storage Containers > Tupperware",no_description
11742,9902063479308,Tupperware Blue Character Sandwich Keeper Lunchbox,simple,True,tupperware,240,True,True,True,"Homeware > Kitchenware > Food Storage Containers, Homeware, Homeware > Kitchenware, Homeware > Kitchenware > Food Storage Containers > Tupperware",
11743,9902063479360,Tupperware Pink That's a Bowl Storage Container,simple,False,tupperware,350,True,True,False,"All Products, Homeware > Kitchenware > Food Storage Containers, Homeware, Homeware > Kitchenware, Homeware > Kitchenware > Food Storage Containers > Tupperware",no_description
11744,9902063479421,Tupperware Pink Aloha Bowl - 2L,simple,False,tupperware,400,True,True,False,"All Products, Homeware > Kitchenware > Food Storage Containers, Homeware > Appliances > Fridges, Homeware, Homeware > Kitchenware, Homeware > Kitchenware > Food Storage Containers > Tupperware",no_description
11745,9902063479438,Tupperware Rectangular Crisper Vent Smart Container,simple,False,tupperware,350,True,True,False,"Homeware > Kitchenware > Food Storage Containers, Homeware, Homeware > Kitchenware, Homeware > Kitchenware > Food Storage Containers > Tupperware",no_description
11748,9902063675847,Tupperware Oyster Mini Storage Container,simple,False,tupperware,180,True,True,True,"Homeware > Kitchenware > Food Storage Containers, Homeware, Homeware > Kitchenware, Homeware > Kitchenware > Food Storage Containers > Tupperware",
11749,9902063675878,Tupperware Square Super Keeper Storage Container,simple,False,tupperware,290,True,True,False,"Homeware > Kitchenware > Food Storage Containers, Homeware, Homeware > Kitchenware, Homeware > Kitchenware > Food Storage Containers > Tupperware",no_description
11750,9902063675885,Tupperware Vintage Purple Mini Snack Containers Set of 2,simple,False,tupperware,250,True,True,False,"Homeware > Kitchenware > Food Storage Containers, Homeware > Appliances > Fridges, Homeware, Homeware > Kitchenware, Homeware > Kitchenware > Food Storage Containers > Tupperware",no_description
11751,9902063675892,Tupperware 3-in-1 Condiments Server with Lids,simple,False,tupperware,350,True,True,False,"Homeware > Kitchenware > Food Storage Containers, Homeware, Homeware > Kitchenware, Homeware > Kitchenware > Food Storage Containers > Tupperware",no_description
11752,9902063675908,Tupperware Baby Formula Dispenser,simple,False,tupperware,350,True,True,False,"Homeware > Dining > Drinkware > Bottles, Homeware > Dining > Drinkware, Homeware > Kitchenware > Food Storage Containers, Homeware, Homeware > Kitchenware, Homeware > Kitchenware > Food Storage Containers > Tupperware",no_description
11753,9902063675939,Tupperware Leftovers Storage Containers - 350ml,simple,False,tupperware,250,True,True,False,"Homeware > Kitchenware > Food Storage Containers, Homeware > Appliances > Fridges, Homeware, Homeware > Kitchenware, Homeware > Kitchenware > Food Storage Containers > Tupperware",no_description
11754,9902063675946,Tupperware Baby Cup,simple,False,tupperware,250,True,True,True,"Homeware > Dining > Drinkware, Homeware, Homeware > Dining > Drinkware > Plastic Cups, Homeware > Kitchenware > Food Storage Containers > Tupperware",
11755,9902063675953,Tupperware Tabletop Shaker Set of 2 - 110ml,simple,True,tupperware,280,True,True,False,"Homeware > Dining, Homeware > Kitchenware > Food Storage Containers, Homeware, Homeware > Kitchenware, Homeware > Kitchenware > Food Storage Containers > Tupperware",no_description
11756,9902063676592,Vegetables Patterns Design Tray Cloth,simple,False,unknown,170,True,True,False,"Homeware, Homeware > Decor > Kitchen & Table Accessories",no_description
11790,FWXI711790,Striped Lace Teddy,simple,False,unknown,350,True,True,False,"All Products, Lifestyle & Everyday Essentials > Fashion, Lifestyle & Everyday Essentials",no_description
11828,H7T7711828,Mecer 7.4V 5200mAh Lithium Battery On-line UPS,simple,False,power_warehouse,1500,True,True,False,"All Products, Hardware > Electrical > Loadshedding, Hardware > Electrical > Loadshedding > UPS",no_description
11830,ME-650-VU,"Mecer UPS with AVR,Monitoring Software + Cable & Built-in Surge Protection",variable,False,jewellery,,False,True,False,"All Products, Hardware > Electrical > Loadshedding, Hardware > Electrical > Loadshedding > UPS",no_price|no_description
11858,IVR-1200LBKS,Mecer Inverter DC-AC Inverter with LCD Display,variable,False,power_warehouse,,False,True,False,"All Products, Hardware > Electrical > Loadshedding, Hardware > Electrical > Loadshedding > Inverters",no_price|no_description
11863,543KA11863,"Mecer Inverter with LCD Display, Lead Acid / Lithium Battery Compatible and Built-in MPPT Module",variable,False,power_warehouse,,False,True,False,"All Products, Hardware > Electrical > Loadshedding > Inverters, Hardware > Electrical > Loadshedding",no_price|no_description
11880,8K18F11880,"Revov 2nd Life R100 Battery - 51.2V, 100Ah, 5.1kWh",simple,False,power_warehouse,31000,True,True,False,"All Products, Hardware > Electrical > Loadshedding, Hardware > Electrical > Loadshedding > Batteries & Power Banks",no_description
11885,A75WU11885,Mecer Solar Panel PV Module Poly (160W-545W),variable,False,power_warehouse,,False,True,False,"All Products, Hardware > Electrical > Loadshedding, Hardware > Electrical > Loadshedding > Solar",no_price|no_description
11895,V1Z6Z11895,Mecer 1KW / 2KW Inverter (Gel Battery) / (Lithium Battery),variable,False,power_warehouse,,False,True,False,"All Products, Hardware > Electrical > Loadshedding > Batteries & Power Banks, Hardware > Electrical > Loadshedding > Inverters, Hardware > Electrical > Loadshedding",no_price|no_description
11901,49BIJ11901,Mecer Hybrid 1000VA / 5600W Inverter Charger,variable,False,power_warehouse,,False,True,True,"All Products, Hardware > Electrical > Loadshedding > Inverters, Hardware > Electrical > Loadshedding",no_price
11912,SOL-I-AX-8M,Mecer Off Grid  (8kVA - 11kVA),variable,False,power_warehouse,,False,True,False,"All Products, Hardware > Electrical > Loadshedding > Inverters, Hardware > Electrical > Loadshedding",no_price|no_description
11917,E67K111917,PylonTech Lithium Battery UP5000 4.8kWh Li-Ion Solar Battery 48V 100A,simple,False,power_warehouse,34600,True,True,True,"All Products, Hardware > Electrical > Loadshedding > Batteries & Power Banks, Hardware > Electrical > Loadshedding",
11919,7TNEL11919,PylonTech US3000C 3.5kWh 48V Lithium Battery,simple,False,power_warehouse,28000,True,True,True,"All Products, Hardware > Electrical > Loadshedding > Batteries & Power Banks, Hardware > Electrical > Loadshedding",
11921,1ZQAU11921,Freedom Won 12V 8Ah Onesto Lithium,simple,False,power_warehouse,1500,True,True,True,"All Products, Hardware > Electrical > Loadshedding > Batteries & Power Banks, Hardware > Electrical > Loadshedding",
11923,D97O711923,Sunsynk 5.5kW Hybrid Inverter,simple,False,power_warehouse,32800,True,True,True,"All Products, Hardware > Electrical > Loadshedding > Inverters, Hardware > Electrical > Loadshedding",
11927,1PIQL11927,Sunsynk 8kW Hybrid Inverter,simple,False,power_warehouse,49500,True,True,True,"All Products, Hardware > Electrical > Loadshedding > Inverters, Hardware > Electrical > Loadshedding",
11928,49G4H11928,RCT MegaPower 54000 mAh AC Power Bank,variable,False,power_warehouse,,False,True,False,"All Products, Hardware > Electrical > Loadshedding > Batteries & Power Banks, Hardware > Electrical > Loadshedding",no_price|no_description
11934,76P9D11934,CNBM Solar Flood Light - 40W,simple,False,power_warehouse,2800,True,True,True,"All Products, Hardware > Electrical > Loadshedding, Hardware > Electrical > Loadshedding > Solar",
11937,W3F4911937,Ecoflow RIVER 2 Portable Power Station - 256Wh LFP battery,simple,False,power_warehouse,8300,True,True,True,"All Products, Hardware > Electrical > Loadshedding > Batteries & Power Banks, Hardware > Electrical > Loadshedding",
11940,4NU6411940,RCT MegaPower 2KVA/2000W Inverter Trolley With 2 x 100AH Battery,simple,False,power_warehouse,23000,True,True,True,"All Products, Hardware > Electrical > Loadshedding > Batteries & Power Banks, Hardware > Electrical > Loadshedding > Inverters, Hardware > Electrical > Loadshedding",
11944,AFOQ711944,EcoFlow RIVER Pro 720Wh Portable Power Station,simple,False,power_warehouse,16900,True,True,True,"All Products, Hardware > Electrical > Loadshedding > Batteries & Power Banks, Hardware > Electrical > Loadshedding",
11947,SO23L11947,Digimark 2 Bar Electric Heater,simple,True,unknown,550,True,True,True,"All Products, Homeware > Appliances, Hardware > Electrical, Homeware > Fans & Heaters, Homeware > Appliances > Small Appliances",
11949,R4Z8411949,Mellerware Floor Fan Heater 2000w,simple,False,unknown,650,True,True,True,"All Products, Homeware > Appliances, Homeware > Fans & Heaters, Homeware > Appliances > Small Appliances",
11951,9Y42X11951,Sinotec Bluetooth 5.1CH Soundbar Home Theatre System - SBS-511HS,simple,False,unknown,1900,True,True,True,"Mobile Tech & Gadgets > Audio, Mobile Tech & Gadgets > Tech & Gadgets, Mobile Tech & Gadgets > Tv's",
11954,48S8I11954,Aruif One Plate Burner Gas Stove,simple,False,power_warehouse,550,True,True,True,"All Products, Homeware > Appliances, Hardware > Electrical > Loadshedding, Homeware > Appliances > Small Appliances, Homeware > Appliances > Stoves",
11956,BQ23911956,Midea Teapot kettle,simple,False,unknown,1400,True,True,True,"All Products, Homeware > Appliances, Homeware > Appliances > Small Appliances > Kettles & Toasters, Homeware > Appliances > Small Appliances",
11958,1969I11958,Midea 1.7L Teapot Kettle - Cream,simple,False,unknown,1400,True,True,True,"All Products, Homeware > Appliances, Homeware > Appliances > Small Appliances > Kettles & Toasters, Homeware > Appliances > Small Appliances",
11961,Q5Q9Z11961,Defy Microwave - Making Waves!,simple,False,hirschs,2700,True,True,True,"All Products, Homeware > Appliances, Homeware, Homeware > Appliances > Small Appliances",
11963,8MU8L11963,Defy Barista Buddy Kettle - 1.7l Silver,simple,False,hirschs,1050,True,True,True,"All Products, Homeware > Appliances, Homeware > Appliances > Small Appliances > Kettles & Toasters, Homeware > Appliances > Small Appliances",
11965,G1BW611965,Midea stainless steel kettle,simple,False,unknown,650,True,True,True,"All Products, Homeware > Appliances, Homeware > Appliances > Small Appliances > Kettles & Toasters, Homeware > Appliances > Small Appliances",
11967,632KU11967,Defy Uppererust everyday toaster,simple,True,hirschs,800,True,True,True,"All Products, Homeware > Appliances, Homeware > Appliances > Small Appliances > Kettles & Toasters, Homeware > Appliances > Small Appliances",
11969,U4PY811969,Defy Uppererust everyday toaster,simple,False,hirschs,900,True,True,True,"All Products, Homeware > Appliances, Homeware > Appliances > Small Appliances > Kettles & Toasters, Homeware > Appliances > Small Appliances",
11971,X2QH911971,Defy Hot of the press steam iron,simple,False,hirschs,700,True,True,True,"All Products, Homeware > Appliances, Homeware > Appliances > Small Appliances > Irons, Homeware > Appliances > Small Appliances",
12033,DAU3U12033,Mecer Solar Panel PV Module Poly (160W-545W),variable,False,power_warehouse,,False,True,False,"All Products, Hardware > Electrical > Loadshedding, Hardware > Electrical > Loadshedding > Solar",no_price|no_description
12125,UD9RD12125,Philips 2000w Easy Speed Iron - Light Blue,simple,False,unknown,650,True,True,True,"All Products, Homeware > Appliances, Homeware > Appliances > Small Appliances > Irons, Homeware > Appliances > Small Appliances",
12149,4PSI512149,Dress Brocade Bottom,variable,False,unknown,,False,True,True,"Lifestyle & Everyday Essentials > Fashion, Lifestyle & Everyday Essentials",no_price
12159,XBS2F12159,Dress Bell Sleeves,variable,False,unknown,,False,True,True,"Lifestyle & Everyday Essentials > Fashion, Lifestyle & Everyday Essentials",no_price
12166,OZOFI12166,Dress Chiffon Sleeves,simple,False,unknown,1750,True,True,True,"Lifestyle & Everyday Essentials > Fashion, Lifestyle & Everyday Essentials",
12169,KC2AR12169,Dress Sleeveless Brocade,simple,False,unknown,1800,True,True,True,"Lifestyle & Everyday Essentials > Fashion, Lifestyle & Everyday Essentials",
12172,8WKV512172,Dress Feather Detail On Hem,variable,False,unknown,,False,True,True,"Lifestyle & Everyday Essentials > Fashion, Lifestyle & Everyday Essentials",no_price
12176,K39F812176,Dress Shimmer Bottom,variable,False,unknown,,False,True,True,"Lifestyle & Everyday Essentials > Fashion, Lifestyle & Everyday Essentials",no_price
12180,9P26Y12180,Dress Beautiful Brocade An Bead,variable,False,unknown,,False,True,True,"Lifestyle & Everyday Essentials > Fashion, Lifestyle & Everyday Essentials",no_price
12184,6AHCA12184,Jacket Net And Bead Detil,variable,False,unknown,,False,True,True,"Lifestyle & Everyday Essentials > Fashion, Lifestyle & Everyday Essentials",no_price
12187,4AA4L12187,Pleated Dress,variable,False,unknown,,False,True,True,"Lifestyle & Everyday Essentials > Fashion, Lifestyle & Everyday Essentials",no_price
12192,2O75412192,Shirt Bell Sleeves,variable,False,unknown,,False,True,True,"Lifestyle & Everyday Essentials > Fashion, Lifestyle & Everyday Essentials",no_price
12195,K472312195,Shirt Bell Sleeves and 3d Flowers,simple,False,unknown,1250,True,True,True,"All Products, Lifestyle & Everyday Essentials > Fashion, Lifestyle & Everyday Essentials",
12198,7SZ6512198,Shirt Gold Lace,variable,False,unknown,,False,True,True,"Lifestyle & Everyday Essentials > Fashion, Lifestyle & Everyday Essentials",no_price
12202,K943Z12202,Shirt pearl and 3d cut out flower,variable,False,unknown,,False,True,True,"All Products, Lifestyle & Everyday Essentials > Fashion, Lifestyle & Everyday Essentials",no_price
12204,U91LM12204,Shirt Bell Sleeves,variable,False,unknown,,False,True,True,"Lifestyle & Everyday Essentials > Fashion, Lifestyle & Everyday Essentials",no_price
12206,W8BG312206,Shirt Bell Sleeves,variable,False,unknown,,False,True,True,"Lifestyle & Everyday Essentials > Fashion, Lifestyle & Everyday Essentials",no_price
12209,Y2E2O12209,Shirt Pearl and Sequin Collar,simple,False,unknown,1500,True,True,True,"All Products, Lifestyle & Everyday Essentials > Fashion, Lifestyle & Everyday Essentials",
12212,RHQ9212212,Shirt pearl and Sequin Collar,variable,False,unknown,,False,True,True,"Lifestyle & Everyday Essentials > Fashion, Lifestyle & Everyday Essentials",no_price
12215,BTNM912215,Dress Brocade,variable,True,unknown,,False,True,True,"All Products, Lifestyle & Everyday Essentials > Fashion, Lifestyle & Everyday Essentials",no_price
12219,UJIJQ12219,Dress Mock Cot and Embellished,variable,False,unknown,,False,True,True,"Lifestyle & Everyday Essentials > Fashion, Lifestyle & Everyday Essentials",no_price
12223,4H12E12223,Cocktail Dress Sequin Work,variable,False,unknown,,False,True,True,"All Products, Lifestyle & Everyday Essentials > Fashion, Lifestyle & Everyday Essentials",no_price
12226,NBSA612226,Cocktail Dress Blusso Style,variable,False,unknown,,False,True,True,"All Products, Lifestyle & Everyday Essentials > Fashion, Lifestyle & Everyday Essentials",no_price
12229,LHH3C12229,"Dress Sequin Bodice, Chiffon",variable,False,unknown,,False,True,True,"Lifestyle & Everyday Essentials > Fashion, Lifestyle & Everyday Essentials",no_price
12232,I5K2D12232,Dress Encrusted Waist,variable,False,unknown,,False,True,True,"All Products, Lifestyle & Everyday Essentials > Fashion, Lifestyle & Everyday Essentials",no_price
12235,M52TZ12235,Dress Chiffon Overlay,variable,False,unknown,,False,True,True,"Lifestyle & Everyday Essentials > Fashion, Lifestyle & Everyday Essentials",no_price
12240,1MUEQ12240,Dress Stonework on Flowers,variable,False,unknown,,False,True,True,"All Products, Lifestyle & Everyday Essentials > Fashion, Lifestyle & Everyday Essentials",no_price
12243,6Y26L12243,Dress Chiffon Overlay. 1pc,variable,False,unknown,,False,True,True,"Lifestyle & Everyday Essentials > Fashion, Lifestyle & Everyday Essentials",no_price
12247,DS61W12247,Body Con Dress Satin animal print,variable,False,unknown,,False,True,True,"Lifestyle & Everyday Essentials > Fashion, Lifestyle & Everyday Essentials",no_price
12252,9UTTX12252,Long Lightweight Jacket Sequin Pockets,variable,False,unknown,,False,True,True,"Lifestyle & Everyday Essentials > Fashion, Lifestyle & Everyday Essentials",no_price
12254,ELTW712254,Lightweight Jacket/Coat Sequin and Drawstring,variable,False,jewellery,,False,True,True,"Lifestyle & Everyday Essentials > Fashion, Lifestyle & Everyday Essentials",no_price
12257,XM55P12257,2Pc Dress With Coat,variable,False,unknown,,False,True,True,"Lifestyle & Everyday Essentials > Fashion, Lifestyle & Everyday Essentials",no_price
12262,G4F8K12262,2Pc Dress with Coat Animal Print With Stones,variable,False,unknown,,False,True,True,"Lifestyle & Everyday Essentials > Fashion, Lifestyle & Everyday Essentials",no_price
12266,Z29VB12266,2Pc Top Inner With Outer Coat,variable,False,unknown,,False,True,True,"Lifestyle & Everyday Essentials > Fashion, Lifestyle & Everyday Essentials",no_price
12269,7UD3C12269,2pc Top Inner Top With Over Coat,variable,False,unknown,,False,True,True,"Lifestyle & Everyday Essentials > Fashion, Lifestyle & Everyday Essentials",no_price
12274,EPT6512274,Jacket Leather and Lace,variable,True,unknown,,False,True,True,"Lifestyle & Everyday Essentials > Fashion, Lifestyle & Everyday Essentials",no_price
12278,PMY4M12278,Shirt Pearl Work,variable,True,unknown,,False,True,True,"Lifestyle & Everyday Essentials > Fashion, Lifestyle & Everyday Essentials",no_price
12281,TU65K12281,Shirt Silk And Velour,variable,False,unknown,,False,True,True,"Lifestyle & Everyday Essentials > Fashion, Lifestyle & Everyday Essentials",no_price
12284,14BNT12284,Shirt Bottom Down and Pearl Work,variable,False,unknown,,False,True,True,"Lifestyle & Everyday Essentials > Fashion, Lifestyle & Everyday Essentials",no_price
12289,41KK112289,Dress Cool Soft Fabric,variable,False,unknown,,False,True,True,"All Products, Lifestyle & Everyday Essentials > Fashion, Lifestyle & Everyday Essentials",no_price
12321,QBH1R12321,AGM Amaron Battery,variable,False,power_warehouse,,False,True,False,"All Products, Hardware > Electrical > Loadshedding > Batteries & Power Banks, Hardware > Electrical > Loadshedding",no_price|no_description
12450,RS9UF12450,Philips Featherlight Plus Steam Iron,simple,True,unknown,650,True,True,True,"All Products, Homeware > Appliances, Homeware > Cleaning & Organization, Homeware, Homeware > Appliances > Small Appliances > Irons, Homeware > Cleaning & Organization > Laundry, Homeware > Appliances > Small Appliances",
12453,389S512453,Dyness 5KW Lithium Battery,simple,False,power_warehouse,27500,True,True,False,"All Products, Hardware > Electrical > Loadshedding > Batteries & Power Banks, Hardware > Electrical > Loadshedding",no_description
12458,JA28412458,Volta 5kWh Lithium-ion Battery,simple,True,power_warehouse,27500,True,True,False,"All Products, Hardware > Electrical > Loadshedding > Batteries & Power Banks, Hardware > Electrical > Loadshedding",no_description
12492,J7UK112492,DeLonghi Avvolta 4 Slice Toaster - Ivory Galaxy,simple,True,hirschs,3500,True,True,False,"All Products, Homeware > Appliances, Homeware > Appliances > Small Appliances > Kettles & Toasters, Homeware > Appliances > Small Appliances",no_description
12494,V1CHA12494,"Barkan 19"" To 65"" Tilt Mount Bracket",simple,False,unknown,,False,True,False,"All Products, Homeware > Appliances, Homeware > Appliances > Small Appliances",no_price|no_description
12496,2N7EF12496,Navasolar 3KW 24V Offgrid Solar Inverter 60A MPPT,simple,True,power_warehouse,7500,True,True,False,"All Products, Hardware > Electrical > Loadshedding > Inverters, Hardware > Electrical > Loadshedding, Hardware > Electrical > Loadshedding > Solar",no_description
12498,2KR2412498,"Navasolar 25.6V 100AH LIFEPO4 IP65 Battery Pack 2,56KWH",simple,True,power_warehouse,16500,True,True,False,"All Products, Hardware > Electrical > Loadshedding > Batteries & Power Banks, Hardware > Electrical > Loadshedding",no_description
12645,F002247,Element Heating Bucket Urn/Geyser 20L,variable,False,power_warehouse,,False,True,True,"Homeware > Appliances, Hardware > Electrical > Loadshedding > Batteries & Power Banks, Hardware > Electrical, Homeware > Fans & Heaters, Homeware > Kitchenware > Food Storage Containers, Garden, Garden > Garden Tools, Hardware, Homeware, Homeware > Appliances > Small Appliances > Kettles & Toasters, Homeware > Kitchenware, Hardware > Electrical > Loadshedding, Homeware > Appliances > Small Appliances",no_price
12656,DSJ1312656,Kenwood Vintage Kettle & Toaster Breakfast Pack,variable,True,hirschs,,False,True,True,"Homeware > Appliances, Homeware, Homeware > Appliances > Small Appliances > Kettles & Toasters, Homeware > Appliances > Small Appliances",no_price
12660,F02493,Barrier Fencing Orange UV Resistant 1.0m x 50m,simple,False,impulse,550,True,True,False,"Hardware > Buidling Materials, Hardware, Hardware > Safety Gear",no_description
12661,F02494,Orange & Yellow Woven Barrier Netting,simple,False,impulse,499,True,True,False,"Hardware > Buidling Materials, Hardware, Hardware > Safety Gear",no_description
12704,SYNT112704,Condere Electric Oven with 2 Hot Plates - 46L,simple,False,unknown,,False,True,False,"All Products, Homeware > Appliances, Homeware, Homeware > Appliances > Small Appliances",no_price|no_description
12711,8B5GH12711,23L Mini Compact Kitchen Oven & 2 Plate Stove - Condere,simple,False,unknown,1500,True,True,True,"Homeware > Appliances, Homeware > Appliances > Small Appliances > Cookers, Homeware, Homeware > Appliances > Small Appliances, Homeware > Appliances > Stoves",
12712,7O1K212712,Defy - 2in1 Cordless Vacuum - White,simple,False,hirschs,,False,True,False,"All Products, Homeware > Appliances, Homeware, Homeware > Appliances > Small Appliances",no_price|no_description
12713,R82AS12713,Condere 26-63inch wall mount bracket TV Bracket,simple,False,unknown,,False,True,False,"All Products, Hardware",no_price|no_description
12714,43JXW12714,Condere 32-80 inch Flat Panel Wall Mount TV bracket Feature,simple,False,unknown,,False,True,False,"All Products, Hardware",no_price|no_description
12722,1SI4V12722,Condere - Ceramic Tube Electric Heater - ZR-1003,simple,False,unknown,,False,True,False,"All Products, Homeware > Appliances, Homeware > Fans & Heaters, Homeware > Appliances > Small Appliances",no_price|no_description
12723,7CSVX12723,Condere Electric Quartz Heater - 800W - White - ZR-2002,simple,False,unknown,,False,True,False,"All Products, Homeware > Appliances, Homeware > Fans & Heaters, Homeware > Appliances > Small Appliances",no_price|no_description
12724,A6FBS12724,Condere - 1200W Halogen Electric Tubular Heater - ZR-3002,simple,False,unknown,,False,True,False,"All Products, Homeware > Appliances, Homeware > Fans & Heaters, Homeware > Appliances > Small Appliances",no_price|no_description
12726,CC72912726,"Mellerware Kettle Corded Plastic White 1.7L 2200W ""Sabie""",simple,False,unknown,,False,True,False,"All Products, Homeware > Appliances, Homeware, Homeware > Appliances > Small Appliances > Kettles & Toasters, Homeware > Appliances > Small Appliances",no_price|no_description
12747,P5Q4B12747,"iTel 17"" LED TV - A175",simple,False,unknown,,False,True,False,"All Products, Mobile Tech & Gadgets > Tv's",no_price|no_description
12748,7IQTC12748,Tupperware Printed Eco Bottle 1lt,simple,False,tupperware,350,True,True,False,"All Products, Homeware > Dining > Drinkware > Bottles, Homeware > Dining > Drinkware, Homeware, Homeware > Kitchenware, Homeware > Kitchenware > Food Storage Containers > Tupperware",no_description
12749,D2Z9612749,Light Glass Ceiling Fitting 2 X E27 TCL0 - Square,simple,False,unknown,350,True,True,False,"Hardware > Electrical, Hardware > Electrical > Lights",no_description
12751,F02415,Disposable Wipe Spunlace Cloth Roll 400m x 800 Sheets,simple,False,impulse,599,True,True,False,"All Products, Homeware > Cleaning & Organization > Cleaning, Homeware",no_description
12752,F02162,Tyson Light LED Ceiling Fitting 18W - Spray,simple,True,impulse,350,True,True,True,"All Products, Hardware > Electrical, Hardware > Electrical > Lights",
12755,A1AC412755,Light Glass Ceiling Fitting 2 X E27 TCL0 - Rose Gold,simple,False,unknown,500,True,True,False,"Hardware > Electrical, Hardware > Electrical > Lights",no_description
12844,F02161,Tyson Light LED Ceiling Fitting 18W - Stary Sky,simple,False,impulse,350,True,True,False,"All Products, Hardware > Electrical, Hardware > Electrical > Lights",no_description
12846,768ZC12846,Tyson Light LED Ceiling Fitting 24W - Circle,simple,True,unknown,400,True,True,True,"All Products, Hardware > Electrical, Hardware > Electrical > Lights",
12847,I829I12847,Tyson Light LED Ceiling Fitting 24W - Sky,simple,False,unknown,400,True,True,True,"All Products, Hardware > Electrical, Hardware > Electrical > Lights",
12849,LH6FM12849,Tyson Light LED Ceiling Fitting 24W - Square,simple,False,unknown,400,True,True,True,"All Products, Hardware > Electrical, Hardware > Electrical > Lights",
12850,N6IMO12850,Tyson Light LED Ceiling Fitting 24W - Space,simple,True,unknown,400,True,True,True,"All Products, Hardware > Electrical, Hardware > Electrical > Lights",
12852,F01986,Chubby Scrubbing Brush (6),simple,False,impulse,130,True,True,True,"All Products, Homeware > Cleaning & Organization > Brushware, Homeware, Lifestyle & Everyday Essentials > Under R99",
12853,F01985,S-Shape Scrubbing (Brush Pack of 6),simple,True,impulse,150,True,True,True,"All Products, Homeware > Cleaning & Organization > Brushware, Homeware, Lifestyle & Everyday Essentials > Under R99",
12854,F02298,Stihl Mist Blower SR420,simple,False,impulse,8799,True,True,True,"All Products, Garden > Garden Tools",
12855,F02332,Gas Hose - Orange (8mm x 30m),simple,False,impulse,490,True,True,False,"Garden, Garden > Garden Tools, Hardware > Gas Geysers, Hardware",no_description
12856,F02432,Shade Netting Green 3X50M 40%,simple,False,impulse,2300,True,True,False,"All Products, Hardware > Buidling Materials, Garden, Garden > Garden Furniture, Garden > Garden Tools, Hardware",no_description
12857,F02433,Shade Netting Green 3X50M 80%,simple,False,impulse,3700,True,True,False,"All Products, Hardware > Buidling Materials, Garden, Garden > Garden Furniture, Garden > Garden Tools, Hardware",no_description
12859,C6ERS12859,Stoneglow Perfume Mist Diffuser - Pink,simple,False,unknown,1899,True,True,False,"Homeware > Decor > Candles & Holders, Homeware > Decor, Homeware > Decor > Kitchen & Table Accessories, Lifestyle & Everyday Essentials, Lifestyle & Everyday Essentials > Novelty",no_description
12895,7H5YT12895,Stoneglow Orris & Ylang Ylang Diffuser,simple,False,unknown,429,True,True,False,"Homeware > Decor > Candles & Holders, Homeware > Decor, Homeware, Homeware > Decor > Kitchen & Table Accessories, Lifestyle & Everyday Essentials, Lifestyle & Everyday Essentials > Novelty",no_description
12922,6M6KN12922,Honey With A Twist,simple,False,unknown,250,True,True,True,"All Products, Lifestyle & Everyday Essentials, Lifestyle & Everyday Essentials > Novelty",
12946,NU79Q12946,RL155 Peace Symbol Sterling Silver CZ Pendant,simple,True,jewellery,200,True,True,False,"All Products, Lifestyle & Everyday Essentials > Jewellery",no_description
12948,7BGS712948,Z93 Teardrop Sterling Silver CZ Pendant,simple,False,jewellery,200,True,True,False,"All Products, Lifestyle & Everyday Essentials > Jewellery",no_description
12950,VJY7V12950,SZ203 Multicolor CZ Stone Sterling Silver Bracelet,simple,False,jewellery,850,True,True,False,"All Products, Lifestyle & Everyday Essentials > Jewellery",no_description
12951,5ENH612951,Z71 Multicolor CZ Sterling Silver Ring,simple,False,jewellery,550,True,True,False,"All Products, Lifestyle & Everyday Essentials > Jewellery",no_description
12952,UOC3X12952,Z01 Black CZ Sterling Silver Tennis Bracelet,simple,False,jewellery,450,True,True,False,"All Products, Lifestyle & Everyday Essentials > Jewellery",no_description
12953,UKQ6912953,Z44 Sterling Silver Bracelet With Pink CZ,simple,False,jewellery,800,True,True,False,"All Products, Lifestyle & Everyday Essentials > Jewellery",no_description
12954,2D7BV12954,Z506 Sterling Dome Silver Ring,simple,False,jewellery,650,True,True,False,"All Products, Lifestyle & Everyday Essentials > Jewellery",no_description
12955,969M212955,Z69 Multicolor CZ Hoop Sterling Silver Earrings,simple,False,jewellery,1200,True,True,False,"All Products, Lifestyle & Everyday Essentials > Jewellery",no_description
12956,9CS3F12956,L107 Square Baguette Sterling Silver CZ Stud Earrings,simple,False,jewellery,240,True,True,False,"All Products, Lifestyle & Everyday Essentials > Jewellery",no_description
12957,XE62E12957,L167 Heartbeat Sterling Silver CZ Pendant,simple,False,jewellery,440,True,True,False,"All Products, Lifestyle & Everyday Essentials > Jewellery",no_description
12958,8WSK312958,N341 Sterling Silver Blue CZ Pendant And Chain,simple,False,jewellery,220,True,True,False,"All Products, Lifestyle & Everyday Essentials > Jewellery",no_description
12959,U2PK712959,TL146 Round Sterling Silver CZ Chain,simple,False,jewellery,650,True,True,False,"All Products, Lifestyle & Everyday Essentials > Jewellery",no_description
12960,66ARD12960,N12 Flower Trio Sterling Silver CZ Chain,simple,True,jewellery,800,True,True,False,"All Products, Lifestyle & Everyday Essentials > Jewellery",no_description
12961,2BOFU12961,7N007 Dreamcatcher Sterling Silver CZ Pendant And Chain,simple,False,jewellery,350,True,True,False,"All Products, Lifestyle & Everyday Essentials > Jewellery",no_description
12962,QK39D12962,L138 Peacock Sterling Silver CZ Drop Earrings,simple,False,jewellery,750,True,True,False,"All Products, Lifestyle & Everyday Essentials > Jewellery",no_description
12964,894NH12964,Z746 Sterling Silver Purple CZ Studs,simple,True,jewellery,300,True,True,False,"All Products, Lifestyle & Everyday Essentials > Jewellery",no_description
12965,P477412965,Z247 Round Sterling Silver CZ Blue Stud Earrings,simple,True,jewellery,300,True,True,False,"All Products, Lifestyle & Everyday Essentials > Jewellery",no_description
12971,2ATS412971,N27 Leaf Sterling Silver CZ Bracelet,simple,False,jewellery,540,True,True,False,"All Products, Lifestyle & Everyday Essentials > Jewellery",no_description
12977,8599F12977,SCH01 Sterling Silver Chain,simple,False,jewellery,250,True,True,False,"All Products, Lifestyle & Everyday Essentials > Jewellery",no_description
12978,6A1AU12978,ER003 Sterling Silver Cluster CZ Hoop Earrings,simple,False,jewellery,280,True,True,False,"All Products, Lifestyle & Everyday Essentials > Jewellery",no_description
12979,2O9IK12979,Men’s Sterling Silver And Black CZ Ring,simple,False,jewellery,850,True,True,False,"All Products, Lifestyle & Everyday Essentials > Jewellery",no_description
13048,B9T5413048,Plush Bathroom Mat,variable,False,makokoya,,False,True,False,"All Products, Homeware > Decor > Carpets\, Mats & Rugs > Bathroom Mats, Homeware > Decor > Carpets\, Mats & Rugs",no_price|no_description
13061,528HU13061,Bathroom Mat Set,variable,True,makokoya,,False,True,True,"All Products, Homeware > Decor > Carpets\, Mats & Rugs > Bathroom Mats, Homeware > Decor > Carpets\, Mats & Rugs, Homeware > Decor",no_price
13078,U63L413078,Bathroom Mat Set-Thick,variable,False,makokoya,,False,True,True,"All Products, Homeware > Decor > Carpets\, Mats & Rugs > Bathroom Mats, Homeware > Decor > Carpets\, Mats & Rugs, Homeware > Decor",no_price
13121,IGEB313121,Happy Harvesting Non - Electric HotPot Bag- Small,simple,False,unknown,300,True,True,True,"All Products, Homeware, Homeware > Slow Cookers",
13122,Y7GSA13122,Happy Harvesting Non - Electric HotPot Bag- Medium,simple,False,unknown,300,True,True,True,"All Products, Homeware, Homeware > Slow Cookers",
13124,X9BBB13124,Happy Harvesting Non - Electric HotPot Bag- Large,variable,False,unknown,,False,True,True,"All Products, Homeware, Homeware > Slow Cookers",no_price
13198,LK8BE13198,Z107 Sterling Silver CZ Ring,simple,False,jewellery,390,True,True,False,"All Products, Lifestyle & Everyday Essentials > Jewellery",no_description
13202,SWUHY13202,Pattern Rug,simple,False,makokoya,500,True,True,False,"All Products, Homeware > Decor > Carpets\, Mats & Rugs > Bathroom Mats, Homeware > Decor > Carpets\, Mats & Rugs, Homeware > Decor",no_description
13204,OA1RM13204,Light Blue Floor Mat Set,simple,False,makokoya,350,True,True,False,"All Products, Homeware > Decor > Carpets\, Mats & Rugs > Bathroom Mats, Homeware > Decor > Carpets\, Mats & Rugs, Homeware > Decor, Homeware > Decor > Carpets\, Mats & Rugs > Mats",no_description
13205,68OKF13205,Red Checked Floor Mat,simple,True,makokoya,180,True,True,False,"All Products, Homeware > Decor > Carpets\, Mats & Rugs > Bathroom Mats, Homeware > Decor > Carpets\, Mats & Rugs, Homeware > Decor, Homeware > Decor > Carpets\, Mats & Rugs > Mats",no_description
13293,G239413293,Peg Bag,variable,True,unknown,,False,True,True,"All Products, Homeware > Cleaning & Organization, Homeware, Homeware > Cleaning & Organization > Laundry, Lifestyle & Everyday Essentials > Under R99",no_price
13375,42WSD13375,Christmas 0.3 L 2 Pack Mugs,simple,False,unknown,120,True,True,False,"Homeware > Dining, Lifestyle & Everyday Essentials > Christmas > Festive Dining, Lifestyle & Everyday Essentials, Homeware > Dining > Drinkware > Mugs",no_description
13385,67DCF13385,Philips XXL Premium (7.3L) SmartSensing Technology Airfryer - HD9860,simple,True,unknown,8500,True,True,True,"Homeware > Appliances, Homeware > Appliances > Small Appliances > Cookers, Homeware > Appliances > Small Appliances",
13402,9ZWI213402,"Jade Chain - Blue, Red & Black",variable,False,jewellery,,False,True,False,"All Products, Lifestyle & Everyday Essentials > Fashion, Lifestyle & Everyday Essentials",no_price|no_description
13411,5452713411,"Jade Chain - Corail, White & Black with Gold Chain",variable,False,jewellery,,False,True,False,"All Products, Lifestyle & Everyday Essentials > Fashion, Lifestyle & Everyday Essentials",no_price|no_description
13418,M4VGU13418,Stud Dual Black & White,simple,False,unknown,600,True,True,False,"All Products, Lifestyle & Everyday Essentials > Fashion, Lifestyle & Everyday Essentials",no_description
13422,PD8HM13422,Stud Dual Black & Shocking Pink,simple,False,unknown,600,True,True,False,"All Products, Lifestyle & Everyday Essentials > Fashion, Lifestyle & Everyday Essentials",no_description
13426,DGVYF13426,Cream Shrug with Buttons,simple,False,makokoya,800,True,True,False,"Lifestyle & Everyday Essentials > Fashion, Lifestyle & Everyday Essentials",no_description
13430,SOZXJ13430,Cream Chiffon Stud & Stone Detail Dress,simple,False,unknown,600,True,True,False,"All Products, Lifestyle & Everyday Essentials > Fashion, Lifestyle & Everyday Essentials",no_description
13436,NJQLO13436,Navy Dress - Flat Zip,simple,False,unknown,550,True,True,False,"All Products, Lifestyle & Everyday Essentials > Fashion, Lifestyle & Everyday Essentials",no_description
13440,G8SGP13440,Shocking Pink Sequin Dress,simple,False,unknown,450,True,True,False,"All Products, Lifestyle & Everyday Essentials > Fashion, Lifestyle & Everyday Essentials",no_description
13444,K452O13444,Gold Sequin Dress,simple,False,unknown,450,True,True,False,"All Products, Lifestyle & Everyday Essentials > Fashion, Lifestyle & Everyday Essentials",no_description
13448,3VOEB13448,Grey Sequin Dress,simple,False,unknown,450,True,True,False,"Lifestyle & Everyday Essentials > Fashion, Lifestyle & Everyday Essentials",no_description
13452,PCPBO13452,Black Sequin Dress,simple,False,unknown,450,True,True,False,"All Products, Lifestyle & Everyday Essentials > Fashion, Lifestyle & Everyday Essentials",no_description
13456,TVN2I13456,Black Net Wing Dress,simple,False,unknown,650,True,True,False,"All Products, Lifestyle & Everyday Essentials > Fashion, Lifestyle & Everyday Essentials",no_description
13462,NCD6A13462,Black Dress with Pink lace,simple,False,unknown,500,True,True,False,"All Products, Lifestyle & Everyday Essentials > Fashion, Lifestyle & Everyday Essentials",no_description
13466,FBLM713466,Scuba Glass Work Dress - Black & Cream,simple,False,unknown,650,True,True,False,"All Products, Lifestyle & Everyday Essentials > Fashion, Lifestyle & Everyday Essentials",no_description
13470,X7S5813470,Stone Dress - Wing Detail,simple,False,unknown,700,True,True,False,"All Products, Lifestyle & Everyday Essentials > Fashion, Lifestyle & Everyday Essentials",no_description
13474,1AZ7913474,Shocking Pink Dress - Gold Plated Waist,simple,False,unknown,600,True,True,False,"All Products, Lifestyle & Everyday Essentials > Fashion, Lifestyle & Everyday Essentials",no_description
13481,692L213481,Black Dress with White Lace Strip,simple,False,unknown,500,True,True,False,"All Products, Lifestyle & Everyday Essentials > Fashion, Lifestyle & Everyday Essentials",no_description
13489,O63QQ13489,Gold Satin Dress,simple,False,unknown,550,True,True,False,"All Products, Lifestyle & Everyday Essentials > Fashion, Lifestyle & Everyday Essentials",no_description
13493,3FT8C13493,Stone & Gold Sequin Dress,simple,False,unknown,550,True,True,False,"All Products, Lifestyle & Everyday Essentials > Fashion, Lifestyle & Everyday Essentials",no_description
13498,NP44W13498,Black & Copper Sequin Dress,simple,False,unknown,550,True,True,False,"All Products, Lifestyle & Everyday Essentials > Fashion, Lifestyle & Everyday Essentials",no_description
13503,IIA7313503,Lemon Flower Dress,simple,False,unknown,500,True,True,False,"All Products, Lifestyle & Everyday Essentials > Fashion, Lifestyle & Everyday Essentials",no_description
13510,Y336513510,Plain Lemon Dress,simple,False,unknown,550,True,True,False,"All Products, Lifestyle & Everyday Essentials > Fashion, Lifestyle & Everyday Essentials",no_description
13514,7A82513514,Shocking Pink Dress with Stone Detail,simple,False,unknown,550,True,True,False,"All Products, Lifestyle & Everyday Essentials > Fashion, Lifestyle & Everyday Essentials",no_description
13519,T9PKF13519,Sequin Royal Blue,simple,False,unknown,650,True,True,False,"All Products, Lifestyle & Everyday Essentials > Fashion, Lifestyle & Everyday Essentials",no_description
13524,898K313524,Mint Flower Chiffon Dress,simple,False,unknown,600,True,True,False,"All Products, Lifestyle & Everyday Essentials > Fashion, Lifestyle & Everyday Essentials",no_description
13529,R6MQX13529,Stone & Peach Dress,simple,False,unknown,650,True,True,False,"All Products, Lifestyle & Everyday Essentials > Fashion, Lifestyle & Everyday Essentials",no_description
13537,G61MW13537,Navy Blue Dress with Gold Plated Waistline,simple,False,unknown,500,True,True,False,"All Products, Lifestyle & Everyday Essentials > Fashion, Lifestyle & Everyday Essentials",no_description
13541,HXGF413541,Pink & Navy Party Dress,simple,False,unknown,600,True,True,False,"All Products, Lifestyle & Everyday Essentials > Fashion, Lifestyle & Everyday Essentials",no_description
13545,2JTY813545,Plain Aqua Dress,simple,False,unknown,500,True,True,False,"All Products, Lifestyle & Everyday Essentials > Fashion, Lifestyle & Everyday Essentials",no_description
13549,1T3O113549,Ice & Stone Dress,simple,False,unknown,550,True,True,False,"All Products, Lifestyle & Everyday Essentials > Fashion, Lifestyle & Everyday Essentials",no_description
13553,QU15C13553,Mint Long Dress with Glass Work,simple,False,unknown,950,True,True,False,"All Products, Lifestyle & Everyday Essentials > Fashion, Lifestyle & Everyday Essentials",no_description
13557,N472413557,Purple Dress with Stone Detail on Neckline,simple,False,unknown,950,True,True,False,"All Products, Lifestyle & Everyday Essentials > Fashion, Lifestyle & Everyday Essentials",no_description
13565,2U4DO13565,Navy Blue Long Evening Gown,simple,False,unknown,850,True,True,False,"All Products, Lifestyle & Everyday Essentials > Fashion, Lifestyle & Everyday Essentials",no_description
13569,J35FR13569,Navy Stud Chiffon Dress,simple,False,unknown,800,True,True,False,"All Products, Lifestyle & Everyday Essentials > Fashion, Lifestyle & Everyday Essentials",no_description
13578,31SJE13578,Plain Navy Evening Gown,simple,False,unknown,700,True,True,False,"All Products, Lifestyle & Everyday Essentials > Fashion, Lifestyle & Everyday Essentials",no_description
13583,T9BS613583,Peach Chiffon Evening Gown with Sequins,simple,False,unknown,600,True,True,False,"All Products, Lifestyle & Everyday Essentials > Fashion, Lifestyle & Everyday Essentials",no_description
13589,M1O9T13589,Seige Solo Dress with Studs,simple,False,unknown,650,True,True,False,"All Products, Lifestyle & Everyday Essentials > Fashion, Lifestyle & Everyday Essentials",no_description
13593,8Q96K13593,Maroon Sequin Dress,simple,False,unknown,600,True,True,False,"All Products, Lifestyle & Everyday Essentials > Fashion, Lifestyle & Everyday Essentials",no_description
13597,X7U7213597,"Blue Mist - Lace Top, Chiffon Bottom Dress",simple,False,unknown,850,True,True,False,"All Products, Lifestyle & Everyday Essentials > Fashion, Lifestyle & Everyday Essentials",no_description
13603,IFXNY13603,Lace & Sequin Dress - Indigo,simple,False,unknown,1000,True,True,False,"All Products, Lifestyle & Everyday Essentials > Fashion, Lifestyle & Everyday Essentials",no_description
13607,YLK9513607,Peach Satin Dress,simple,False,unknown,600,True,True,False,"All Products, Lifestyle & Everyday Essentials > Fashion, Lifestyle & Everyday Essentials",no_description
13619,176S213619,Happy Harvesting Laundry Liquid 5L,simple,False,unknown,200,True,True,False,"Homeware > Cleaning & Organization, Homeware > Cleaning & Organization > Detergents, Homeware",no_description
13620,EG9Z413620,Happy Harvesting Fabric Softener 5L,simple,False,unknown,150,True,True,False,"Homeware > Cleaning & Organization, Homeware > Cleaning & Organization > Detergents, Homeware",no_description
13621,5QIX713621,Happy Harvesting Thick Bleach 5L,simple,False,unknown,155,True,True,False,"All Products, Homeware > Cleaning & Organization > Detergents",no_description
13622,SJ33X13622,Happy Harvesting Bleach 5L,simple,False,unknown,140,True,True,True,"All Products, Homeware > Cleaning & Organization > Detergents",
13623,K99CN13623,Happy Harvesting Multipurpose Cleaning Cream 5L,simple,False,unknown,140,True,True,False,"All Products, Homeware > Cleaning & Organization > Detergents",no_description
13624,5ZZ4413624,Happy Harvesting Dishwashing Liquid 5L,simple,False,unknown,136,True,True,False,"All Products, Homeware > Cleaning & Organization > Detergents",no_description
13630,628H913630,Long Seige Dress with Stud Detail,simple,False,unknown,1000,True,True,False,"All Products, Lifestyle & Everyday Essentials > Fashion, Lifestyle & Everyday Essentials",no_description
13635,MO1JJ13635,Bengline Black & Cream Dress,simple,False,unknown,550,True,True,False,"All Products, Lifestyle & Everyday Essentials > Fashion, Lifestyle & Everyday Essentials",no_description
13640,1BBJX13640,Black Chiffon Dress with gold sequins,simple,False,unknown,550,True,True,False,"All Products, Lifestyle & Everyday Essentials > Fashion, Lifestyle & Everyday Essentials",no_description
13644,92J5X13644,Stone & Navy Dress with Sequins,simple,False,unknown,550,True,True,False,"All Products, Lifestyle & Everyday Essentials > Fashion, Lifestyle & Everyday Essentials",no_description
13648,C65K213648,Violet Dress with Lace & Chiffon,simple,False,unknown,550,True,True,False,"All Products, Lifestyle & Everyday Essentials > Fashion, Lifestyle & Everyday Essentials",no_description
13659,V57TU13659,Natural Decor Handcrafted Rug,simple,False,makokoya,200,True,True,True,"Homeware > Decor > Carpets\, Mats & Rugs > Bathroom Mats, Homeware > Decor > Carpets\, Mats & Rugs > Carpets & Rugs, Homeware > Decor > Carpets\, Mats & Rugs, Homeware > Decor, Homeware, Homeware > Decor > Carpets\, Mats & Rugs > Mats",
13689,R134313689,Mecer 10000VA/10000W On-Line Pure Sine Wave UPS Tower - ME-10000-WPTV,simple,False,power_warehouse,24000,True,True,True,"Hardware, Hardware > Electrical > Loadshedding, Hardware > Electrical > Loadshedding > UPS",
13693,8OGDS13693,Morphy Richards - 1.5L Plastic Kettle,simple,False,hirschs,1749,True,True,False,"All Products, Homeware > Appliances, Homeware > Appliances > Small Appliances > Kettles & Toasters, Homeware > Appliances > Small Appliances",no_description
13703,Z727I13703,SRNE SR-HF2430S60-100 Hybrid Pure Sine Wave Inverter 3KW 24V,simple,False,power_warehouse,6500,True,True,True,"All Products, Hardware > Electrical > Loadshedding > Inverters, Hardware > Electrical > Loadshedding",
13724,D735113724,Deye Hybrid AC/DC Solar Air Conditioner,variable,False,power_warehouse,,False,True,True,"All Products, Hardware > Electrical > Loadshedding, Hardware > Electrical > Loadshedding > Solar",no_price
13729,427P313729,Imou 1080P H265 Wireless Security System,simple,False,unknown,4999,True,True,True,"All Products, Homeware > Appliances, Homeware > Appliances > Small Appliances",
13733,7K6SX13733,FITNASTICS Kids Trampoline,simple,False,unknown,1500,True,True,False,"All Products, Lifestyle & Everyday Essentials > Fitnastics, Lifestyle & Everyday Essentials",no_description
13737,Z71KN13737,Onesto 12V 8Ah Lithium Battery,simple,False,power_warehouse,800,True,True,False,"All Products, Hardware > Electrical > Loadshedding > Batteries & Power Banks, Hardware > Electrical > Loadshedding",no_description
13750,N5QK513750,LED Lamp Light,variable,True,unknown,,False,True,False,"Hardware > Electrical, Hardware > Electrical > Globes, Hardware, Hardware > Electrical > Lights",no_price|no_description
13753,PS8U713753,Wudhu Socks - Waterproof Ultra Thin Socks,variable,True,unknown,,False,True,False,"All Products, Lifestyle & Everyday Essentials > Fashion, Lifestyle & Everyday Essentials, Lifestyle & Everyday Essentials > Novelty",no_price|no_description
13759,HKHH313759,Seasoning Set,simple,True,unknown,150,True,True,False,"Homeware > Kitchenware > Food Storage Containers, Homeware, Homeware > Kitchenware, Lifestyle & Everyday Essentials > Under R99",no_description
13766,N634413766,Get Chiki Sauces,variable,True,unknown,,False,True,False,"All Products, Lifestyle & Everyday Essentials > Sauces",no_price|no_description
13798,C73N913798,Amare One - 600 Puffs,variable,True,unknown,,False,True,False,"All Products, Lifestyle & Everyday Essentials > Under R99, Lifestyle & Everyday Essentials > Vapes & eLiquids",no_price|no_description
13810,ONPC313810,Crystal Bar - 600 Puffs,variable,True,unknown,,False,True,False,"Lifestyle & Everyday Essentials > Under R99, Lifestyle & Everyday Essentials > Vapes & eLiquids",no_price|no_description
13825,ZNL3913825,Beer Mug - 560ML,variable,True,unknown,,False,True,False,"Homeware > Dining > Drinkware, Homeware, Homeware > Dining > Drinkware > Mugs, Homeware > Dining > Drinkware > Tumblers",no_price|no_description
13829,F02824,1.4L Glass Jug with Lid,simple,True,impulse,280,True,True,True,"Homeware > Dining, Homeware, Homeware > Dining > Jugs & Sets, Lifestyle & Everyday Essentials > Under R99",
13851,OS9HO13851,Tumbler (Set of 6 ) 310ml,variable,True,unknown,,False,True,False,"All Products, Homeware, Homeware > Dining > Drinkware > Tumblers",no_price|no_description
13852,ACFKC13852,Tumbler (Set of 6) 210ml,variable,True,unknown,,False,True,False,"Homeware, Homeware > Dining > Drinkware > Tumblers",no_price|no_description
13866,NZPOK13866,Novelty Mugs,variable,True,unknown,,False,True,True,"Homeware, Homeware > Dining > Drinkware > Mugs",no_price
13889,3GJ4K13889,Homey PU Foam,simple,True,makokoya,104,True,True,False,"Hardware > Buidling Materials, Hardware",no_description
13892,F02524 / F02527,Homey - Silicone Sealant - 660AC - Grey / White,variable,False,makokoya,,False,True,True,"Hardware > Buidling Materials, Hardware",no_price
13896,3AI4713896,Silicone Acetoxy H400,simple,True,makokoya,40,True,True,False,"Hardware > Buidling Materials, Hardware, Lifestyle & Everyday Essentials > Under R99",no_description
13898,NQZ5V13898,General Purpose Silicone - 50g,simple,True,makokoya,25,True,True,False,"Hardware > Buidling Materials, Hardware, Lifestyle & Everyday Essentials > Under R99",no_description
14003,12RH714003,Ironing Board Cover,variable,False,unknown,,False,True,True,"All Products, Homeware > Cleaning & Organization, Homeware, Homeware > Cleaning & Organization > Laundry",no_price
14380,6445714380,Sophisticated Home Rug,variable,True,makokoya,,False,True,True,"Homeware > Decor > Carpets\, Mats & Rugs > Carpets & Rugs, Homeware > Decor > Carpets\, Mats & Rugs, Homeware > Decor",no_price
14383,1X2YK14383,Sophisticated Home Rug,variable,True,makokoya,,False,True,True,"Homeware > Decor > Carpets\, Mats & Rugs > Carpets & Rugs, Homeware > Decor > Carpets\, Mats & Rugs, Homeware > Decor, Homeware",no_price
14618,6Q7Q614618,Smart LED Ceiling Fan Light with Remote Control & 3 Speed Fan Control,simple,True,unknown,550,True,True,False,"Homeware > Fans & Heaters, Homeware",no_description
14624,B9VH414624,Space Saver LED Ceiling Fan With Remote,simple,True,unknown,500,True,True,False,"Homeware > Fans & Heaters, Homeware",no_description
14674,p2ww2dr,2 Drawer Melamine Pedestals,simple,False,unknown,,False,False,True,All Products,no_price|no_image
14675,p2gvd,Suede Diamond Pedestals,simple,False,unknown,,False,True,True,All Products,no_price
14676,p2pyv2dr,2 Drawer Velvet Pedestals,simple,False,unknown,,False,False,True,All Products,no_price|no_image
14677,p2vcdd,Cream Vinyl Pedestals,simple,False,unknown,,False,False,True,All Products,no_price|no_image
14687,52SBU14687,Skyworth 32'' TV HD,simple,True,unknown,3100,True,True,True,"Homeware > Appliances, Homeware, Mobile Tech & Gadgets > Tv's",
14688,2LDSJ14688,Telefunken 32''TV LED - Elevate Your View,simple,True,unknown,2500,True,True,True,"Homeware > Appliances, Homeware, Mobile Tech & Gadgets > Tv's",
14690,AQ1D714690,JVC 32'' TV HD -  Elevate Your View,simple,False,unknown,2700,True,True,True,"Homeware > Appliances, Homeware, Mobile Tech & Gadgets > Tv's",
14691,DB4UR14691,Sinotech 32'' TV HD - Elevate Your View,simple,True,unknown,2600,True,True,True,"Homeware > Appliances, Homeware, Mobile Tech & Gadgets > Tv's",
14739,YMK9Y14739,Window Basket Large White,simple,False,unknown,450,True,True,True,"Garden > Garden Pots, Homeware > Decor > Pots & Planters",
14746,,Chelsea Window Box Large White,simple,True,unknown,650,True,True,True,"Garden > Garden Pots, Homeware > Decor > Pots & Planters",no_sku
14780,,Potstory Casablanca White,simple,True,unknown,850,True,True,True,"Garden, Garden > Garden Pots, Homeware > Decor > Pots & Planters",no_sku
14794,JIHA514794,Potstory Twisted Pots White,variable,True,unknown,,False,True,True,"Garden, Garden > Garden Pots, Homeware > Decor > Pots & Planters",no_price
14798,2YV1X14798,Potstory Ulundi,variable,True,unknown,,False,True,True,"Garden, Garden > Garden Pots, Homeware > Decor > Pots & Planters",no_price
14801,7LTBZ14801,Potstory Savante,variable,False,unknown,,False,True,True,"Garden, Garden > Garden Pots, Homeware > Decor > Pots & Planters",no_price
14805,C6MPS14805,Potstory Quattro Pot,variable,True,unknown,,False,True,True,"Garden, Garden > Garden Pots, Homeware > Decor > Pots & Planters",no_price
14808,3W15D14808,Potstory Inca Pot,variable,True,unknown,,False,True,True,"Garden, Garden > Garden Pots, Homeware > Decor > Pots & Planters",no_price
14811,I2E1D14811,Potstory Succulent Pots,variable,True,unknown,,False,True,True,"Garden, Garden > Garden Pots, Homeware > Decor > Pots & Planters",no_price
14816,JYBUG14816,Potstory Classic Pot,variable,False,unknown,,False,True,True,"Garden, Garden > Garden Pots, Homeware > Decor > Pots & Planters",no_price
14872,fcg/fcb/fcdg/fcp/fcblk,Fluffy Carpet Mats,variable,True,makokoya,,False,True,True,"Homeware > Decor > Carpets\, Mats & Rugs > Carpets & Rugs, Homeware > Decor > Carpets\, Mats & Rugs, Homeware > Decor, Homeware > Decor > Carpets\, Mats & Rugs > Mats",no_price
14926,MR209,Luxury Diva Carpet,simple,True,makokoya,25000,True,True,True,"Homeware > Decor > Carpets\, Mats & Rugs > Carpets & Rugs, Homeware > Decor > Carpets\, Mats & Rugs, Homeware > Decor",
14930,H4224A/H3247B,Cape Town Rug,variable,True,makokoya,,False,True,True,"Homeware > Decor > Carpets\, Mats & Rugs > Carpets & Rugs, Homeware > Decor > Carpets\, Mats & Rugs, Homeware > Decor",no_price
14944,MR207,Turkish Diva Rug,simple,True,makokoya,1700,True,True,True,"Homeware > Decor > Carpets\, Mats & Rugs > Carpets & Rugs, Homeware > Decor > Carpets\, Mats & Rugs, Homeware > Decor",
14945,00794/04020,Milano Luxury Carpet,variable,True,makokoya,,False,True,True,"Homeware > Decor > Carpets\, Mats & Rugs > Carpets & Rugs, Homeware > Decor > Carpets\, Mats & Rugs, Homeware > Decor",no_price
14949,HS155,Moyo luxury carpets,simple,True,makokoya,1200,True,True,True,"Homeware > Decor > Carpets\, Mats & Rugs > Carpets & Rugs, Homeware > Decor > Carpets\, Mats & Rugs, Homeware > Decor",
14950,53CG814950,U Shaped LED Fan Light,simple,True,unknown,200,True,True,False,"Homeware > Fans & Heaters, Homeware, Hardware > Electrical > Lights",no_description
14954,ksrd,Luxury Collection - Kristal Star,simple,True,makokoya,2500,True,True,True,"Homeware > Decor > Carpets\, Mats & Rugs > Carpets & Rugs, Homeware > Decor > Carpets\, Mats & Rugs, Homeware > Decor",
14959,1403,Milano Luxury Rug,simple,True,makokoya,1200,True,True,True,"Homeware > Decor > Carpets\, Mats & Rugs > Carpets & Rugs, Homeware > Decor > Carpets\, Mats & Rugs, Homeware > Decor",
14960,04363A,Trend Polyester Rug,simple,False,makokoya,1200,True,True,True,"Homeware > Decor > Carpets\, Mats & Rugs > Carpets & Rugs, Homeware > Decor > Carpets\, Mats & Rugs, Homeware > Decor",
14961,04395A,Kristal Turkish Polyester Carpet,simple,False,makokoya,1200,True,True,True,"Homeware > Decor > Carpets\, Mats & Rugs > Carpets & Rugs, Homeware > Decor > Carpets\, Mats & Rugs, Homeware > Decor",
14962,2622B/2409Blk/2622R/2622P/2622G,Turkish Emporium Rug,variable,True,makokoya,,False,True,True,"Homeware > Decor > Carpets\, Mats & Rugs > Carpets & Rugs, Homeware > Decor > Carpets\, Mats & Rugs, Homeware > Decor",no_price
14968,05238A/ 300760740/ 04364A/ 04685B,Kristal Turkish Rug,variable,True,makokoya,,False,True,True,"Homeware > Decor > Carpets\, Mats & Rugs > Carpets & Rugs, Homeware > Decor > Carpets\, Mats & Rugs, Homeware > Decor",no_price
14973,H5325A,Emporium Turkish Rug,simple,True,makokoya,1200,True,True,True,"Homeware > Decor > Carpets\, Mats & Rugs > Carpets & Rugs, Homeware > Decor > Carpets\, Mats & Rugs, Homeware > Decor",
14975,H5130B,Emporium Turkish Rug,simple,True,makokoya,1300,True,True,True,"Homeware > Decor > Carpets\, Mats & Rugs > Carpets & Rugs, Homeware > Decor > Carpets\, Mats & Rugs, Homeware > Decor",
14976,H4817C,Emporium Turkish Rug,simple,False,makokoya,1100,True,True,True,"Homeware > Decor > Carpets\, Mats & Rugs > Carpets & Rugs, Homeware > Decor > Carpets\, Mats & Rugs, Homeware > Decor",
14977,H4814A,Emporium Turkish Rug,simple,True,makokoya,1150,True,True,True,"Homeware > Decor > Carpets\, Mats & Rugs > Carpets & Rugs, Homeware > Decor > Carpets\, Mats & Rugs, Homeware > Decor",
14978,G318A/ G323PP/ G323C,Emporium Turkish Rug,variable,True,makokoya,,False,True,True,"Homeware > Decor > Carpets\, Mats & Rugs > Carpets & Rugs, Homeware > Decor > Carpets\, Mats & Rugs, Homeware > Decor",no_price
14985,H3264A/H4623A/H5119A/H4188A/H4627A,Emporium Turkish Rug,variable,True,makokoya,,False,True,True,"Homeware > Decor > Carpets\, Mats & Rugs > Carpets & Rugs, Homeware > Decor > Carpets\, Mats & Rugs, Homeware > Decor",no_price
15110,mrp,MRP Scatter Cushion,simple,False,unknown,200,True,True,True,"Homeware > Decor > Cushions, Homeware",
15133,Mokoya,Scatter Cushion Animal Print Patch Work,variable,False,unknown,,False,True,True,"Homeware > Decor > Cushions, Homeware",no_price
15137,KVC8X15137,Foil Fur Scatter Cushion,simple,False,unknown,350,True,True,True,"Homeware > Decor > Cushions, Homeware",
15138,Mokoya 1-8,Fur Scatter Cushion,variable,False,unknown,,False,True,True,"Homeware > Decor > Cushions, Homeware",no_price
15207,6777,Kids Camping Stool,simple,False,unknown,200,True,True,True,"Furniture > Chairs, Furniture",
15222,camp,Kids Camping Chair,simple,False,unknown,1200,True,True,True,"Furniture > Chairs, Furniture",
15224,AtlantisB / AtlantisG / AtlantisR / AtlantisY,Atlantis Round Chair,variable,False,unknown,,False,True,True,"Furniture > Chairs, Furniture",no_price
15229,6812 / 6813,Kids Sofa,variable,False,unknown,,False,True,True,"Furniture > Couches, Furniture",no_price
15232,M2U4G15232,Urban Decor Shell Beach Legs Chair,variable,True,unknown,,False,True,True,"Furniture > Chairs, Furniture",no_price
15242,FsVGO / FsVR / FsVGR / FsVGRE / FsVB / FsVY/,Foot Stool / Ottomon,variable,False,unknown,,False,True,True,"Furniture > Chairs, Furniture",no_price
15251,584,Defy DFF547 F740 Side-By-Side Fridge,simple,False,hirschs,15000,True,True,True,"Homeware > Appliances, Homeware > Appliances > Freezers, Homeware > Appliances > Fridges, Homeware",
15259,ConG,Condere Steam Iron 1800W,simple,False,unknown,300,True,True,True,"Homeware > Appliances, Homeware > Cleaning & Organization, Homeware, Homeware > Appliances > Small Appliances > Irons, Homeware > Cleaning & Organization > Laundry, Homeware > Appliances > Small Appliances",
15264,SFL,MTY Solar Flood Light,simple,False,power_warehouse,650,True,True,True,"Lifestyle & Everyday Essentials > Christmas > Festive Lights, Hardware > Electrical > Loadshedding > Globes, Hardware > Electrical > Loadshedding, Hardware > Electrical > Loadshedding > Solar",
15268,TLB,LED Emergency Light Bulb,variable,False,power_warehouse,,False,True,True,"Lifestyle & Everyday Essentials > Christmas > Festive Lights, Hardware > Electrical > Loadshedding > Globes, Hardware > Electrical > Globes, Hardware > Electrical > Lights, Hardware > Electrical > Loadshedding",no_price
15273,RI57I15273,LED Smart Charge Bulb 15W,simple,False,power_warehouse,130,True,True,True,"Hardware > Electrical, Hardware > Electrical > Loadshedding > Globes, Hardware > Electrical > Globes, Hardware > Electrical > Lights, Hardware > Electrical > Loadshedding, Lifestyle & Everyday Essentials > Under R99",
15330,Q64C315330,Multifunctional USB & Solar Rechargeable Portable Flashlight,variable,False,power_warehouse,,False,True,True,"Hardware > Electrical, Lifestyle & Everyday Essentials > Christmas > Festive Lights, Hardware > Electrical > Lights, Hardware > Electrical > Loadshedding, Hardware > Electrical > Loadshedding > Solar, Lifestyle & Everyday Essentials > Under R99",no_price
15336,Disco,Aerbes AB-Z1105 Disco Light,simple,False,unknown,180,True,True,True,"Hardware > Electrical, Lifestyle & Everyday Essentials > Christmas > Festive Lights, Hardware > Electrical > Globes, Hardware > Electrical > Lights, Lifestyle & Everyday Essentials > Novelty, Lifestyle & Everyday Essentials > Under R99",
15338,Hlyt,W679 Floodlight Cob Headlamp,simple,False,power_warehouse,250,True,True,True,"Hardware > Electrical, Hardware > Electrical > Loadshedding > Globes, Hardware > Electrical > Lights, Hardware > Electrical > Loadshedding, Lifestyle & Everyday Essentials > Novelty",
15340,RINGL,RGB LED Soft Ring Light,simple,False,jewellery,500,True,True,True,"Hardware > Electrical, Lifestyle & Everyday Essentials > Christmas > Festive Lights, Hardware > Electrical > Globes, Hardware > Electrical > Lights",
15343,ZR5K915343,LED  Holographic Mini Stage Light Laser Projector,simple,False,unknown,350,True,True,True,"Lifestyle & Everyday Essentials > Christmas > Festive Lights, Mobile Tech & Gadgets, Lifestyle & Everyday Essentials > Novelty, Mobile Tech & Gadgets > Tech & Gadgets",
15361,SGMD,Sparkling Gold Symphony,simple,False,unknown,130,True,True,True,"All Products, Lifestyle & Everyday Essentials > Christmas, Homeware > Decor, Lifestyle & Everyday Essentials > Christmas > Festive Decor, Lifestyle & Everyday Essentials, Lifestyle & Everyday Essentials > Under R99",
15368,SGFD,Golden Blooms Elegance hanging Decor,simple,False,unknown,120,True,True,True,"Lifestyle & Everyday Essentials > Christmas, Homeware > Decor, Lifestyle & Everyday Essentials > Christmas > Festive Decor, Lifestyle & Everyday Essentials, Lifestyle & Everyday Essentials > Under R99",
15386,PUK2E15386,Star Bell - Tree Décor,simple,False,unknown,100,True,True,True,"Lifestyle & Everyday Essentials > Christmas, Homeware > Decor, Lifestyle & Everyday Essentials > Christmas > Festive Decor, Lifestyle & Everyday Essentials, Lifestyle & Everyday Essentials > Under R99",
15449,WHCE,Wooden Hanging Christmas egg,simple,False,unknown,35,True,True,True,"Homeware > Decor, Lifestyle & Everyday Essentials > Christmas > Festive Decor, Lifestyle & Everyday Essentials > Under R99",
15457,RBM,6pc Red/Gold Bells Decor,variable,False,unknown,,False,True,True,"Homeware > Decor, Lifestyle & Everyday Essentials > Christmas > Festive Decor, Lifestyle & Everyday Essentials > Under R99",no_price
15461,MDGB,6pc Mini Double Gold Bells Decor,simple,False,unknown,50,True,True,True,"Homeware > Decor, Lifestyle & Everyday Essentials > Christmas > Festive Decor, Lifestyle & Everyday Essentials, Lifestyle & Everyday Essentials > Novelty, Lifestyle & Everyday Essentials > Under R99",
15464,NMM,3pc Nutcracker Mini Man Set,simple,False,unknown,250,True,True,True,"Homeware > Decor, Lifestyle & Everyday Essentials > Christmas > Festive Decor, Homeware > Decor > Kitchen & Table Accessories, Lifestyle & Everyday Essentials",
15471,TM9C315471,Christmas Serviettes - Blue/Red/Beige Santa - 20pc,variable,False,unknown,,False,True,True,"Homeware > Decor, Lifestyle & Everyday Essentials > Christmas > Festive Dining, Lifestyle & Everyday Essentials > Under R99",no_price
15475,SGW,Christmas Serviettes - 20pc,simple,False,unknown,25,True,True,True,"Homeware > Decor, Lifestyle & Everyday Essentials > Christmas > Festive Dining, Lifestyle & Everyday Essentials > Novelty, Lifestyle & Everyday Essentials > Under R99",
15479,WTM,White Merry Christmas Tinsel Mistletoe,simple,False,unknown,100,True,True,True,Lifestyle & Everyday Essentials > Christmas > Festive Decor,
15485,TSH,Tinsel Santa Hat Decoration,simple,False,unknown,120,True,True,True,Lifestyle & Everyday Essentials > Christmas > Festive Decor,
15495,LRL,10m LED Christmas Rope Lights,simple,False,unknown,220,True,True,True,"Homeware > Decor, Lifestyle & Everyday Essentials > Christmas > Festive Lights, Hardware > Electrical > Globes",
15503,LSL,50m LED String Lights - TYN-060- all colors,simple,False,jewellery,250,True,True,True,"Homeware > Decor, Lifestyle & Everyday Essentials > Christmas > Festive Lights, Hardware > Electrical > Globes, Lifestyle & Everyday Essentials, Lifestyle & Everyday Essentials > Novelty",
15504,RPD,Puppet Doll - Raindeer,simple,False,unknown,350,True,True,True,"Homeware > Decor, Lifestyle & Everyday Essentials > Christmas > Festive Decor, Lifestyle & Everyday Essentials, Lifestyle & Everyday Essentials > Novelty",
15511,HST,Hanging Santa - Tree Accessory,simple,False,unknown,90,True,True,True,"Homeware > Decor, Lifestyle & Everyday Essentials > Christmas > Festive Trees, Lifestyle & Everyday Essentials, Lifestyle & Everyday Essentials > Novelty, Lifestyle & Everyday Essentials > Under R99",
15514,6HT7A15514,Hanging Glitter Light Globe,variable,False,unknown,,False,True,True,"Homeware > Decor, Lifestyle & Everyday Essentials > Christmas > Festive Decor, Lifestyle & Everyday Essentials > Christmas > Festive Lights, Hardware > Electrical > Globes, Lifestyle & Everyday Essentials, Lifestyle & Everyday Essentials > Novelty",no_price
15522,MS,Miniature Santa,simple,False,unknown,350,True,True,True,"Lifestyle & Everyday Essentials > Christmas > Festive Decor, Lifestyle & Everyday Essentials, Lifestyle & Everyday Essentials > Novelty",
15526,PS,Santa Puppet Doll,simple,False,unknown,250,True,True,True,"Lifestyle & Everyday Essentials > Christmas, Lifestyle & Everyday Essentials > Christmas > Festive Decor, Lifestyle & Everyday Essentials > Novelty",
15531,RAB,Reindeer Aliceband With Bear Stuffing,simple,False,unknown,120,True,True,True,"Lifestyle & Everyday Essentials > Christmas, Lifestyle & Everyday Essentials > Christmas > Festive Decor, Lifestyle & Everyday Essentials, Lifestyle & Everyday Essentials > Novelty",
15537,PRE,Plain Aliceband Deer Ears,simple,False,unknown,80,True,True,True,"Lifestyle & Everyday Essentials > Christmas, Lifestyle & Everyday Essentials > Christmas > Festive Decor, Lifestyle & Everyday Essentials, Lifestyle & Everyday Essentials > Novelty, Lifestyle & Everyday Essentials > Under R99",
15541,RES,Reindeer Aliceband Red Sequence,simple,False,unknown,80,True,True,True,"Lifestyle & Everyday Essentials > Christmas > Festive Decor, Lifestyle & Everyday Essentials, Lifestyle & Everyday Essentials > Novelty, Lifestyle & Everyday Essentials > Under R99",
15547,PRAR,Plain Red Reindeer Aliceband,simple,False,unknown,80,True,True,True,"Lifestyle & Everyday Essentials > Christmas > Festive Decor, Lifestyle & Everyday Essentials, Lifestyle & Everyday Essentials > Novelty, Lifestyle & Everyday Essentials > Under R99",
15597,SPD,Puppet Snowman Doll,simple,False,unknown,220,True,True,True,"Lifestyle & Everyday Essentials > Christmas > Festive Decor, Lifestyle & Everyday Essentials > Novelty",
15613,PSD1,Puppet Santa Doll,simple,False,unknown,220,True,True,True,"Lifestyle & Everyday Essentials > Christmas > Festive Decor, Lifestyle & Everyday Essentials > Novelty",
15628,PSD2,Puppet Santa Doll,simple,False,unknown,220,True,True,True,"Lifestyle & Everyday Essentials > Christmas > Festive Decor, Lifestyle & Everyday Essentials > Novelty",
15647,SSGO,Starlight Splendor Gleaming Ornaments for a Merry Tree,simple,False,unknown,180,True,True,True,"Lifestyle & Everyday Essentials > Christmas > Festive Decor, Lifestyle & Everyday Essentials > Christmas > Festive Trees, Lifestyle & Everyday Essentials > Novelty",
15653,HTA,Hanging Tree Accessory - Santa's House,simple,False,unknown,60,True,True,True,"Lifestyle & Everyday Essentials > Christmas > Festive Decor, Lifestyle & Everyday Essentials > Christmas > Festive Trees, Lifestyle & Everyday Essentials > Under R99",
15654,HAA,Hanging Accessory - Acorn's,simple,False,unknown,80,True,True,True,"Lifestyle & Everyday Essentials > Christmas > Festive Decor, Lifestyle & Everyday Essentials > Christmas > Festive Trees, Lifestyle & Everyday Essentials > Under R99",
15655,SRB/RRB/GRB,Round Décor Ball,variable,False,unknown,,False,True,True,"Homeware > Decor, Lifestyle & Everyday Essentials > Christmas > Festive Decor, Lifestyle & Everyday Essentials > Christmas > Festive Trees, Homeware, Homeware > Decor > Kitchen & Table Accessories, Lifestyle & Everyday Essentials, Lifestyle & Everyday Essentials > Novelty, Lifestyle & Everyday Essentials > Under R99",no_price
15660,GGS/RGS/WGS/WPGS,Christmas Gift Stocking,variable,False,unknown,,False,True,True,"Lifestyle & Everyday Essentials > Christmas > Festive Decor, Lifestyle & Everyday Essentials > Christmas > Festive Trees, Lifestyle & Everyday Essentials > Under R99",no_price
15668,SSD2,Santa Standing Doll,simple,False,unknown,950,True,True,True,Lifestyle & Everyday Essentials > Christmas > Festive Decor,
15670,7C8ZW15670,Mistletoe Round,variable,False,unknown,,False,True,True,"Lifestyle & Everyday Essentials > Christmas > Festive Decor, Lifestyle & Everyday Essentials > Christmas > Festive Trees",no_price
15673,CSD,Candy Stick Tinsel,simple,False,unknown,150,True,True,True,"Lifestyle & Everyday Essentials > Christmas > Festive Decor, Lifestyle & Everyday Essentials > Christmas > Festive Trees",
15674,A6L9V15674,Santa Round Wooden Pot Stand,variable,False,unknown,,False,True,True,Lifestyle & Everyday Essentials > Christmas > Festive Dining,no_price
15679,FSG/GSG,Santa Material Mask Glasses,variable,False,makokoya,,False,True,True,"Lifestyle & Everyday Essentials > Christmas > Festive Decor, Lifestyle & Everyday Essentials > Under R99",no_price
15690,996A115690,X07 CZ Baguette Tennis Bracelet,simple,False,jewellery,1100,True,True,False,"Lifestyle & Everyday Essentials > Jewellery, Lifestyle & Everyday Essentials",no_description
15691,747RC15691,X28 CZ Tennis Bracelet,simple,False,jewellery,1200,True,True,False,"Lifestyle & Everyday Essentials > Jewellery, Lifestyle & Everyday Essentials",no_description
15692,UM73O15692,X23 Round CZ Tennis Bracelet,simple,False,jewellery,1200,True,True,False,"Lifestyle & Everyday Essentials > Jewellery, Lifestyle & Everyday Essentials",no_description
15693,ALY9V15693,X09 Snake CZ Tennis Bracelet,simple,False,jewellery,950,True,True,False,"Lifestyle & Everyday Essentials > Jewellery, Lifestyle & Everyday Essentials",no_description
15694,LUZ5U15694,X16 Round Delicate CZ Tennis Bracelet,simple,False,jewellery,800,True,True,False,"Lifestyle & Everyday Essentials > Jewellery, Lifestyle & Everyday Essentials",no_description
15695,GKB3515695,X19 Teardrop CZ Tennis Bracelet,simple,False,jewellery,1200,True,True,False,"Lifestyle & Everyday Essentials > Jewellery, Lifestyle & Everyday Essentials",no_description
15696,SWHS,Snowflake Wooden Hanging Sign,simple,False,unknown,110,True,True,True,"Lifestyle & Everyday Essentials > Christmas > Festive Decor, Lifestyle & Everyday Essentials > Christmas > Festive Trees",
15697,ASC,Silver Acon Candle,simple,False,unknown,80,True,True,True,"Lifestyle & Everyday Essentials > Christmas > Festive Decor, Lifestyle & Everyday Essentials > Christmas > Festive Dining, Lifestyle & Everyday Essentials, Lifestyle & Everyday Essentials > Novelty, Lifestyle & Everyday Essentials > Under R99",
15698,SRT,Silver Ribbon Tape,simple,False,unknown,40,True,True,True,"Lifestyle & Everyday Essentials > Christmas > Festive Decor, Lifestyle & Everyday Essentials, Lifestyle & Everyday Essentials > Novelty, Lifestyle & Everyday Essentials > Under R99",
15699,CWWB,Christmas Wooden Wonder Box,simple,False,unknown,80,True,True,True,"Lifestyle & Everyday Essentials > Christmas > Festive Decor, Lifestyle & Everyday Essentials, Lifestyle & Everyday Essentials > Novelty, Lifestyle & Everyday Essentials > Under R99",
15700,SWS,Santa's Wooden Stand,simple,False,unknown,80,True,True,True,"Lifestyle & Everyday Essentials > Christmas > Festive Decor, Lifestyle & Everyday Essentials > Christmas > Festive Lights, Lifestyle & Everyday Essentials, Lifestyle & Everyday Essentials > Novelty, Lifestyle & Everyday Essentials > Under R99",
15701,7235U15701,Christmas Globe with Light and Snow,variable,False,unknown,,False,True,True,"Lifestyle & Everyday Essentials > Christmas > Festive Decor, Lifestyle & Everyday Essentials > Christmas > Festive Lights, Lifestyle & Everyday Essentials > Christmas > Festive Trees, Lifestyle & Everyday Essentials, Lifestyle & Everyday Essentials > Novelty",no_price
15705,CGS,Christmas Globe with sand- No light,simple,False,unknown,40,True,True,True,"Lifestyle & Everyday Essentials > Christmas > Festive Decor, Lifestyle & Everyday Essentials > Christmas > Festive Trees, Lifestyle & Everyday Essentials, Lifestyle & Everyday Essentials > Novelty",
15706,SWC,Square Wooden Christmas Light Box,simple,False,unknown,80,True,True,False,"Lifestyle & Everyday Essentials > Christmas > Festive Decor, Lifestyle & Everyday Essentials > Christmas > Festive Lights, Lifestyle & Everyday Essentials, Lifestyle & Everyday Essentials > Novelty, Lifestyle & Everyday Essentials > Under R99",no_description
15707,WCL,Wooden Christmas Light Box,simple,False,unknown,80,True,True,True,"Lifestyle & Everyday Essentials > Christmas > Festive Decor, Lifestyle & Everyday Essentials > Christmas > Festive Lights, Lifestyle & Everyday Essentials, Lifestyle & Everyday Essentials > Novelty, Lifestyle & Everyday Essentials > Under R99",
15708,41YMG15708,Merry Christmas Insta Frame,variable,False,unknown,,False,True,True,"Lifestyle & Everyday Essentials > Christmas > Festive Decor, Lifestyle & Everyday Essentials, Lifestyle & Everyday Essentials > Novelty",no_price
15711,LC39F15711,X21 Slabbed CZ Tennis Bracelet,simple,False,jewellery,1500,True,True,True,"Lifestyle & Everyday Essentials > Jewellery, Lifestyle & Everyday Essentials",
15712,T8D7Y15712,X15 Morse CZ Tennis Bracelet,simple,False,jewellery,950,True,True,True,"Lifestyle & Everyday Essentials > Jewellery, Lifestyle & Everyday Essentials",
15714,3I91N15714,X03 CZ Square Stone Tennis Necklace,simple,False,jewellery,2950,True,True,True,"Lifestyle & Everyday Essentials > Jewellery, Lifestyle & Everyday Essentials",
15715,3YW8S15715,Z92 Round Sterling Silver CZ Pendant,simple,False,jewellery,150,True,True,False,"All Products, Lifestyle & Everyday Essentials > Jewellery, Lifestyle & Everyday Essentials",no_description
15716,OW22115716,Z61 Tree Sterling Silver CZ Pendant,simple,False,jewellery,300,True,True,False,"All Products, Lifestyle & Everyday Essentials > Jewellery, Lifestyle & Everyday Essentials",no_description
15717,Y9MNO15717,R79 Crown Heart Sterling Silver CZ Pendant,simple,False,jewellery,300,True,True,True,"All Products, Lifestyle & Everyday Essentials > Jewellery, Lifestyle & Everyday Essentials",
15718,JD25O15718,Z91 Double Heart Sterling Silver CZ Pendant,simple,False,jewellery,250,True,True,False,"All Products, Lifestyle & Everyday Essentials > Jewellery, Lifestyle & Everyday Essentials",no_description
15720,KJR2P15720,R76 Arch Heart Sterling Silver CZ Pendant,simple,False,jewellery,250,True,True,True,"All Products, Lifestyle & Everyday Essentials > Jewellery, Lifestyle & Everyday Essentials",
15722,2W4VQ15722,Z116 Twin Tails Heart Sterling Silver CZ Pendant,simple,False,jewellery,180,True,True,False,"Lifestyle & Everyday Essentials > Jewellery, Lifestyle & Everyday Essentials",no_description
15723,62IMR15723,L182 Core Heart Sterling Silver CZ Pendant,simple,False,jewellery,300,True,True,False,"All Products, Lifestyle & Everyday Essentials > Jewellery, Lifestyle & Everyday Essentials",no_description
15724,8S8D215724,R78 Clock Sterling Silver CZ Pendant,simple,False,jewellery,280,True,True,False,"All Products, Lifestyle & Everyday Essentials > Jewellery, Lifestyle & Everyday Essentials",no_description
15726,HXRCG15726,R701 Infinity Sterling Silver CZ Earrings & Pendant,simple,False,jewellery,430,True,True,False,"All Products, Lifestyle & Everyday Essentials > Jewellery, Lifestyle & Everyday Essentials",no_description
15727,C21C815727,RL451 Heart Sterling Silver CZ Earrings & Pendant,simple,False,jewellery,450,True,True,False,"All Products, Lifestyle & Everyday Essentials > Jewellery, Lifestyle & Everyday Essentials",no_description
15728,7UTDE15728,Z187 Clover Sterling Silver CZ Earrings & Pendant,simple,False,jewellery,400,True,True,False,"All Products, Lifestyle & Everyday Essentials > Jewellery, Lifestyle & Everyday Essentials",no_description
15771,UPS,Sunsign Security Monitoring UPS Power Supply 12V,simple,False,jewellery,495,True,True,True,"Hardware > Electrical, Hardware > Electrical > Loadshedding > UPS",
15781,7C8SQ15781,Green Christmas tree,variable,False,unknown,,False,True,True,"Lifestyle & Everyday Essentials > Christmas, Lifestyle & Everyday Essentials > Christmas > Festive Trees",no_price
15785,WCT,White Christmas Tree,variable,False,unknown,,False,True,True,Lifestyle & Everyday Essentials > Christmas > Festive Trees,no_price
15790,BBU,Ultimate Braai Set Utensils,simple,False,makokoya,250,True,True,True,"Homeware > Dining > Cutlery, Homeware > Dining, Garden, Garden > Garden Tools, Garden > Outdoor Cooking",
15835,KSC,Kids Scratch Cards,simple,False,unknown,40,True,True,True,"Lifestyle & Everyday Essentials, Lifestyle & Everyday Essentials > Novelty, Lifestyle & Everyday Essentials > Stationery, Lifestyle & Everyday Essentials > Under R99",
15854,6496915854,Condere Gas Geyser,variable,False,unknown,,False,True,True,"Hardware > Gas Geysers, Hardware",no_price
15899,3455615899,Christmas Mats,simple,False,makokoya,80,True,True,True,"Homeware > Decor > Carpets\, Mats & Rugs, Homeware > Decor, Homeware > Decor > Carpets\, Mats & Rugs > Mats, Lifestyle & Everyday Essentials > Under R99",
15929,FBC,Flameless Tea - Light Candle,simple,False,power_warehouse,50,True,True,True,"Homeware > Decor > Candles & Holders, Homeware, Lifestyle & Everyday Essentials, Hardware > Electrical > Lights, Hardware > Electrical > Loadshedding, Lifestyle & Everyday Essentials > Novelty, Lifestyle & Everyday Essentials > Under R99",
15930,BLS,Desk Lamp Bluetooth Portable Speaker,simple,False,unknown,120,True,True,True,"Lifestyle & Everyday Essentials, Hardware > Electrical > Lights, Lifestyle & Everyday Essentials > Novelty",
15932,ZQDG715932,Round LED Water Activated Lamps,simple,False,unknown,180,True,True,True,"Homeware > Decor, Lifestyle & Everyday Essentials > Christmas > Festive Lights, Lifestyle & Everyday Essentials, Lifestyle & Everyday Essentials > Novelty",
15936,SQ7JG15936,Lighting McQueen Round Foil Balloon,simple,False,unknown,30,True,True,True,"Lifestyle & Everyday Essentials > Balloons, Lifestyle & Everyday Essentials > Under R99",
15957,DQH4615957,Rainbow Striped Balloon,variable,False,unknown,,False,True,True,"Lifestyle & Everyday Essentials > Balloons, Homeware > Decor, Lifestyle & Everyday Essentials > Under R99",no_price
15965,UZI9T15965,Ninja Turtles -5 Pc Foil Balloon,simple,False,unknown,60,True,True,True,"Lifestyle & Everyday Essentials > Balloons, Lifestyle & Everyday Essentials > Under R99",
15968,EWF1H15968,Captain America Round Foil Balloon,simple,False,unknown,30,True,True,True,"Lifestyle & Everyday Essentials > Balloons, Lifestyle & Everyday Essentials > Under R99",
15969,HC4A815969,Airplane Happy Birthday Foil Balloon - Helium/Air,simple,False,unknown,60,True,True,True,"Lifestyle & Everyday Essentials > Balloons, Lifestyle & Everyday Essentials > Under R99",
15970,B2RYH15970,10pc Latex helium Party Balloons,variable,False,unknown,,False,True,True,"Lifestyle & Everyday Essentials > Balloons, Lifestyle & Everyday Essentials > Under R99",no_price
15977,CO5TZ15977,Just Married - 4 pc Foil Helium Balloon,simple,False,unknown,70,True,True,True,"Lifestyle & Everyday Essentials > Balloons, Lifestyle & Everyday Essentials > Under R99",
15979,O7CLC15979,Batman Round Foil Helium Balloon,simple,False,unknown,30,True,True,True,"Lifestyle & Everyday Essentials > Balloons, Lifestyle & Everyday Essentials > Under R99",
15980,MTA8R15980,6pc Mickey Mouse Balloon,variable,False,unknown,,False,True,True,"Lifestyle & Everyday Essentials > Balloons, Lifestyle & Everyday Essentials > Under R99",no_price
15985,WWY7515985,Baby Shower Foil Balloon,variable,False,unknown,,False,True,True,"Lifestyle & Everyday Essentials > Balloons, Lifestyle & Everyday Essentials > Under R99",no_price
15992,Y911J15992,Tropical Balloon,simple,False,unknown,60,True,True,True,"Lifestyle & Everyday Essentials > Balloons, Lifestyle & Everyday Essentials > Under R99",
15993,8QDWI15993,Pj Mask Foil Balloon,simple,False,unknown,70,True,True,True,"Lifestyle & Everyday Essentials > Balloons, Lifestyle & Everyday Essentials > Under R99",
15994,WJF5415994,Paw Patrol Foil Helium Balloon,simple,False,unknown,50,True,True,True,"Lifestyle & Everyday Essentials > Balloons, Lifestyle & Everyday Essentials > Under R99",
15995,ZFLC515995,10pc Cluster star Heart Balloon,variable,False,unknown,,False,True,True,"Lifestyle & Everyday Essentials > Balloons, Lifestyle & Everyday Essentials > Under R99",no_price
15998,43Q2915998,9pc Cluster star heart Balloon,simple,False,unknown,80,True,True,True,"Lifestyle & Everyday Essentials > Balloons, Lifestyle & Everyday Essentials > Under R99",
15999,O226M15999,Pink Baby Girl Garland Balloon,simple,False,unknown,55,True,True,True,"Lifestyle & Everyday Essentials > Balloons, Lifestyle & Everyday Essentials > Under R99",
16000,86V6X16000,Happy Birthday Cluster Balloon,simple,False,unknown,150,True,True,True,Lifestyle & Everyday Essentials > Balloons,
16001,BTS3716001,Animal Garland Balloon,simple,False,unknown,40,True,True,True,"Lifestyle & Everyday Essentials > Balloons, Lifestyle & Everyday Essentials > Under R99",
16006,IQL5616006,Pink Star Garland Balloon,simple,False,unknown,40,True,True,True,"Lifestyle & Everyday Essentials > Balloons, Lifestyle & Everyday Essentials > Under R99",
16008,722GD16008,Festive Gift Wrap,variable,False,unknown,,False,True,True,"Lifestyle & Everyday Essentials > Christmas > Gift Wrap, Lifestyle & Everyday Essentials, Lifestyle & Everyday Essentials > Stationery",no_price
16040,L3HUP16040,Lateax Helium Balloons,variable,False,unknown,,False,True,True,"Lifestyle & Everyday Essentials > Balloons, Lifestyle & Everyday Essentials > Under R99",no_price
16051,3PC9916051,Happy Birthday Letters Foil Balloon,variable,False,unknown,,False,True,True,"Lifestyle & Everyday Essentials > Balloons, Lifestyle & Everyday Essentials > Under R99",no_price
16058,ZPL2D16058,Party Decor Balloons,simple,False,unknown,200,True,True,True,"Lifestyle & Everyday Essentials > Balloons, Lifestyle & Everyday Essentials",
16062,HM4HI16062,Party Decor Balloon,simple,False,unknown,200,True,True,True,Lifestyle & Everyday Essentials > Balloons,
16063,1VQK116063,Happy Birthday Party Balloon Decor Set,simple,False,unknown,95,True,True,True,"Lifestyle & Everyday Essentials > Balloons, Lifestyle & Everyday Essentials > Under R99",
16064,FUOBI16064,Batman Round Foil Balloon,simple,False,unknown,30,True,True,True,"Lifestyle & Everyday Essentials > Balloons, Lifestyle & Everyday Essentials > Under R99",
16065,UQHY316065,Round Tinsil,variable,False,unknown,,False,True,True,"Lifestyle & Everyday Essentials > Christmas > Festive Decor, Lifestyle & Everyday Essentials > Under R99",no_price
16111,V74CH16111,Enchanting Reindeer Crystal Bead Jewelry Mirror Box,simple,False,jewellery,300,True,True,True,"Homeware > Decor, Lifestyle & Everyday Essentials > Christmas > Festive Decor, Homeware, Homeware > Decor > Kitchen & Table Accessories, Lifestyle & Everyday Essentials, Lifestyle & Everyday Essentials > Novelty",
16133,12KJ516133,Round Plate Holders,variable,False,unknown,,False,True,True,"Lifestyle & Everyday Essentials > Christmas > Festive Dining, Homeware > Decor > Kitchen & Table Accessories, Lifestyle & Everyday Essentials > Under R99",no_price
16220,VJDA616220,Cake Stand,variable,False,unknown,,False,True,True,"Homeware > Decor, Lifestyle & Everyday Essentials > Christmas > Festive Dining, Homeware, Homeware > Decor > Kitchen & Table Accessories, Lifestyle & Everyday Essentials, Lifestyle & Everyday Essentials > Novelty",no_price
16223,48SFP16223,Merry Christmas Rubber Mat,simple,False,makokoya,190,True,True,True,"Homeware > Decor > Carpets\, Mats & Rugs, Homeware > Decor, Homeware > Decor > Carpets\, Mats & Rugs > Mats",
16224,C56DX16224,White LED  Rope Lights,simple,False,unknown,300,True,True,True,"Hardware > Electrical, Lifestyle & Everyday Essentials > Christmas > Festive Lights, Lifestyle & Everyday Essentials, Hardware > Electrical > Lights",
16225,X29H416225,Mirror Table Stand with  crystal beads,variable,False,unknown,,False,True,True,"Homeware > Decor, Homeware, Homeware > Decor > Kitchen & Table Accessories, Lifestyle & Everyday Essentials, Lifestyle & Everyday Essentials > Novelty",no_price
16229,L3XQU16229,Lantern Cosmetic bucket with crystal beads,simple,False,unknown,320,True,True,True,"Homeware > Decor, Homeware, Homeware > Decor > Kitchen & Table Accessories, Lifestyle & Everyday Essentials, Lifestyle & Everyday Essentials > Novelty",
16230,I2SCY16230,Round holder bucket with crystal beads,simple,False,unknown,190,True,True,True,"Homeware > Decor, Homeware, Homeware > Decor > Kitchen & Table Accessories, Lifestyle & Everyday Essentials, Lifestyle & Everyday Essentials > Novelty",
16231,VVMX716231,Round  Candle Crystal Beads Ornament,simple,False,unknown,190,True,True,True,"Homeware > Decor > Candles & Holders, Homeware > Decor, Homeware, Homeware > Decor > Kitchen & Table Accessories, Lifestyle & Everyday Essentials, Lifestyle & Everyday Essentials > Novelty",
16232,CH2YD16232,Round Spike Candle Holder,simple,False,unknown,300,True,True,True,"Homeware > Decor > Candles & Holders, Homeware > Decor, Homeware, Homeware > Decor > Kitchen & Table Accessories, Lifestyle & Everyday Essentials, Lifestyle & Everyday Essentials > Novelty",
16233,Q6Q9816233,Round Candle Stick Holder,variable,False,unknown,,False,True,True,"Homeware > Decor > Candles & Holders, Homeware > Decor, Homeware, Homeware > Decor > Kitchen & Table Accessories, Lifestyle & Everyday Essentials, Lifestyle & Everyday Essentials > Novelty",no_price
16236,8YP7216236,Glass Box Candle Holder with Silver Candle,simple,False,unknown,400,True,True,True,"Homeware > Decor > Candles & Holders, Homeware > Decor, Homeware, Homeware > Decor > Kitchen & Table Accessories, Lifestyle & Everyday Essentials, Lifestyle & Everyday Essentials > Novelty",
16237,4HZVP16237,Christmas Tree with White Snowflakes,simple,False,unknown,60,True,True,True,"Homeware > Decor, Lifestyle & Everyday Essentials > Christmas > Festive Trees, Homeware, Homeware > Decor > Kitchen & Table Accessories, Lifestyle & Everyday Essentials > Under R99",
16238,5S34T16238,Candle Holder Crystal,variable,False,unknown,,False,True,True,"Homeware > Decor > Candles & Holders, Homeware > Decor, Homeware, Homeware > Decor > Kitchen & Table Accessories, Lifestyle & Everyday Essentials, Lifestyle & Everyday Essentials > Novelty",no_price
16241,Y5L1G16241,Gold Cup Stand with Black Trio Legs,simple,False,unknown,650,True,True,True,"Homeware > Decor, Homeware, Homeware > Decor > Kitchen & Table Accessories, Lifestyle & Everyday Essentials, Homeware > Dining > Drinkware > Mugs, Lifestyle & Everyday Essentials > Novelty",
16242,69YP816242,Round Candle Stick Holder Round,variable,False,unknown,,False,True,True,"Homeware > Decor > Candles & Holders, Homeware > Decor, Homeware, Homeware > Decor > Kitchen & Table Accessories, Lifestyle & Everyday Essentials, Lifestyle & Everyday Essentials > Novelty",no_price
16245,RL1QG16245,Mirror Stand with crystal beads,variable,False,unknown,,False,True,True,"Homeware > Decor, Homeware, Homeware > Decor > Kitchen & Table Accessories, Lifestyle & Everyday Essentials, Lifestyle & Everyday Essentials > Novelty",no_price
16319,NTM6Q16319,Tongdi 18 color pens,simple,False,unknown,55,True,True,True,"Lifestyle & Everyday Essentials, Lifestyle & Everyday Essentials > Stationery, Lifestyle & Everyday Essentials > Under R99",
16515,PUGXC16515,12pc water color pen,simple,False,unknown,35,True,True,True,"Lifestyle & Everyday Essentials, Lifestyle & Everyday Essentials > Stationery, Lifestyle & Everyday Essentials > Under R99",
16519,17DRO16519,12pc Cooky color Pastel Chalk Markers,simple,False,unknown,85,True,True,True,"Lifestyle & Everyday Essentials, Lifestyle & Everyday Essentials > Stationery, Lifestyle & Everyday Essentials > Under R99",
16520,3R8U116520,12 Colors Yalong Color Pencils,simple,False,unknown,55,True,True,True,"Lifestyle & Everyday Essentials, Lifestyle & Everyday Essentials > Stationery, Lifestyle & Everyday Essentials > Under R99",
16521,49OL916521,12 pencils 24 colors YL816053-24,simple,False,unknown,40,True,True,True,"Lifestyle & Everyday Essentials, Lifestyle & Everyday Essentials > Stationery, Lifestyle & Everyday Essentials > Under R99",
16522,H323916522,Tyno 12 color pen pack,simple,False,unknown,60,True,True,True,"Lifestyle & Everyday Essentials, Lifestyle & Everyday Essentials > Stationery, Lifestyle & Everyday Essentials > Under R99",
16523,FE51716523,Educational alphabet form and write,simple,False,unknown,50,True,True,True,"Lifestyle & Everyday Essentials, Lifestyle & Everyday Essentials > Stationery, Lifestyle & Everyday Essentials > Under R99",
16530,VP38316530,10pc Magnets,simple,False,unknown,25,True,True,True,"Lifestyle & Everyday Essentials, Lifestyle & Everyday Essentials > Stationery, Lifestyle & Everyday Essentials > Under R99",
16532,2CC7H16532,8 Color Paint set,simple,False,unknown,35,True,True,True,"Lifestyle & Everyday Essentials, Lifestyle & Everyday Essentials > Stationery, Lifestyle & Everyday Essentials > Under R99",
16535,827FO16535,8pc Magnet set,simple,False,unknown,20,True,True,True,"Lifestyle & Everyday Essentials, Lifestyle & Everyday Essentials > Stationery, Lifestyle & Everyday Essentials > Under R99",
16536,3869116536,6 pc Compressed Charcoal,simple,False,unknown,60,True,True,True,"Lifestyle & Everyday Essentials, Lifestyle & Everyday Essentials > Stationery, Lifestyle & Everyday Essentials > Under R99",
16560,Q3CZU16560,New Years Assorted Boxes of Light,simple,False,unknown,300,True,True,True,"Lifestyle & Everyday Essentials > Fireworks, Lifestyle & Everyday Essentials",
16561,6W7E716561,New Years Festival of Lights Fireworks,simple,False,unknown,400,True,True,True,"Lifestyle & Everyday Essentials > Fireworks, Lifestyle & Everyday Essentials",
16563,B7A4H16563,New Years Heavenly Wonder Box Fireworks,simple,False,unknown,400,True,True,True,"Lifestyle & Everyday Essentials > Fireworks, Lifestyle & Everyday Essentials",
16566,85N3Y16566,"New Years 100 Shot 08"" Saturn Missile Firework",simple,False,unknown,200,True,True,True,"Lifestyle & Everyday Essentials > Fireworks, Lifestyle & Everyday Essentials",
16567,A5J3516567,"100 Shot 12"" Fan Firework",simple,False,unknown,3500,True,True,True,"Lifestyle & Everyday Essentials > Fireworks, Lifestyle & Everyday Essentials",
16569,245NI16569,"10 Shot Assorted 0.8"" New Years Fireworks",simple,False,unknown,210,True,True,True,"Lifestyle & Everyday Essentials > Fireworks, Lifestyle & Everyday Essentials",
16587,IM2DV16587,"10 Shot Assorted 1.2"" New Years Fireworks",simple,False,unknown,300,True,True,True,"Lifestyle & Everyday Essentials > Fireworks, Lifestyle & Everyday Essentials",
16588,YJWH316588,"19 Shot 12"" Assorted New years Fireworks",simple,False,unknown,520,True,True,True,"Lifestyle & Everyday Essentials > Fireworks, Lifestyle & Everyday Essentials",
16589,YN7SF16589,19 Shot Small New Year Firework,simple,False,unknown,450,True,True,True,"Lifestyle & Everyday Essentials > Fireworks, Lifestyle & Everyday Essentials",
16590,3178B16590,200 Shot Saturn Missile New Year Firework,simple,False,unknown,300,True,True,True,"Lifestyle & Everyday Essentials > Fireworks, Lifestyle & Everyday Essentials",
16591,8I16J16591,"25 Shot Fan 1.2"" New Years Firework",simple,False,unknown,400,True,True,True,"Lifestyle & Everyday Essentials > Fireworks, Lifestyle & Everyday Essentials",
16592,SQ7ZC16592,25 Shot Limited Edition New Years Firework,simple,False,unknown,450,True,True,True,"Lifestyle & Everyday Essentials > Fireworks, Lifestyle & Everyday Essentials",
16593,PZ8PE16593,25 Shot Saturn Missile New Years Firework,simple,False,unknown,190,True,True,True,"Lifestyle & Everyday Essentials > Fireworks, Lifestyle & Everyday Essentials",
16594,SE55A16594,"25 Shot Square 1.2"" New Years Firework",simple,False,unknown,850,True,True,True,"Lifestyle & Everyday Essentials > Fireworks, Lifestyle & Everyday Essentials",
16595,VYCYN16595,"36 Fan 1.2"" New Years Firework",simple,False,unknown,1200,True,True,True,"Lifestyle & Everyday Essentials > Fireworks, Lifestyle & Everyday Essentials",
16611,K3GQH16611,"36 Shot 0.8"" New Years Firework",simple,False,unknown,480,True,True,True,"Lifestyle & Everyday Essentials > Fireworks, Lifestyle & Everyday Essentials",
16612,O7V2216612,36 Square 1.2 New Years Firework,simple,False,unknown,1200,True,True,True,"Lifestyle & Everyday Essentials > Fireworks, Lifestyle & Everyday Essentials",
16613,P97YD16613,"40 Shot 0.8"" Sky Beauty New Years Firework",simple,False,unknown,480,True,True,True,"Lifestyle & Everyday Essentials > Fireworks, Lifestyle & Everyday Essentials",
16614,94XBZ16614,49 Shot Fighter Ace Square 1.2 New Years Firework,simple,False,unknown,1500,True,True,True,"Lifestyle & Everyday Essentials > Fireworks, Lifestyle & Everyday Essentials",
16616,D7J7A16616,9 Shot 1.2 Happy New Year Firework,simple,False,unknown,350,True,True,True,"Lifestyle & Everyday Essentials > Fireworks, Lifestyle & Everyday Essentials",
16617,SZ46K16617,"9 Shot Good Time 1.2"" New Years Firework",simple,False,unknown,320,True,True,True,"Lifestyle & Everyday Essentials > Fireworks, Lifestyle & Everyday Essentials",
16618,YO1ZM16618,Best Group Fountain New Years Firework,simple,False,unknown,350,True,True,True,"Lifestyle & Everyday Essentials > Fireworks, Lifestyle & Everyday Essentials",
16619,SY2SQ16619,Snow Fountain New Years Firework,simple,False,unknown,110,True,True,True,"Lifestyle & Everyday Essentials > Fireworks, Lifestyle & Everyday Essentials",
16621,EOUM216621,Festival Balls New Years Firework,variable,False,unknown,,False,True,True,"Lifestyle & Everyday Essentials > Fireworks, Lifestyle & Everyday Essentials",no_price
16624,5F5O416624,New Years Shooter Fireworks,variable,False,unknown,,False,True,True,"Lifestyle & Everyday Essentials > Fireworks, Lifestyle & Everyday Essentials, Lifestyle & Everyday Essentials > Under R99",no_price
16629,7A7P816629,Firework Candles,variable,False,unknown,,False,True,True,"Lifestyle & Everyday Essentials > Fireworks, Lifestyle & Everyday Essentials",no_price
16633,PKECB16633,Sparkles New Years Firework,variable,False,unknown,,False,True,True,"Lifestyle & Everyday Essentials > Fireworks, Lifestyle & Everyday Essentials",no_price
16637,5FQ7216637,3.52 SQM Peel And Stick Vinyl Tiles,variable,False,unknown,,False,True,True,"Homeware > Decor, Hardware, Hardware > Peel and Stick Tiles > Peel & Stick Vinyl Tiles, Hardware > Peel and Stick Tiles",no_price
16700,7747916700,Pink Fluffy Pencil Case,simple,False,unknown,200,True,True,True,"Lifestyle & Everyday Essentials, Lifestyle & Everyday Essentials > Stationery",
16701,7H9G616701,12 Color Pastel Pencils,simple,False,unknown,150,True,True,True,"Lifestyle & Everyday Essentials, Lifestyle & Everyday Essentials > Stationery",
16703,HU97916703,12pc Yalong 2B Wooden Pencil,simple,False,unknown,60,True,True,True,"Lifestyle & Everyday Essentials, Lifestyle & Everyday Essentials > Stationery, Lifestyle & Everyday Essentials > Under R99",
16705,P3GRK16705,Blue series Pencil Case,simple,False,unknown,120,True,True,True,"Lifestyle & Everyday Essentials, Lifestyle & Everyday Essentials > Stationery",
16706,SIJ7416706,Blue Pencil Case,simple,False,unknown,120,True,True,True,"Lifestyle & Everyday Essentials, Lifestyle & Everyday Essentials > Stationery",
16707,F6AE416707,Green Pencil case,simple,False,unknown,110,True,True,True,"Lifestyle & Everyday Essentials, Lifestyle & Everyday Essentials > Stationery",
16708,C9M2716708,Kids Alphabet Cartoon Cubes,simple,False,unknown,120,True,True,True,"Lifestyle & Everyday Essentials, Lifestyle & Everyday Essentials > Stationery",
16709,41TR116709,White Board + 2 Magnets,simple,False,unknown,110,True,True,True,"Lifestyle & Everyday Essentials, Lifestyle & Everyday Essentials > Stationery",
16710,9LF4616710,Blue Spider Man Art Set,simple,False,unknown,80,True,True,True,"Lifestyle & Everyday Essentials, Lifestyle & Everyday Essentials > Stationery, Lifestyle & Everyday Essentials > Under R99",
16711,ME1J716711,Magnet White Board With Stamps and Pen item,simple,False,unknown,120,True,True,True,"Lifestyle & Everyday Essentials, Lifestyle & Everyday Essentials > Stationery",
16712,I794216712,Unicorn Pink Pencil case,simple,False,unknown,150,True,True,True,"Lifestyle & Everyday Essentials, Lifestyle & Everyday Essentials > Stationery",
16717,IGE8J16717,Marlin 5pc Pen/Pencil Set,variable,False,unknown,,False,True,True,"Lifestyle & Everyday Essentials, Lifestyle & Everyday Essentials > Stationery, Lifestyle & Everyday Essentials > Under R99",no_price
16738,INERT16738,30 cm ruler - Marlin,variable,False,unknown,,False,True,True,"Lifestyle & Everyday Essentials, Lifestyle & Everyday Essentials > Stationery, Lifestyle & Everyday Essentials > Under R99",no_price
16761,96AXB16761,Marlin Ballpoint Pen Set - 10 Pieces,variable,False,unknown,,False,True,True,"Lifestyle & Everyday Essentials, Lifestyle & Everyday Essentials > Stationery, Lifestyle & Everyday Essentials > Under R99",no_price
16765,WU5FM16765,Marlin Correction Tape - 5mm x 6mm,simple,False,unknown,45,True,True,True,"Lifestyle & Everyday Essentials, Lifestyle & Everyday Essentials > Stationery, Lifestyle & Everyday Essentials > Under R99",
16766,USF4D16766,12 Pc - Precision Fineliner Color pen set,simple,False,unknown,50,True,True,True,"Lifestyle & Everyday Essentials, Lifestyle & Everyday Essentials > Stationery, Lifestyle & Everyday Essentials > Under R99",
16767,I98Q116767,8-Piece Jumbo Marlin Fiber Tip Pen Set,simple,False,unknown,60,True,True,True,"Lifestyle & Everyday Essentials, Lifestyle & Everyday Essentials > Stationery, Lifestyle & Everyday Essentials > Under R99",
16768,757E116768,3 pack Marlin  Glue Stick washable glue stick,simple,False,unknown,69,True,True,True,"Lifestyle & Everyday Essentials, Lifestyle & Everyday Essentials > Stationery, Lifestyle & Everyday Essentials > Under R99",
16769,G4S6216769,24pc Marlin Fiber Tip Pens,simple,False,unknown,60,True,True,True,"Lifestyle & Everyday Essentials, Lifestyle & Everyday Essentials > Stationery, Lifestyle & Everyday Essentials > Under R99",
16770,9ZR8Z16770,Marlin Corrector Fluid with  Brush - 20ml,simple,False,unknown,40,True,True,True,"Lifestyle & Everyday Essentials, Lifestyle & Everyday Essentials > Stationery, Lifestyle & Everyday Essentials > Under R99",
16772,2NDFU16772,Marlin Set Eraser & Sharpner Set,simple,True,unknown,35,True,True,True,"Lifestyle & Everyday Essentials, Lifestyle & Everyday Essentials > Stationery, Lifestyle & Everyday Essentials > Under R99",
16773,2Y37316773,Marlin Corrector Pen 7ml,simple,False,unknown,35,True,True,True,"Lifestyle & Everyday Essentials, Lifestyle & Everyday Essentials > Stationery, Lifestyle & Everyday Essentials > Under R99",
16774,BM98B16774,4pc Marlin Pastel Highlighters,simple,False,unknown,35,True,True,True,"Lifestyle & Everyday Essentials, Lifestyle & Everyday Essentials > Stationery, Lifestyle & Everyday Essentials > Under R99",
16789,OSP2716789,Marlin 2 Pc Liquid Glue 30ml,simple,False,unknown,20,True,True,True,"Lifestyle & Everyday Essentials, Lifestyle & Everyday Essentials > Stationery, Lifestyle & Everyday Essentials > Under R99",
16790,C56CY16790,Colorful Stainless Scissors,variable,False,unknown,,False,True,True,"Lifestyle & Everyday Essentials, Lifestyle & Everyday Essentials > Stationery, Lifestyle & Everyday Essentials > Under R99",no_price
16794,81O7E16794,My unicorn Calculator,simple,True,unknown,75,True,True,True,"Lifestyle & Everyday Essentials, Lifestyle & Everyday Essentials > Stationery, Lifestyle & Everyday Essentials > Under R99",
16795,38B4116795,Essential Blue Scissors for Office,simple,False,unknown,45,True,True,True,"Lifestyle & Everyday Essentials, Lifestyle & Everyday Essentials > Stationery, Lifestyle & Everyday Essentials > Under R99",
16796,571X416796,Office Essentials Scissors Kit,simple,False,unknown,45,True,True,True,"Lifestyle & Everyday Essentials, Lifestyle & Everyday Essentials > Stationery, Lifestyle & Everyday Essentials > Under R99",
16797,54A4616797,Red-Grip Precision Scissors,simple,False,unknown,60,True,True,True,"Lifestyle & Everyday Essentials, Lifestyle & Everyday Essentials > Stationery, Lifestyle & Everyday Essentials > Under R99",
16798,DKIG916798,Blue Grip Steel Scissors,simple,False,unknown,50,True,True,True,"Lifestyle & Everyday Essentials, Lifestyle & Everyday Essentials > Stationery, Lifestyle & Everyday Essentials > Under R99",
16799,4788C16799,Basic Office Deck Set,simple,False,unknown,110,True,True,True,"Lifestyle & Everyday Essentials, Lifestyle & Everyday Essentials > Stationery",
16800,42AZW16800,BlueLight Set + 2x Staples,simple,False,unknown,95,True,True,True,"Lifestyle & Everyday Essentials, Lifestyle & Everyday Essentials > Stationery, Lifestyle & Everyday Essentials > Under R99",
16801,LQ58416801,Color Splash Mini Stapler,variable,False,unknown,,False,True,True,"Lifestyle & Everyday Essentials, Lifestyle & Everyday Essentials > Stationery, Lifestyle & Everyday Essentials > Under R99",no_price
16809,DH5F316809,Color Splash Mini Stapler,variable,False,unknown,,False,True,True,"Lifestyle & Everyday Essentials, Lifestyle & Everyday Essentials > Stationery, Lifestyle & Everyday Essentials > Under R99",no_price
16856,18EX116856,Paint Canvas lion + Mini paint Set,simple,False,unknown,110,True,True,True,"Lifestyle & Everyday Essentials, Lifestyle & Everyday Essentials > Stationery",
16857,1NQ5G16857,Office Trend 3-Pc Highlighter Set,simple,False,unknown,30,True,True,True,"Lifestyle & Everyday Essentials, Lifestyle & Everyday Essentials > Stationery, Lifestyle & Everyday Essentials > Under R99",
16858,J3A7I16858,12-Pack Fineliner Color Pens - 0.4mm,simple,False,unknown,60,True,True,True,"Lifestyle & Everyday Essentials, Lifestyle & Everyday Essentials > Stationery, Lifestyle & Everyday Essentials > Under R99",
16859,VPOR616859,Highlighter Pack: 6 Fluorescent Colors,simple,False,unknown,45,True,True,True,"Lifestyle & Everyday Essentials, Lifestyle & Everyday Essentials > Stationery, Lifestyle & Everyday Essentials > Under R99",
16862,86B6J16862,4-Pack Fluorescent Highlighters,simple,False,unknown,50,True,True,True,"Lifestyle & Everyday Essentials, Lifestyle & Everyday Essentials > Stationery, Lifestyle & Everyday Essentials > Under R99",
16863,K993516863,2-in-1 Correction Pen + Tape Combo,simple,False,unknown,40,True,True,True,"Lifestyle & Everyday Essentials, Lifestyle & Everyday Essentials > Stationery, Lifestyle & Everyday Essentials > Under R99",
16864,C73XV16864,BESTDI highlighters 4pc/6pc,variable,False,unknown,,False,True,True,"Lifestyle & Everyday Essentials, Lifestyle & Everyday Essentials > Stationery, Lifestyle & Everyday Essentials > Under R99",no_price
16867,NSUE116867,Black Mini Stapler Set,simple,False,unknown,30,True,True,True,"Lifestyle & Everyday Essentials, Lifestyle & Everyday Essentials > Stationery, Lifestyle & Everyday Essentials > Under R99",
16868,X295J16868,Hello Kitty Pink Kids' Scissors,simple,False,unknown,50,True,True,True,"Lifestyle & Everyday Essentials, Lifestyle & Everyday Essentials > Stationery, Lifestyle & Everyday Essentials > Under R99",
16869,AVMQT16869,2 pc gel pen set - 0.5mm white and black - GP-3813,simple,False,unknown,35,True,True,True,"Lifestyle & Everyday Essentials, Lifestyle & Everyday Essentials > Stationery, Lifestyle & Everyday Essentials > Under R99",
16870,VVOCV16870,10pc 2B Blue Pencils & Sharpener Set,simple,False,unknown,40,True,True,True,"Lifestyle & Everyday Essentials, Lifestyle & Everyday Essentials > Stationery, Lifestyle & Everyday Essentials > Under R99",
16871,ET27816871,12 Pc Blue/Green Pencils & Sharpener Set,simple,False,unknown,40,True,True,True,"Lifestyle & Everyday Essentials, Lifestyle & Everyday Essentials > Stationery, Lifestyle & Everyday Essentials > Under R99",
16872,1K7RJ16872,10 HB Pencils + Bonus Sharpener,variable,False,unknown,,False,True,True,"Lifestyle & Everyday Essentials, Lifestyle & Everyday Essentials > Stationery, Lifestyle & Everyday Essentials > Under R99",no_price
16876,3P75G16876,Artistic Duo: Paint Pallet + 6 Paints,simple,False,unknown,60,True,True,True,"Lifestyle & Everyday Essentials, Lifestyle & Everyday Essentials > Stationery, Lifestyle & Everyday Essentials > Under R99",
16877,IV4X716877,5-Piece Pencil Set,simple,False,unknown,40,True,True,True,"Lifestyle & Everyday Essentials, Lifestyle & Everyday Essentials > Stationery, Lifestyle & Everyday Essentials > Under R99",
16878,7564Z16878,Click-Top Gel Pens Duo - Set of 2,variable,False,unknown,,False,True,True,"Lifestyle & Everyday Essentials, Lifestyle & Everyday Essentials > Stationery, Lifestyle & Everyday Essentials > Under R99",no_price
16881,57ZVY16881,Pencil Safari: 12 Animal Stripe Edition,simple,False,unknown,45,True,True,True,"Lifestyle & Everyday Essentials, Lifestyle & Everyday Essentials > Stationery, Lifestyle & Everyday Essentials > Under R99",
16882,XBOST16882,Artistic Spectrum: 12-Color Palette,simple,False,unknown,40,True,True,True,"Lifestyle & Everyday Essentials, Lifestyle & Everyday Essentials > Stationery, Lifestyle & Everyday Essentials > Under R99",
16883,6YCJF16883,8-Piece Pastel Highlighter Collection,simple,False,unknown,95,True,True,True,"Lifestyle & Everyday Essentials, Lifestyle & Everyday Essentials > Stationery, Lifestyle & Everyday Essentials > Under R99",
16884,OYGT616884,Double Pack: 1000 Staples per Box (2 Boxes) - NO.10-1M,simple,False,unknown,30,True,True,True,"Lifestyle & Everyday Essentials, Lifestyle & Everyday Essentials > Stationery, Lifestyle & Everyday Essentials > Under R99",
16885,N1K1H16885,24-Pack Wax Crayons,simple,False,unknown,50,True,True,True,"Lifestyle & Everyday Essentials, Lifestyle & Everyday Essentials > Stationery, Lifestyle & Everyday Essentials > Under R99",
16886,EL7XX16886,Compact Electronic Calculator,simple,False,unknown,110,True,True,True,"Lifestyle & Everyday Essentials, Lifestyle & Everyday Essentials > Stationery",
16887,HE8WC16887,12 Colored Pencils in 24 Vibrant Shades,simple,False,unknown,55,True,True,True,"Lifestyle & Everyday Essentials, Lifestyle & Everyday Essentials > Stationery, Lifestyle & Everyday Essentials > Under R99",
16888,8B53916888,9 Pc Compass set,simple,False,unknown,60,True,True,True,"Lifestyle & Everyday Essentials, Lifestyle & Everyday Essentials > Stationery, Lifestyle & Everyday Essentials > Under R99",
16889,ZS79U16889,Magic Marker Set - 20 Brush Tips,simple,False,unknown,60,True,True,True,"Lifestyle & Everyday Essentials, Lifestyle & Everyday Essentials > Stationery, Lifestyle & Everyday Essentials > Under R99",
16890,9RPSM16890,Set of 3 Precision Outline Markers,simple,False,unknown,75,True,True,True,"Lifestyle & Everyday Essentials, Lifestyle & Everyday Essentials > Stationery, Lifestyle & Everyday Essentials > Under R99",
16891,BF81P16891,Colorful Duo: 6 Pens with 12 Shades Each,simple,False,unknown,45,True,True,True,"Lifestyle & Everyday Essentials, Lifestyle & Everyday Essentials > Stationery, Lifestyle & Everyday Essentials > Under R99",
16892,7MI7816892,Essential Set: 12 HB Pencils,variable,False,unknown,,False,True,True,"Lifestyle & Everyday Essentials, Lifestyle & Everyday Essentials > Stationery, Lifestyle & Everyday Essentials > Under R99",no_price
16895,1EYRO16895,Colorful Pen Collection - 18 Pack,simple,False,unknown,50,True,True,True,"Lifestyle & Everyday Essentials, Lifestyle & Everyday Essentials > Stationery, Lifestyle & Everyday Essentials > Under R99",
16896,9T71616896,Watercolor Pencils - Set of 12,simple,False,unknown,40,True,True,True,"Lifestyle & Everyday Essentials, Lifestyle & Everyday Essentials > Stationery, Lifestyle & Everyday Essentials > Under R99",
16897,9M71G16897,12 Color Pencils with 24 Colors,simple,False,unknown,60,True,True,True,"Lifestyle & Everyday Essentials, Lifestyle & Everyday Essentials > Stationery, Lifestyle & Everyday Essentials > Under R99",
16898,51H1J16898,Palette of 12 Oil Pastel Colors,simple,False,unknown,55,True,True,True,"Lifestyle & Everyday Essentials, Lifestyle & Everyday Essentials > Stationery, Lifestyle & Everyday Essentials > Under R99",
16899,69CN816899,Variety Starter Stationary Set,simple,False,unknown,95,True,True,True,"Lifestyle & Everyday Essentials, Lifestyle & Everyday Essentials > Stationery, Lifestyle & Everyday Essentials > Under R99",
16900,8X8BU16900,Versatile Double-Ended Permanent Markers - 12pc,simple,False,unknown,85,True,True,True,"Lifestyle & Everyday Essentials, Lifestyle & Everyday Essentials > Stationery, Lifestyle & Everyday Essentials > Under R99",
16901,5BPGQ16901,Color Pencils - Set of 12,simple,False,unknown,50,True,True,True,"Lifestyle & Everyday Essentials, Lifestyle & Everyday Essentials > Stationery, Lifestyle & Everyday Essentials > Under R99",
16902,Y4F5516902,Stapler Plier with staples,simple,False,unknown,80,True,True,True,"Hardware > Hand Tools, Lifestyle & Everyday Essentials, Lifestyle & Everyday Essentials > Stationery, Lifestyle & Everyday Essentials > Under R99",
16903,KA5X916903,6 Gel Pens with Bonus Refills,simple,False,unknown,80,True,True,True,"Lifestyle & Everyday Essentials, Lifestyle & Everyday Essentials > Stationery, Lifestyle & Everyday Essentials > Under R99",
16904,L678716904,Versatile Pen Collection - 10 Pack,simple,False,unknown,65,True,True,True,"Lifestyle & Everyday Essentials, Lifestyle & Everyday Essentials > Stationery, Lifestyle & Everyday Essentials > Under R99",
16905,N92L316905,Staples - 1 Box of 1000 Staples,simple,False,unknown,25,True,True,True,"Lifestyle & Everyday Essentials, Lifestyle & Everyday Essentials > Stationery, Lifestyle & Everyday Essentials > Under R99",
16944,FFI9416944,Mondi Rotatrim A4 Office Copy Paper,variable,True,unknown,,False,True,True,"Lifestyle & Everyday Essentials, Lifestyle & Everyday Essentials > Stationery, Lifestyle & Everyday Essentials > Under R99",no_price
16954,F4FZZ16954,Colourful Outdoor LED And Lantern Light Torch,simple,True,power_warehouse,120,True,True,True,"Hardware > Electrical, Hardware > Electrical > Lights, Hardware > Electrical > Loadshedding, Hardware > Electrical > Loadshedding > Solar, Lifestyle & Everyday Essentials > Under R99",
16970,45Z4V16970,UZSPACE BPA-Free Water Bottle,variable,True,unknown,,False,True,True,"Homeware > Dining > Drinkware > Bottles, Homeware > Dining > Drinkware, Homeware, Homeware > Kitchenware",no_price
17007,BTAH617007,Space Saver LED Ceiling Fan With Remote,simple,True,unknown,1700,True,True,True,"Hardware > Electrical, Homeware > Fans & Heaters, Homeware, Hardware > Electrical > Lights",
17008,YTTWD17008,Modern Black Cage Ceiling Fan LED Light With Remote Control,simple,True,unknown,4500,True,True,True,"Homeware > Appliances, Hardware > Electrical, Homeware > Fans & Heaters, Homeware, Hardware > Electrical > Lights",
17013,4MFH117013,Remote Control Retractable Ceiling Fan with Lights,simple,True,unknown,1900,True,True,True,"Hardware > Electrical, Homeware > Fans & Heaters, Homeware, Hardware > Electrical > Lights",
17016,V7HWZ17016,Mini Karaoke Machine Bluetooth,simple,True,power_warehouse,300,True,True,True,"Mobile Tech & Gadgets > Audio, Lifestyle & Everyday Essentials, Hardware > Electrical > Loadshedding, Lifestyle & Everyday Essentials > Novelty, Mobile Tech & Gadgets > Tech & Gadgets",
17019,431O117019,Handheld Desktop Usb Charging Fan,variable,True,unknown,,False,True,True,"Homeware > Fans & Heaters, Homeware, Lifestyle & Everyday Essentials > Under R99",no_price
17038,6754C17038,Cordless Desktop Fan USB Charge,simple,True,unknown,130,True,True,True,"Homeware > Fans & Heaters, Homeware, Lifestyle & Everyday Essentials > Under R99",
17076,VUBBG17076,Personalized Magnet Frame,simple,False,unknown,80,True,True,True,"Lifestyle & Everyday Essentials, Lifestyle & Everyday Essentials > Novelty, Lifestyle & Everyday Essentials > Under R99, Lifestyle & Everyday Essentials > Valentine's Day",
17077,HU9YU17077,Heart Key Ring,simple,False,jewellery,70,True,True,True,"Lifestyle & Everyday Essentials, Lifestyle & Everyday Essentials > Novelty, Lifestyle & Everyday Essentials > Under R99, Lifestyle & Everyday Essentials > Valentine's Day",
17078,5JS8X17078,Floral Key Ring,simple,False,jewellery,70,True,True,True,"Lifestyle & Everyday Essentials, Lifestyle & Everyday Essentials > Novelty, Lifestyle & Everyday Essentials > Under R99, Lifestyle & Everyday Essentials > Valentine's Day",
17079,TUD1M17079,Puzzle of love 60pc,simple,False,unknown,150,True,True,True,"Lifestyle & Everyday Essentials, Lifestyle & Everyday Essentials > Novelty, Lifestyle & Everyday Essentials > Valentine's Day",
17080,3577W17080,Heart Shaped Magic Mirror,simple,False,unknown,250,True,True,True,"Homeware > Decor, Lifestyle & Everyday Essentials > Christmas > Festive Decor, Lifestyle & Everyday Essentials, Lifestyle & Everyday Essentials > Novelty, Lifestyle & Everyday Essentials > Valentine's Day",
17081,KRHWK17081,Desk/Shelf Clock,simple,False,unknown,280,True,True,True,"Homeware > Decor, Lifestyle & Everyday Essentials > Christmas > Festive Decor, Lifestyle & Everyday Essentials, Lifestyle & Everyday Essentials > Novelty, Lifestyle & Everyday Essentials > Valentine's Day",
17082,K13ET17082,Rectangular Picture Frame,variable,False,unknown,,False,True,True,"Lifestyle & Everyday Essentials > Christmas > Festive Decor, Lifestyle & Everyday Essentials, Lifestyle & Everyday Essentials > Novelty, Lifestyle & Everyday Essentials > Valentine's Day",no_price
17100,YXMAR17100,Personalized Tea Mugs,variable,False,unknown,,False,True,True,"Lifestyle & Everyday Essentials, Homeware > Dining > Drinkware > Mugs, Lifestyle & Everyday Essentials > Novelty, Lifestyle & Everyday Essentials > Valentine's Day",no_price
17135,73UYD17135,Tupperware Lunchbox,variable,True,tupperware,,False,True,True,"Homeware > Kitchenware > Food Storage Containers, Homeware, Homeware > Kitchenware, Homeware > Kitchenware > Food Storage Containers > Tupperware",no_price
17145,9Y45217145,Desktop Fan,simple,True,unknown,210,True,True,True,"Homeware > Fans & Heaters, Homeware",
17147,SBP2B17147,Solar Rechargeable Floor Fan 14-inch with Solar Panel,simple,True,power_warehouse,1399,True,True,True,"Homeware > Appliances, Homeware > Fans & Heaters, Homeware, Hardware > Electrical > Loadshedding, Homeware > Appliances > Small Appliances, Hardware > Electrical > Loadshedding > Solar",
17148,J3J9117148,3-Burner Tempered Glass Panel Gas Stove with Auto-Ignition,simple,True,unknown,699,True,True,True,"Homeware > Appliances, Homeware, Homeware > Appliances > Stoves",
17165,A2EFP17165,Ladies Free Size Kaftans,variable,False,unknown,,False,True,True,"Lifestyle & Everyday Essentials > Fashion, Lifestyle & Everyday Essentials",no_price
17175,OXMFN17175,Mugs 18OZ Assorted Decal Writing,variable,True,unknown,,False,True,True,"Homeware > Dining > Drinkware > Mugs, Lifestyle & Everyday Essentials > Novelty",no_price
17428,DKKRV17428,Tupperware Eco Bottle 500ml,variable,True,tupperware,,False,True,True,"Homeware > Dining > Drinkware > Bottles, Homeware > Dining > Drinkware, Homeware, Homeware > Kitchenware > Food Storage Containers > Tupperware, Lifestyle & Everyday Essentials > Under R99",no_price
17431,5D5VV17431,Tupperware Eco Bottle 310ml,variable,True,tupperware,,False,True,True,"Homeware > Dining > Drinkware > Bottles, Homeware > Dining > Drinkware, Homeware, Homeware > Kitchenware > Food Storage Containers > Tupperware, Lifestyle & Everyday Essentials > Under R99",no_price
17436,X48BA17436,Tupperware Eco Bottle 350ml,simple,True,tupperware,100,True,True,True,"Homeware > Dining > Drinkware > Bottles, Homeware > Dining > Drinkware, Homeware > Kitchenware > Food Storage Containers > Tupperware",
17470,C4CN417470,USB C Power Adapter,variable,True,unknown,,False,True,True,"Hardware > Electrical, Mobile Tech & Gadgets, Hardware > Electrical > Multiplugs & Adapters, Mobile Tech & Gadgets > Phone Chargers",no_price
17486,48UTV17486,IPhone 8 Lightning to USB Cable,simple,True,unknown,200,True,True,True,"Hardware > Electrical, Mobile Tech & Gadgets, Mobile Tech & Gadgets > Phone Chargers",
17487,WN15117487,USB C to Lightning Cable - IPhone,simple,True,unknown,200,True,True,True,"Hardware > Electrical, Mobile Tech & Gadgets, Mobile Tech & Gadgets > Phone Chargers",
17488,C4YC517488,Wireless Magnetic Charger,simple,True,unknown,300,True,True,True,"Hardware > Electrical, Mobile Tech & Gadgets, Mobile Tech & Gadgets > Phone Chargers",
17489,5B7MX17489,IPhone USB Power Adapter 5W,simple,True,unknown,200,True,True,True,"Mobile Tech & Gadgets, Mobile Tech & Gadgets > Phone Chargers",
17491,MPTALX13225867-0,3 Piece Icing Bottle Set,simple,True,unknown,170,True,True,True,"Homeware > Decor, Homeware > Decor > Kitchen & Table Accessories, Lifestyle & Everyday Essentials, Lifestyle & Everyday Essentials > Novelty",
17493,8V54717493,Type C Adapter Charger,variable,True,unknown,,False,True,True,"Hardware > Electrical, Mobile Tech & Gadgets, Hardware > Electrical > Multiplugs & Adapters, Mobile Tech & Gadgets > Phone Chargers",no_price
17498,IBGCV17498,Jokade Power Bank - 1000mAh,simple,False,power_warehouse,350,True,True,True,"Hardware > Electrical > Loadshedding > Batteries & Power Banks, Hardware > Electrical",
17535,13BC517535,Tupperware Snack Cups - 110ml,simple,True,tupperware,180,True,True,True,"Homeware > Kitchenware > Food Storage Containers, Homeware, Homeware > Kitchenware, Homeware > Kitchenware > Food Storage Containers > Tupperware",
17536,DS1KV17536,Tupperware Butter Dish - 500g,simple,True,tupperware,140,True,True,True,"Homeware > Kitchenware > Food Storage Containers, Homeware, Homeware > Kitchenware, Homeware > Kitchenware > Food Storage Containers > Tupperware",
17537,R2S2P17537,Tupperware Multi Purpose 3 Division Container with Steam Button,simple,True,tupperware,120,True,True,True,"Homeware > Kitchenware > Food Storage Containers, Homeware, Homeware > Kitchenware, Homeware > Kitchenware > Food Storage Containers > Tupperware",
17538,WQ5BY17538,Tupperware Oyster Container - Green,simple,True,tupperware,90,True,True,True,"Homeware > Kitchenware > Food Storage Containers, Homeware, Homeware > Kitchenware, Homeware > Kitchenware > Food Storage Containers > Tupperware, Lifestyle & Everyday Essentials > Under R99",
17539,Y639317539,Tupperware Burger Box With Tub,simple,True,tupperware,125,True,True,True,"Homeware > Kitchenware > Food Storage Containers, Homeware, Homeware > Kitchenware, Homeware > Kitchenware > Food Storage Containers > Tupperware",
17540,C3NYM17540,Tray Cloth,simple,True,unknown,30,True,True,True,"Homeware > Decor > Kitchen & Table Accessories, Lifestyle & Everyday Essentials, Lifestyle & Everyday Essentials > Novelty, Lifestyle & Everyday Essentials > Under R99",
17542,A579217542,Square Super Keeper -  (2lt),variable,True,unknown,,False,True,True,"Homeware > Kitchenware > Food Storage Containers, Homeware, Homeware > Kitchenware",no_price
17565,BY4WU17565,"Samsung LS24AG320 24"" Full HD 1ms 165Hz Gaming Monitor With AMD Free Sync Premium",simple,True,hirschs,6400,True,True,True,"Homeware, Mobile Tech & Gadgets, Mobile Tech & Gadgets > Tv's",
17569,7V54117569,Samsung Galaxy Z Flip5 Graphite 256GB -SM-F31BZEEAFA,simple,True,unknown,17000,True,True,True,"Mobile Tech & Gadgets > Mobile Phones, Mobile Tech & Gadgets",
17570,3NOBW17570,Samsung Galaxy Z Flip5 Graphite 512GB - SM-F731BZAAAFA,simple,True,unknown,20000,True,True,True,"Mobile Tech & Gadgets > Mobile Phones, Mobile Tech & Gadgets",
17571,LJ24417571,Portable Folding Charging Fan Fu-013,simple,True,unknown,290,True,True,True,"Hardware > Electrical, Homeware > Fans & Heaters, Homeware",
17574,8YNTJ17574,Portable Coolness - Rechargeable Folding Travel Fan FU009,simple,True,unknown,300,True,True,True,"Hardware > Electrical, Homeware > Fans & Heaters, Homeware",
17577,7748417577,One Step Hair Dryer And Styler,simple,True,unknown,350,True,True,True,"Homeware > Appliances > Small Appliances > Irons, Homeware > Appliances > Small Appliances > Personal Care, Homeware > Appliances > Small Appliances",
17581,,Sunsynk 5kw Single phase hybrid inverter 48v,simple,True,power_warehouse,24900,True,True,True,"Hardware > Electrical > Loadshedding > Inverters, Hardware > Electrical > Loadshedding",no_sku
17583,,Sunsynk 8kw Single phase hybrid inverter 48V,simple,True,power_warehouse,35000,True,True,True,"Hardware > Electrical > Loadshedding > Inverters, Hardware > Electrical > Loadshedding",no_sku
17586,,Sunsynk 10kW Hybrid Inverter,simple,True,power_warehouse,42000,True,True,True,"Hardware > Electrical > Loadshedding > Inverters, Hardware > Electrical > Loadshedding",no_sku
17588,47E5T17588,Fold Up Towel Beach Bag,simple,True,unknown,650,True,True,True,"Homeware > Decor, Lifestyle & Everyday Essentials, Lifestyle & Everyday Essentials > Novelty",
17602,,Sunsynk 16KW Hybrid Inverter,simple,True,power_warehouse,56000,True,True,True,"Hardware > Electrical > Loadshedding > Inverters, Hardware > Electrical > Loadshedding",no_sku
17604,,sunsynk 3kw hybrid inverter,simple,True,power_warehouse,19999,True,True,True,"Hardware > Electrical > Loadshedding > Inverters, Hardware > Electrical > Loadshedding",no_sku
17607,,Sunsynk 12kw Hybrid 3 Phase Inverter,simple,True,power_warehouse,45600,True,True,True,"Hardware > Electrical > Loadshedding > Inverters, Hardware > Electrical > Loadshedding",no_sku
17609,,5.32kw Hybrid Sunsynk lithium battery,simple,True,power_warehouse,28100,True,True,True,"Hardware > Electrical > Loadshedding > Inverters, Hardware > Electrical > Loadshedding",no_sku
17611,,SUNSYNK 10kW 200Ah LiFePo4 Lithium Ion Battery,simple,True,power_warehouse,55300,True,True,True,"Hardware > Electrical > Loadshedding > Inverters, Hardware > Electrical > Loadshedding",no_sku
17613,,540W Mono Solar Panel,simple,False,power_warehouse,2700,True,True,True,"Hardware > Electrical > Loadshedding, Hardware > Electrical > Loadshedding > Solar",no_sku
17617,,Ja Solar 555w mono Solar Panel,simple,False,power_warehouse,2900,True,True,True,"Hardware > Electrical > Loadshedding, Hardware > Electrical > Loadshedding > Solar",no_sku
17618,X41V617618,Revov r100 lithium battery 10 yr warranty,simple,True,power_warehouse,14500,True,True,True,"Hardware > Electrical > Loadshedding > Batteries & Power Banks, Hardware > Electrical > Loadshedding, Hardware > Electrical > Loadshedding > Solar",
17621,,Dyness 5kVA Battery,simple,True,power_warehouse,23500,True,True,True,"Hardware > Electrical > Loadshedding > Batteries & Power Banks, Hardware > Electrical > Loadshedding",no_sku
17622,VUSJO17622,Sunsynk 5kwhr lithium Battery,simple,True,power_warehouse,31500,True,True,True,"Hardware > Electrical > Loadshedding > Batteries & Power Banks, Hardware > Electrical > Loadshedding",
17624,XHLA317624,Freedom won Etower 5kWh Battery,simple,True,power_warehouse,29500,True,True,True,"Hardware > Electrical > Loadshedding > Batteries & Power Banks, Hardware > Electrical > Loadshedding",
17626,,Mecer 5kVA PWM inverter No parallel 2400w 2 yr warranty,simple,True,power_warehouse,10400,True,True,True,"Hardware > Electrical > Loadshedding > Inverters, Hardware > Electrical > Loadshedding",no_sku
17628,,Mecer 5.6kVA inverter 6000w MPPT 2 yr warranty,simple,True,power_warehouse,16500,True,True,True,"Hardware > Electrical > Loadshedding > Inverters, Hardware > Electrical > Loadshedding",no_sku
17630,,Mecer 8kVA Inverter 8000w MPPT,simple,True,power_warehouse,21000,True,True,True,"Hardware > Electrical > Loadshedding > Inverters, Hardware > Electrical > Loadshedding",no_sku
17635,P9YGN17635,Power Lithium Battery 5.12 Slimline,simple,True,power_warehouse,26500,True,True,True,"Hardware > Electrical > Loadshedding > Batteries & Power Banks, Hardware > Electrical > Loadshedding",
17651,VWKLT17651,Garden Patio/Lounge,variable,True,unknown,,False,True,True,"Furniture, Garden, Garden > Garden Furniture, Furniture > Outdoor Furniture",no_price
17656,OJUO717656,Perfume Fragrance (AAA),variable,True,unknown,,False,True,True,"Lifestyle & Everyday Essentials > Fragrance & Perfumes, Lifestyle & Everyday Essentials",no_price
17778,GUU4G17778,Crime Stopper - Pepper Spray,simple,True,unknown,250,True,True,True,"Lifestyle & Everyday Essentials, Lifestyle & Everyday Essentials > Self Defense",
17779,ARKOM17779,5000K Volt Taser,simple,True,unknown,350,True,True,True,"Lifestyle & Everyday Essentials, Lifestyle & Everyday Essentials > Self Defense",
17797,UX9AS17797,Padel Racket + 3Balls,simple,False,unknown,1600,True,True,True,"Lifestyle & Everyday Essentials, Lifestyle & Everyday Essentials > Novelty, Lifestyle & Everyday Essentials > Padel > Padel Rackets",
17813,4196,KELVINATOR MICROWAVE 45LT BLACK,simple,True,unknown,2400,True,True,False,Homeware > Appliances > Microwaves,no_description
17814,4413,DEFY M/WAVE DMO384 20L WHT,simple,True,hirschs,1070,True,True,True,Homeware > Appliances > Microwaves,
17815,4425,DEFY MICROWAVE DMO390 30LT ELEC MIRR GLASS,simple,True,hirschs,1399,True,True,False,Homeware > Appliances > Microwaves,no_description
17817,556,DEFY MICROWAVE DMO392 34LT GRILL MIRROR,simple,True,hirschs,2070,True,True,False,Homeware > Appliances > Microwaves,no_description
17827,2467,DEFY CHEST FREEZER 210LT WHT DMF470,simple,False,hirschs,,False,True,False,Homeware > Appliances > Freezers,no_price|no_description
17828,4991,DEFY CHEST FREEZER SOLAR+ELECTRIC DMF475S,simple,False,power_warehouse,,False,True,False,Homeware > Appliances > Freezers,no_price|no_description
17829,6132,COLD FACTOR CHEST FREEZER CF205 GO (GAS ONLY),simple,False,unknown,,False,True,False,Homeware > Appliances > Freezers,no_price|no_description
17830,944,KIC FREEZER 210LT WHITE 2YRS,simple,False,hirschs,,False,True,False,Homeware > Appliances > Freezers,no_price|no_description
17831,945,KIC FREEZER 300LT WHITE 2YRS,simple,False,hirschs,,False,True,False,Homeware > Appliances > Freezers,no_price|no_description
17832,947,KIC FREEZER 570LT WHITE 2YRS,simple,False,hirschs,,False,True,False,Homeware > Appliances > Freezers,no_price|no_description
17835,943,KIC FREEZER 210LT MET 2YRS,simple,False,hirschs,,False,True,True,Homeware > Appliances > Freezers,no_price
17837,6131,COLD FACTOR CHEST FREEZER CF120 GE (GAS & ELEC),simple,False,unknown,,False,True,False,Homeware > Appliances > Freezers,no_price|no_description
18023,1326,FERRE 3PLT 50x50 COMPACT STOVE F5CO3E3.T.BG,simple,True,unknown,2700,True,True,False,"All Products, Homeware, Homeware > Appliances > Stoves",no_description
18024,2028,DEFY STOVE+OVEN SET DCB866 (DBO486&DHD406),simple,False,hirschs,,False,True,False,"All Products, Homeware > Appliances > Stoves",no_price|no_description
18025,2042,DEFY STOVE COMBO DBO485&DHD333 SLIMLINE SOLID HOB,simple,True,hirschs,6100,True,True,False,"All Products, Homeware, Homeware > Appliances > Stoves",no_description
18026,2081,UNIVA STOVE 4PLT BLACK WARMER DRAW U116B,simple,True,unknown,4999,True,True,False,"All Products, Homeware, Homeware > Appliances > Stoves",no_description
18027,2276,DEFY DHD601 TOUCH CONTROL HOB 60CM VITROCERAMIC,simple,True,hirschs,3599,True,True,False,"All Products, Homeware, Homeware > Appliances > Stoves",no_description
18028,2290,DEFY DHD399 HOB,simple,True,hirschs,2550,True,True,False,"All Products, Homeware, Homeware > Appliances > Stoves",no_description
18029,2311,DEFY STOVE DSS505 521 WHT,simple,True,hirschs,4200,True,True,False,"All Products, Homeware, Homeware > Appliances > Stoves",no_description
18030,4650,DEFY DCH 290 COOKER HOOD,simple,True,hirschs,1200,True,True,False,"All Products, Homeware, Homeware > Appliances > Stoves",no_description
18031,4687,DEFY STOVE+OVEN SET DCB822 (DBO482&DHD332) NCP,simple,True,hirschs,4700,True,True,False,"All Products, Homeware, Homeware > Appliances > Stoves",no_description
18032,4780,FERRE 4PLT ELECTRIC STOVE SILVER,simple,True,unknown,3200,True,True,False,"All Products, Homeware, Homeware > Appliances > Stoves",no_description
18034,5012,DEFY STOVE+ OVEN SET ( DCB 838) CP,simple,False,hirschs,,False,True,False,"All Products, Homeware > Appliances > Stoves",no_price|no_description
18035,5431,DEFY HOB DHG931 90CM 5B GAS ON GLASS,simple,True,hirschs,8250,True,True,False,"All Products, Homeware, Homeware > Appliances > Stoves",no_description
18036,564,DEFY STOVE 3PLT COMPACT DSS513/DSS553,simple,True,hirschs,3400,True,True,False,"All Products, Homeware, Homeware > Appliances > Stoves",no_description
18037,565,DEFY STOVE 4PLT COMPACT DSS514/DSS554,simple,True,hirschs,3500,True,True,False,"All Products, Homeware, Homeware > Appliances > Stoves",no_description
18038,573,DEFY DCH321 C/HOOD 900C PREM C/GLASS S,simple,False,hirschs,,False,True,False,"All Products, Homeware > Appliances > Stoves",no_price|no_description
18039,6617,DEFY STOVE ELECTRIC OVEN&GAS HOB COMBO DCB843,simple,True,hirschs,6499,True,True,False,"All Products, Homeware, Homeware > Appliances > Stoves",no_description
18040,6696,GOLDAIR HOB 5PLT ELEC S/STEEL,simple,False,unknown,,False,True,False,All Products,no_price|no_description
18041,6762,CADAC 5BURNER GAS HOB (AA5-N12),simple,False,unknown,,False,True,False,"All Products, Homeware > Appliances > Stoves",no_price|no_description
18042,6763,CADAC 4BURNER GAS HOB (AA-N11S),simple,False,unknown,,False,True,False,"All Products, Homeware > Appliances > Stoves",no_price|no_description
18043,6866,DEFY STOVE DGS568 4BURNER&GAS OVEN,simple,True,hirschs,4050,True,True,False,"All Products, Homeware, Homeware > Appliances > Stoves",no_description
18044,6920,SUNBEAM 26LT COMPACT OVEN - SCO-260,simple,True,unknown,1199,True,True,False,"All Products, Homeware, Homeware > Appliances > Stoves",no_description
18045,6928,DEFY STOVE DSS694X 4PLT KITCHENAIRE BLK,simple,True,hirschs,5249,True,True,False,"All Products, Homeware, Homeware > Appliances > Stoves",no_description
18047,6953,OBAC 2GAS+2ELEC Stove+  (Electric Oven),simple,True,unknown,3500,True,True,False,"All Products, Homeware, Homeware > Appliances > Stoves",no_description
18048,6973,ARUIF 2PLT STOVE SPIRAL CL-802,simple,False,unknown,,False,True,False,"All Products, Homeware > Appliances > Stoves",no_price|no_description
18127,1691,TELEFUNKEN 55'' SMART UHD LED TV,simple,False,unknown,,False,True,False,"Mobile Tech & Gadgets > Audio, Mobile Tech & Gadgets > Tv's",no_price|no_description
18128,2387,SINOTEC 43'' FHD LED TV,simple,True,unknown,4200,True,True,False,Mobile Tech & Gadgets > Tv's,no_description
18129,2685,TELEFUNKEN 32'' SMART TV,simple,False,unknown,,False,True,False,"Mobile Tech & Gadgets > Audio, Mobile Tech & Gadgets > Tv's",no_price|no_description
18130,3055,"SINOTEC 32"" LED TV",simple,False,unknown,,False,True,False,"Mobile Tech & Gadgets > Audio, Mobile Tech & Gadgets > Tv's",no_price|no_description
18131,4032,JVC ACTIVE SPEAKER XS-N728PB,simple,False,unknown,,False,True,False,Mobile Tech & Gadgets > Audio,no_price|no_description
18132,4048,"JVC 50"" EDGELESS UHD SMART TV LT-50N7105",simple,True,unknown,6299,True,True,True,"Mobile Tech & Gadgets, Mobile Tech & Gadgets > Tv's",
18133,4713,"JVC 32"" HD SMART LED TV",simple,False,unknown,,False,True,False,"Mobile Tech & Gadgets > Audio, Mobile Tech & Gadgets > Tv's",no_price|no_description
18135,5380,"ITEL 43"" LED TV",simple,False,unknown,,False,False,False,"Mobile Tech & Gadgets > Audio, Mobile Tech & Gadgets > Tv's",no_price|no_image|no_description
18136,5498,"HISENSE 65"" UHD SMART TV",simple,False,hirschs,,False,False,False,"Mobile Tech & Gadgets > Audio, Mobile Tech & Gadgets > Tv's",no_price|no_image|no_description
18137,5664,"ITEL 32"" ICAST TV S22",simple,False,unknown,,False,False,False,"Mobile Tech & Gadgets > Audio, Mobile Tech & Gadgets > Tv's",no_price|no_image|no_description
18138,5665,"ITEL 17"" LED TV",simple,False,unknown,,False,False,False,"Mobile Tech & Gadgets > Audio, Mobile Tech & Gadgets > Tv's",no_price|no_image|no_description
18140,5967,"ITEL 19"" LED TV",simple,False,unknown,,False,False,False,"Mobile Tech & Gadgets > Audio, Mobile Tech & Gadgets > Tv's",no_price|no_image|no_description
18141,6319,CONDERE AMPLIFIER CH-7009,simple,False,unknown,36398.6,True,False,False,Mobile Tech & Gadgets > Audio,no_image|no_description
18142,6361,"JVC 42"" SMART TV",simple,False,unknown,,False,False,False,"Mobile Tech & Gadgets > Audio, Mobile Tech & Gadgets > Tv's",no_price|no_image|no_description
18144,6741,"VILLAON 32"" LED TV",simple,False,unknown,,False,False,False,"Mobile Tech & Gadgets > Audio, Mobile Tech & Gadgets > Tv's",no_price|no_image|no_description
18145,6769,JVC CD PLAYER BLUETOOTH RV-NB22BT,simple,False,unknown,2378.6,True,False,False,Mobile Tech & Gadgets > Audio,no_image|no_description
18146,6770,"SKYWORTH 40"" FHD READY 40STD2000",simple,False,unknown,,False,False,False,"Mobile Tech & Gadgets > Audio, Mobile Tech & Gadgets > Tv's",no_price|no_image|no_description
18147,6781,"JVC TROLLEY SPEAKER 10"" BT BATTERY SPKER XS-N518PB",simple,False,power_warehouse,,False,False,False,Mobile Tech & Gadgets > Audio,no_price|no_image|no_description
18148,6791,"SAMSUNG 55"" CRYSTAL UHD SMART TV (UA55CU7000KXXA)",simple,False,hirschs,,False,False,False,"Mobile Tech & Gadgets > Audio, Mobile Tech & Gadgets > Tv's",no_price|no_image|no_description
18150,6810,"SKYWORTH 32"" ANDROID TV",simple,False,unknown,,False,False,False,"Mobile Tech & Gadgets > Audio, Mobile Tech & Gadgets > Tv's",no_price|no_image|no_description
18152,6890,SUPERSONIC H/THEATER 5.1,simple,False,unknown,,False,False,False,Mobile Tech & Gadgets > Audio,no_price|no_image|no_description
18153,6891,"JVC 40"" HD SMART TV LT-40N550A",simple,False,unknown,,False,False,False,"Mobile Tech & Gadgets > Audio, Mobile Tech & Gadgets > Tv's",no_price|no_image|no_description
18154,6908,LG MINI CD HI FI SYSTEM (XBOM) CJ45DZAFLLK,simple,False,hirschs,978.6,True,False,False,Mobile Tech & Gadgets > Audio,no_image|no_description
18155,6954,"JVC 60"" 4K UHD SMART TV",simple,False,unknown,,False,False,False,"Mobile Tech & Gadgets > Audio, Mobile Tech & Gadgets > Tv's",no_price|no_image|no_description
18190,5433,DEFY SOLAR PANEL KIT - 90W,simple,False,power_warehouse,,False,True,False,All Products,no_price|no_description
18191,5521,DEFY KETTLE CORDLESS 1.7L SILVER WK 828,simple,False,hirschs,,False,True,False,"All Products, Homeware > Appliances > Small Appliances > Kettles & Toasters",no_price|no_description
18192,5531,DEFY SLICE SANDWICH PRESS 8031 S/STEEL,simple,False,unknown,,False,True,False,All Products,no_price|no_description
18193,5535,DEFY STEAM IRON 3122 GW 2200W GREEN/WHT,simple,False,hirschs,,False,True,False,"All Products, Homeware > Appliances > Small Appliances > Irons",no_price|no_description
18194,5661,DEFY TOASTER 2SLICE RED,simple,False,hirschs,,False,True,False,"All Products, Homeware > Appliances > Small Appliances > Kettles & Toasters",no_price|no_description
18195,6327,TARGET 9WAY MULTIPLUG W/USB,simple,False,unknown,,False,True,False,All Products,no_price|no_description
18196,6328,CONDERE IRON 1800W EL-3299,simple,False,unknown,,False,True,False,"All Products, Homeware > Appliances > Small Appliances > Irons",no_price|no_description
18197,6329,CONDERE GLASS KETTLE 2LT LX-3003,simple,False,unknown,,False,True,False,"All Products, Homeware > Appliances > Small Appliances > Kettles & Toasters",no_price|no_description
18201,6514,"CONDERE LCD WALL MOUNT 26"" - 63""",simple,False,unknown,,False,True,False,"All Products, Mobile Tech & Gadgets > Tv's",no_price|no_description
18203,6660,"CONDERE WALL MOUNT 32""- 80""",simple,False,unknown,,False,True,False,"All Products, Mobile Tech & Gadgets > Tv's",no_price|no_description
18204,6744,SAFY SURGE PROTECTOR,simple,False,unknown,,False,True,False,"All Products, Homeware > Fans & Heaters",no_price|no_description
18206,6898,"ISTAR 16"" FAN",simple,False,unknown,,False,True,False,"All Products, Homeware > Fans & Heaters",no_price|no_description
18207,6903,ITEL STAINLESS STEEL KETTLE,simple,False,unknown,,False,True,False,"All Products, Homeware > Appliances > Small Appliances > Kettles & Toasters",no_price|no_description
18208,6904,"OMEGA 16"" PEDESTAL FAN",simple,False,unknown,,False,True,False,"All Products, Homeware > Fans & Heaters",no_price|no_description
18209,6905,"OMEGA 16"" DESK FAN",simple,False,unknown,,False,True,False,"All Products, Homeware > Fans & Heaters",no_price|no_description
18210,6970,"CONDERE 20"" FLOOR FAN",simple,False,unknown,,False,True,False,"All Products, Homeware > Fans & Heaters",no_price|no_description
18211,6972,CONDERE ELECTRIC URN 48LT,simple,False,unknown,,False,True,False,"All Products, Homeware > Fans & Heaters",no_price|no_description
18222,2OQ7K18222,Garden Patio/Lounge Seater Waterproof Covers,variable,True,unknown,,False,True,True,"Furniture > Couches, Garden, Garden > Garden Furniture, Homeware, Furniture > Outdoor Furniture",no_price
18280,953,KIC Combi Fridge KBF 525/2 WH,simple,False,hirschs,5200,True,True,True,"Homeware > Appliances, Homeware > Appliances > Freezers, Homeware > Appliances > Fridges, Homeware",
18281,952,KIC 239lt Combination Fridge Freezer – KBF525/ 2ME,simple,False,hirschs,5200,True,True,True,"Homeware > Appliances, Homeware > Appliances > Freezers, Homeware > Appliances > Fridges, Homeware",
18282,954,KIC 239L Dark Grey Combi Fridge Freezer – KBF525/2GR,simple,False,hirschs,5500,True,True,True,"Homeware > Appliances, Homeware > Appliances > Freezers, Homeware > Appliances > Fridges, Homeware",
18283,957,KIC 631 Combi Fridge- White,simple,False,hirschs,6200,True,True,True,"Homeware > Appliances, Homeware > Appliances > Freezers, Homeware > Appliances > Fridges, Homeware",
18284,955,KIC 276L Metallic Fridge Freezer KBF 631/2 ME,simple,False,hirschs,6200,True,True,True,"Homeware > Appliances, Homeware > Appliances > Freezers, Homeware > Appliances > Fridges, Homeware",
18285,956,KIC 276L Bottom Freezer Fridge With Water Dispenser KBF 631/2 WD MET WATER,simple,False,hirschs,6800,True,True,True,"Homeware > Appliances, Homeware > Appliances > Freezers, Homeware > Appliances > Fridges, Homeware",
18286,2607,KBF 635/2 WH,simple,False,unknown,7100,True,True,True,"Homeware > Appliances, Homeware > Appliances > Freezers, Homeware > Appliances > Fridges, Homeware",
18287,6787,KIC 314l Bottom Fridge Freezer with Water Dispenser - KBF 635/2 WD GR,simple,False,hirschs,6900,True,True,True,"Homeware > Appliances, Homeware > Appliances > Freezers, Homeware > Appliances > Fridges, Homeware",
18288,960,KIC 344Lt Combi Refrigerator - KBF639/2 ME,simple,False,hirschs,6900,True,True,True,"Homeware > Appliances, Homeware > Appliances > Freezers, Homeware > Appliances > Fridges, Homeware",
18289,2382,HISENSE 222L Bottom Mount Fridge Freezer H310BIT-WD,simple,False,hirschs,5200,True,True,True,"Homeware > Appliances, Homeware > Appliances > Freezers, Homeware > Appliances > Fridges, Homeware",
18290,3288,DEFY DAD 239/237 D200 MET,simple,False,hirschs,4900,True,True,True,"Homeware > Appliances, Homeware > Appliances > Freezers, Homeware > Appliances > Fridges, Homeware",
18291,3780,DAC627: Defy 323L Fridge Freezer with Slimline water Dispenser - Satin Metallic,simple,False,hirschs,7800,True,True,True,"Homeware > Appliances, Homeware > Appliances > Freezers, Homeware > Appliances > Fridges, Homeware",
18292,3980,KIC 638/9 Metallic Combi Fridge,simple,False,hirschs,7100,True,True,True,"Homeware > Appliances, Homeware > Appliances > Freezers, Homeware > Appliances > Fridges, Homeware",
18293,4224,Hisense H670SIT | (Side y Side) Refrigerator,simple,False,hirschs,13000,True,True,True,"Homeware > Appliances, Homeware > Appliances > Fridges, Homeware",
18294,4385,DEFY FRIDGE DAC447 C300 MET,simple,False,hirschs,6200,True,True,True,"Homeware > Appliances, Homeware > Appliances > Freezers, Homeware > Appliances > Fridges, Homeware",
18295,6379,Hisense 264L Fridge Freezer Inox H370BI,simple,False,hirschs,6500,True,True,True,"Homeware > Appliances, Homeware > Appliances > Freezers, Homeware > Appliances > Fridges, Homeware",
18296,847,Hisense Combi Fridge - H225 / H220,simple,False,hirschs,4200,True,True,True,"Homeware > Appliances, Homeware > Appliances > Fridges, Homeware",
18297,558,Defy 90 l Bar Fridge,simple,False,hirschs,3200,True,True,True,"Homeware > Appliances, Homeware > Appliances > Fridges, Homeware",
18298,4284,DEFY FRIDGE DAC449 C300 W/D MET,simple,False,hirschs,6200,True,True,True,"Homeware > Appliances, Homeware > Appliances > Freezers, Homeware > Appliances > Fridges, Homeware",
18300,4990,Defy Solar Hybrid Fridge - DAD240S,simple,False,power_warehouse,7500,True,True,True,"Homeware > Appliances, Homeware > Appliances > Freezers, Homeware > Appliances > Fridges, Homeware",
18370,F02205,"Alco PVC Gloves Red 14""",simple,True,impulse,160,True,True,False,"All Products, Hardware > Hand Tools, Hardware, Hardware > Safety Gear, Lifestyle & Everyday Essentials > Under R99",no_description
18470,9902054134728-1,Alco Caulking Gun,simple,False,unknown,190,True,True,True,"All Products, Garden, Garden > Garden Tools, Hardware, Lifestyle & Everyday Essentials > Under R99",
18471,F01621,Alco Caulking Gun,simple,True,impulse,240,True,True,True,"All Products, Garden, Garden > Garden Tools, Hardware",
18620,F01979-01,Brooms Platform,variable,True,unknown,,False,True,True,"Homeware > Cleaning & Organization > Brushware, Homeware > Cleaning & Organization, Homeware",no_price
18694,F01987,Brush Body Deluxe Assort 6's,simple,True,impulse,290,True,True,True,"Homeware > Cleaning & Organization > Brushware, Homeware > Cleaning & Organization, Homeware",
18696,F01972-01,Broom's Flagged,variable,True,unknown,,False,True,True,"Homeware > Cleaning & Organization > Brushware, Homeware > Cleaning & Organization, Lifestyle & Everyday Essentials > Under R99",no_price
18700,F01988,Brush White Wash,simple,True,impulse,80,True,True,True,"Homeware > Cleaning & Organization > Brushware, Homeware > Cleaning & Organization, Homeware, Lifestyle & Everyday Essentials > Under R99",
18703,F01990,2 Sided Door Stopper,simple,True,impulse,120,True,True,True,"Homeware > Cleaning & Organization > Brushware, Homeware, Lifestyle & Everyday Essentials > Under R99",
18705,WWK8S18705,Diamond Glass Bottom Bowl,variable,True,unknown,,False,True,True,"Homeware > Dining > Bowls, Homeware > Dining, Homeware, Lifestyle & Everyday Essentials > Under R99",no_price
18707,EF38V18707,Bowl White Deep 8'',variable,True,unknown,,False,True,True,"Homeware > Dining > Bowls, Homeware > Dining, Homeware, Lifestyle & Everyday Essentials > Under R99",no_price
18727,6VUKT18727,Mugs Straight 11Oz 2 Color Glazed,variable,True,unknown,,False,True,True,"Homeware > Dining, Homeware, Homeware > Dining > Drinkware > Mugs, Lifestyle & Everyday Essentials > Under R99",no_price
18732,V2E4318732,Mug Fine Bone China Espresso Shot,variable,True,unknown,,False,True,True,"Homeware > Dining, Homeware, Lifestyle & Everyday Essentials, Homeware > Dining > Drinkware > Mugs, Lifestyle & Everyday Essentials > Novelty, Lifestyle & Everyday Essentials > Under R99",no_price
18742,Q1B8K18742,Mug Fine Bone China,variable,True,unknown,,False,True,True,"Homeware > Dining, Homeware, Lifestyle & Everyday Essentials, Homeware > Dining > Drinkware > Mugs, Lifestyle & Everyday Essentials > Novelty, Lifestyle & Everyday Essentials > Under R99",no_price
18751,7JJKH18751,Mugs 16Oz Bullet Assorted Color,variable,True,unknown,,False,True,True,"Homeware > Dining, Homeware, Homeware > Dining > Drinkware > Mugs, Lifestyle & Everyday Essentials > Under R99",no_price
18755,CT3BH18755,Cortado Coffee Mug,variable,True,unknown,,False,True,True,"Homeware > Dining, Lifestyle & Everyday Essentials, Homeware > Dining > Drinkware > Mugs, Lifestyle & Everyday Essentials > Novelty, Lifestyle & Everyday Essentials > Under R99",no_price
18767,F02506,Isolator Switch 4X4 60A M07,simple,True,impulse,210,True,True,True,"Hardware > Electrical, Hardware > Electrical > Wall Sockets + Switches",
18769,F02507-01,Wall Socket 4x4,variable,True,unknown,,False,True,True,"Hardware > Electrical, Lifestyle & Everyday Essentials > Under R99, Hardware > Electrical > Wall Sockets + Switches",no_price
18773,F02515-01,Wall Switch,variable,True,unknown,,False,True,True,"Hardware > Electrical, Lifestyle & Everyday Essentials > Under R99, Hardware > Electrical > Wall Sockets + Switches",no_price
18789,F02078,C Breaker Din Rail Black 63A,simple,True,impulse,185,True,True,True,"Hardware > Electrical > Earth Leakage, Hardware > Electrical, Lifestyle & Everyday Essentials > Under R99",
18820,F02511-01,Down Lights Fixed 85mm,variable,True,unknown,,False,True,True,"Hardware, Hardware > Electrical > Lights, Lifestyle & Everyday Essentials > Under R99",no_price
18834,F00620,Brown Tape 50m,variable,True,impulse,,False,True,True,"All Products, Hardware > Buidling Materials, Hardware, Lifestyle & Everyday Essentials, Lifestyle & Everyday Essentials > Stationery",no_price
18835,F00621,Brown Tape 100m,variable,True,impulse,,False,True,True,"All Products, Hardware > Buidling Materials, Hardware, Lifestyle & Everyday Essentials, Lifestyle & Everyday Essentials > Stationery, Lifestyle & Everyday Essentials > Under R99",no_price
18896,F00421,Clear Tape 50m,variable,True,impulse,,False,True,True,"All Products, Hardware > Buidling Materials, Hardware, Lifestyle & Everyday Essentials, Lifestyle & Everyday Essentials > Stationery",no_price
18906,F00422,Clear Tape 100m,variable,True,impulse,,False,True,True,"All Products, Hardware > Buidling Materials, Hardware, Lifestyle & Everyday Essentials, Lifestyle & Everyday Essentials > Stationery, Lifestyle & Everyday Essentials > Under R99",no_price
18916,F02782-01,LED Ceiling Lights 28 W (Glass),variable,True,unknown,,False,True,True,"Hardware > Electrical, Homeware, Hardware > Electrical > Lights",no_price
18931,F02180-01,Light LED Glass Ceiling Fit 28W,variable,True,unknown,,False,True,True,"Hardware > Electrical, Hardware > Electrical > Lights",no_price
18949,W8RJE18949,Enamel Basin,variable,False,unknown,,False,True,True,"Homeware > Dining > Bowls, Homeware > Dining, Homeware > Kitchenware > Enamelware, Lifestyle & Everyday Essentials > Under R99",no_price
18955,NJHD618955,Enamel Cash Bowl (6's),simple,True,unknown,250,True,True,True,"Homeware > Dining > Bowls, Homeware > Dining, Homeware > Kitchenware > Enamelware",
18958,69B3318958,Enamel Plates (6's),variable,False,unknown,,False,True,True,"Homeware > Dining, Homeware > Kitchenware > Enamelware, Homeware > Dining > Plates",no_price
18983,F01555,7 Piece Glass Bowl Set with fish Scale Pattern,simple,True,impulse,350,True,True,True,"Homeware > Dining > Bowls, Homeware > Dining, Homeware",
19001,F01556-01,7-Piece Glass Jug & Tumbler Set – Gift Box,variable,True,unknown,,False,True,True,"Homeware > Dining, Homeware, Homeware > Dining > Jugs & Sets",no_price
19080,F01306-01,Awning Brown Hollow,variable,True,unknown,,False,True,True,"Hardware > Doors & Awnings, Hardware, Garden, Garden > Garden Furniture",no_price
19085,65F5619085,3.25 Peel and Stick Vinyl Tiles - F01772,simple,True,unknown,580,True,True,True,"Hardware > Peel and Stick Tiles > Peel & Stick Vinyl Tiles, Hardware > Peel and Stick Tiles",
19112,65F5619085-1,3.25sqm  Peel and Stick Vinyl Tiles - F01554,simple,True,unknown,580,True,True,True,"Hardware > Peel and Stick Tiles > Peel & Stick Vinyl Tiles, Hardware > Peel and Stick Tiles",
19121,65F5619085-2,3.25sqm Peel and Stick Vinyl Titles - F00120,simple,True,unknown,580,True,True,True,"Hardware > Peel and Stick Tiles > Peel & Stick Vinyl Tiles, Hardware > Peel and Stick Tiles",
19130,65F5619085-3,3.25sqm Peel and Stick Vinyl Titles - F00119,simple,True,unknown,580,True,True,True,"Hardware > Peel and Stick Tiles > Peel & Stick Vinyl Tiles, Hardware > Peel and Stick Tiles",
19139,65F5619085-4,3.25sqm Peel and Stick Vinyl  Tiles - F00118,simple,True,unknown,580,True,True,True,"Hardware > Peel and Stick Tiles > Peel & Stick Vinyl Tiles, Hardware > Peel and Stick Tiles",
19148,F00109,3.25sqm Peel and Stick Vinyl Tiles - F00109,simple,True,impulse,580,True,True,True,"Hardware > Peel and Stick Tiles > Peel & Stick Vinyl Tiles, Hardware > Peel and Stick Tiles",
19157,F00110,3.25sqm Peel and Stick Vinyl  Tiles - F00110,simple,True,impulse,580,True,True,True,"Hardware > Peel and Stick Tiles > Peel & Stick Vinyl Tiles, Hardware > Peel and Stick Tiles",
19166,65F5619085-7,3.25sqm Peel and Stick Vinyl Tiles - F01790,simple,True,unknown,580,True,True,True,"Hardware > Peel and Stick Tiles > Peel & Stick Vinyl Tiles, Hardware > Peel and Stick Tiles",
19175,F01617,Alco 4Pc Wood Working Chisel,simple,True,impulse,350,True,True,True,Hardware > Hand Tools > Chisels,
19180,6REX119180,Alco Cutting Disc 40T,variable,True,unknown,,False,True,True,"Hardware > Cutting Tools, Hardware, Lifestyle & Everyday Essentials > Under R99",no_price
19195,6REX119180-1,Alco Cutting Disc 24T,variable,True,unknown,,False,True,True,"Hardware > Cutting Tools, Hardware, Lifestyle & Everyday Essentials > Under R99",no_price
19205,6REX119180-2,Alco Cutting Disc 60T,variable,True,unknown,,False,True,True,"Hardware > Cutting Tools, Hardware, Lifestyle & Everyday Essentials > Under R99",no_price
19224,F02584,Pre Cut Wipes 25 Sheets Per Roll,simple,True,impulse,80,True,True,True,"Homeware > Cleaning & Organization > Cleaning, Homeware > Cleaning & Organization, Homeware, Lifestyle & Everyday Essentials > Under R99",
19240,F01875,Shelf Safety Support,simple,True,impulse,150,True,True,True,"Hardware > Buidling Materials, Hardware, Lifestyle & Everyday Essentials > Under R99",
19243,F02574-01,Danger Barrier Tape Red/White,variable,True,makokoya,,False,True,True,"Hardware > Buidling Materials, Hardware, Hardware > Safety Gear, Lifestyle & Everyday Essentials > Under R99",no_price
19249,F02565,Danger Vest Mesh Type Reflector,simple,True,impulse,190,True,True,True,"Hardware, Hardware > Safety Gear, Lifestyle & Everyday Essentials > Under R99",
19251,F02572,Helmet Workers Yellow,simple,True,impulse,160,True,True,True,"Hardware, Hardware > Safety Gear, Lifestyle & Everyday Essentials > Under R99",
19254,F02571,Alco Helmet Workers Yellow Heavy Duty,simple,True,impulse,190,True,True,True,"Hardware, Hardware > Safety Gear, Lifestyle & Everyday Essentials > Under R99",
19258,SH47519258,Mattock Cutter 5LB,simple,True,makokoya,250,True,True,True,"Garden, Garden > Garden Tools",
19267,F02497-01,Waterproofing Roof Under-Tile Membrane,variable,True,makokoya,,False,True,True,"Hardware > Buidling Materials, Hardware",no_price
19284,F02776,Braai Stand,simple,True,impulse,350,True,True,True,"Garden, Garden > Outdoor Cooking",
19295,F02583,Clean Cham Yellow Case,simple,True,impulse,150,True,True,True,"Homeware > Cleaning & Organization > Cleaning, Homeware > Cleaning & Organization, Hardware, Lifestyle & Everyday Essentials > Under R99",
19304,SawKit,Hole Saw Kit,variable,True,unknown,,False,True,True,"Hardware > Cutting Tools, Hardware, Lifestyle & Everyday Essentials > Under R99",no_price
19307,F02589,Wood Spade Bit 6Pc,simple,True,impulse,180,True,True,True,"Hardware > Cutting Tools, Hardware > Hand Tools, Lifestyle & Everyday Essentials > Under R99",
19319,KJ7NU19319,Aluminum Ladder Multi Function,variable,True,unknown,,False,True,True,"Hardware, Hardware > Ladders",no_price
19338,F00987-01,Housewife Ladder,variable,True,unknown,,False,True,True,"Hardware, Hardware > Ladders",no_price
19353,F01464,Padbolt Carded Galv + Screws 200mm,simple,True,impulse,150,True,True,True,"Hardware > Buidling Materials, Hardware, Lifestyle & Everyday Essentials > Under R99",
19354,F00790,PVC Candy Mats 47cm x 77cm,variable,True,impulse,,False,True,True,"Homeware > Decor > Carpets\, Mats & Rugs > Bathroom Mats, Homeware > Decor > Carpets\, Mats & Rugs, Homeware > Decor, Homeware, Homeware > Decor > Carpets\, Mats & Rugs > Mats, Lifestyle & Everyday Essentials > Under R99",no_price
19356,F01557/F01558/F01559,Meranti Door Panel Stain,variable,True,unknown,,False,True,True,"Hardware > Doors & Awnings, Hardware",no_price
19357,F00747,Candy Stripe Mat,variable,True,impulse,,False,True,True,"Homeware > Decor, Homeware > Decor > Carpets\, Mats & Rugs > Mats, Lifestyle & Everyday Essentials > Under R99",no_price
19359,F01120,Micro Fibre Mat,variable,True,impulse,,False,True,True,"Homeware > Decor, Homeware > Decor > Carpets\, Mats & Rugs > Mats, Lifestyle & Everyday Essentials > Under R99",no_price
19366,F00079,Welcome Mats,variable,True,impulse,,False,True,True,"Homeware > Decor, Homeware > Decor > Carpets\, Mats & Rugs > Mats, Lifestyle & Everyday Essentials > Under R99",no_price
19523,2BGM419523,Wall panels - UV Sheets,variable,True,unknown,,False,True,True,"All Products, Hardware, Hardware > Wall Panels & Cladding",no_price
20146,949,KIC 170L TOP FREEZER FRIDGE KTF 518/2 WH,simple,False,hirschs,3999,True,True,True,"Homeware > Appliances, Homeware > Appliances > Freezers, Homeware > Appliances > Fridges, Homeware",
20185,15QPM20185,Power 24 Energy Drink Original,variable,False,unknown,,False,True,True,Lifestyle & Everyday Essentials,no_price
20191,4Z26H20191,Power 24 Energy Drink Dry Lemon Blast,variable,False,unknown,,False,True,True,Lifestyle & Everyday Essentials,no_price
20203,WAJE920203,Power 24 Energy Drink Jelly Bean Blast,variable,False,unknown,,False,True,True,Lifestyle & Everyday Essentials,no_price
20248,XM96320248,Power 24 Energy Drink Berry Banana Blast,variable,False,unknown,,False,True,True,Lifestyle & Everyday Essentials,no_price
20256,75HR520256,Power 24 Energy Drink Orange Bubbaloo Blast,variable,False,unknown,,False,True,True,Lifestyle & Everyday Essentials,no_price
20260,7IB5W20260,Luxury Peel And Stick Flooring Tiles - F01813,simple,False,jewellery,580,True,True,True,"Hardware > Peel and Stick Tiles > Luxury Vinyl Peel & Stick Tiles, Hardware > Peel and Stick Tiles",
20269,7IB5W20260-1,Luxury Peel And Stick Flooring Tiles - F01810,simple,False,jewellery,580,True,True,True,"Hardware > Peel and Stick Tiles > Luxury Vinyl Peel & Stick Tiles, Hardware > Peel and Stick Tiles",
20270,7IB5W20260-1-1,Luxury Peel And Stick Flooring Tiles - F01804,simple,False,jewellery,580,True,True,True,"Hardware > Peel and Stick Tiles > Luxury Vinyl Peel & Stick Tiles, Hardware > Peel and Stick Tiles",
20271,7IB5W20260-1-1-1,Luxury Peel And Stick Flooring Tiles - F01805,simple,False,jewellery,580,True,True,True,"Hardware > Peel and Stick Tiles > Luxury Vinyl Peel & Stick Tiles, Hardware > Peel and Stick Tiles",
20272,7IB5W20260-1-1-1-1,Luxury Peel And Stick Flooring Tiles - F01812,simple,False,jewellery,580,True,True,True,"Hardware > Peel and Stick Tiles > Luxury Vinyl Peel & Stick Tiles, Hardware > Peel and Stick Tiles",
20273,7IB5W20260-1-1-1-1-1,Luxury Peel And Stick Flooring Tiles - F01807,simple,False,jewellery,580,True,True,True,"Hardware > Peel and Stick Tiles > Luxury Vinyl Peel & Stick Tiles, Hardware > Peel and Stick Tiles",
20274,7IB5W20260-1-1-1-1-1-1,Luxury Peel And Stick Flooring Tiles - F01808,simple,False,jewellery,580,True,True,True,"Hardware > Peel and Stick Tiles > Luxury Vinyl Peel & Stick Tiles, Hardware > Peel and Stick Tiles",
20275,7IB5W20260-1-1-1-1-1-1-1,Luxury Peel And Stick Flooring Tiles - F01809,simple,False,jewellery,580,True,True,True,"Hardware > Peel and Stick Tiles > Luxury Vinyl Peel & Stick Tiles, Hardware > Peel and Stick Tiles",
20280,75HR520256-1,Power 24 Energy Drink Orange Bubbaloo Blast (Copy),variable,False,unknown,,False,True,True,Lifestyle & Everyday Essentials,no_price
20292,6848,MTY SOLAR LIGHT 100W,simple,True,power_warehouse,750,True,True,True,"Hardware > Electrical, Hardware > Electrical > Loadshedding > Globes, Hardware > Electrical > Lights, Hardware > Electrical > Loadshedding, Hardware > Electrical > Loadshedding > Solar",
20357,VWKLT17651-1,Garden Patio/Lounge Full Set,variable,True,unknown,,False,True,True,"Furniture, Garden, Garden > Garden Furniture, Furniture > Outdoor Furniture",no_price
20383,F02248,Element Heating Bucket Urn/Geyser 10L,variable,False,impulse,,False,True,True,"Homeware > Appliances, Hardware > Electrical > Loadshedding > Batteries & Power Banks, Homeware > Fans & Heaters, Homeware > Kitchenware > Food Storage Containers, Garden, Garden > Garden Tools, Hardware > Gas Geysers, Hardware, Homeware, Homeware > Appliances > Small Appliances > Kettles & Toasters, Homeware > Kitchenware, Hardware > Electrical > Loadshedding, Homeware > Appliances > Small Appliances",no_price
20469,4WH1R20469,SAMSUNG 50” DU7000 CRYSTAL UHD 4K  SMART TV (2023),simple,True,hirschs,7999,True,True,True,"Homeware > Appliances, Mobile Tech & Gadgets > Tv's",
20472,L214M20472,SAMSUNG 43” CU7000 CRYSTAL UHD 4K  SMART TV (2023),simple,True,hirschs,5450,True,True,True,"Homeware > Appliances, Mobile Tech & Gadgets > Tv's",
20475,EDQQ120475,SAMSUNG 65” DU7000 CRYSTAL UHD 4K  SMART TV (2023),simple,True,hirschs,12999,True,True,True,"Homeware > Appliances, Mobile Tech & Gadgets > Tv's",
20477,IWPJE20477,SAMSUNG 55” DU7000 CRYSTAL UHD 4K  SMART TV (2023),simple,True,hirschs,8999,True,True,True,"Homeware > Appliances, Mobile Tech & Gadgets > Tv's",
20478,868N520478,SAMSUNG 75” DU7000 CRYSTAL UHD 4K  SMART TV (2023),simple,True,hirschs,16999,True,True,True,"Homeware > Appliances, Mobile Tech & Gadgets > Tv's",
20479,5739Y20479,SAMSUNG 70” DU7000 CRYSTAL UHD 4K  SMART TV (2023),simple,True,hirschs,15999,True,True,True,"Homeware > Appliances, Mobile Tech & Gadgets > Tv's",
20480,9983N20480,SAMSUNG 85” CU7000 CRYSTAL UHD 4K  SMART TV (2023),simple,False,hirschs,36999,True,False,True,"Homeware > Appliances, Mobile Tech & Gadgets > Tv's",no_image
20481,37VBS20481,SAMSUNG 85” CU8000 DYNAMIC CRYSTAL  UHD 4K SMART TV (2023),simple,True,hirschs,27000,True,True,True,"Homeware > Appliances, Mobile Tech & Gadgets, Mobile Tech & Gadgets > Tv's",
20483,WB7QR20483,SAMSUNG 50” QLED 4K Q60C SMART TV (2023),simple,True,hirschs,10599,True,True,True,"Homeware > Appliances, Mobile Tech & Gadgets > Tv's",
20485,E1N4820485,SAMSUNG 55” QLED 4K Q60C SMART TV (2023),simple,True,hirschs,12000,True,True,True,Mobile Tech & Gadgets > Tv's,
20486,P15AS20486,SAMSUNG 65” QLED 4K Q60C SMART TV (2023),simple,True,hirschs,16000,True,True,True,Mobile Tech & Gadgets > Tv's,
20487,I1C2320487,SAMSUNG 75” QLED 4K Q60C SMART TV,simple,True,hirschs,21000,True,True,True,Mobile Tech & Gadgets > Tv's,
20488,56P7G20488,SAMSUNG 85” QLED 4K Q60C SMART TV (2023),simple,True,hirschs,32000,True,True,True,Mobile Tech & Gadgets > Tv's,
20489,99GQK20489,"SAMSUNG 85"" Neo QLED 4K QN90C SMART TV",simple,True,hirschs,79500,True,True,True,Mobile Tech & Gadgets > Tv's,
20491,6ZQ2220491,"SAMSUNG 75"" Neo QLED 4K QN90C SMART TV",simple,True,hirschs,50000,True,True,True,Mobile Tech & Gadgets > Tv's,
20492,28RE620492,"SAMSUNG 65"" Neo QLED 4K QN90C SMART TV",simple,True,hirschs,35000,True,True,True,"Homeware > Appliances, Mobile Tech & Gadgets, Mobile Tech & Gadgets > Tv's",
20493,XU6M220493,"SAMSUNG 55"" Neo QLED 4K QN90C SMART TV",simple,True,hirschs,22000,True,True,True,"Homeware > Appliances, Mobile Tech & Gadgets > Tv's",
20494,8OQ8X20494,"SAMSUNG 43"" Neo QLED 4K QN90C SMART TV",simple,True,hirschs,16500,True,True,True,"Homeware > Appliances, Mobile Tech & Gadgets > Tv's, Mobile Tech & Gadgets",
20505,LJ3W120505,"SAMSUNG 98"" QN90A NEO QLED 4K SMART TV",simple,True,hirschs,165500,True,True,True,"Homeware > Appliances, Mobile Tech & Gadgets, Mobile Tech & Gadgets > Tv's",
20506,52PD920506,"SAMSUNG 75"" NEO QLED 8K SMART TV",simple,True,hirschs,110000,True,True,True,"Homeware > Appliances, Mobile Tech & Gadgets, Mobile Tech & Gadgets > Tv's",
20508,C8Q6620508,"SAMSUNG 65"" NEO QLED 8K SMART TV",simple,True,hirschs,54000,True,True,True,"Homeware > Appliances, Mobile Tech & Gadgets, Mobile Tech & Gadgets > Tv's",
20509,PXFLP20509,"SAMSUNG 85"" NEO QLED 8K QN900C SMART TV",simple,True,hirschs,145500,True,True,True,"Homeware > Appliances, Mobile Tech & Gadgets, Mobile Tech & Gadgets > Tv's",
20511,Z126J20511,"SAMSUNG 65"" OLED 4K S90C SMART TV (2023)",simple,True,hirschs,40000,True,True,True,"Homeware > Appliances, Mobile Tech & Gadgets, Mobile Tech & Gadgets > Tv's",
20513,5UY2E20513,"SAMSUNG 55"" OLED 4K S90C SMART TV (2023)",simple,True,hirschs,26500,True,True,True,Mobile Tech & Gadgets > Tv's,
20516,J5DX320516,"SAMSUNG 65"" OLED 4K S95C SMART TV (2023)",simple,False,hirschs,53000,True,True,True,"Homeware > Appliances, Mobile Tech & Gadgets > Tv's",
20517,46NH120517,"SAMSUNG 65"" NEO QLED 8K 120HZ SMART TV  (2023)",simple,True,hirschs,54000,True,True,True,"Homeware > Appliances, Mobile Tech & Gadgets, Mobile Tech & Gadgets > Tv's",
20519,9Y3AY20519,SAMSUNG 98” QLED 4K Q80C SMART TV (2023),simple,True,hirschs,98000,True,True,True,"Homeware > Appliances, Mobile Tech & Gadgets, Mobile Tech & Gadgets > Tv's",
20523,29T2N20523,"SAMSUNG 65"" Q80C QLED 4K SMART TV (2023)",simple,True,hirschs,29500,True,True,True,Mobile Tech & Gadgets > Tv's,
20525,2M98420525,"SAMSUNG 55"" Q80C QLED 4K SMART TV (2023)",simple,False,hirschs,25299,True,True,True,"Homeware > Appliances, Mobile Tech & Gadgets > Tv's",
20526,YXZ7Z20526,"SAMSUNG 85"" Q70C QLED 4K SMART TV (2023)",simple,True,hirschs,42000,True,True,True,"Homeware > Appliances, Mobile Tech & Gadgets, Mobile Tech & Gadgets > Tv's",
20528,1IBCX20528,"SAMSUNG 75"" Q70C QLED 4K SMART TV (2023)",simple,True,hirschs,33000,True,True,True,"Homeware > Appliances, Mobile Tech & Gadgets, Mobile Tech & Gadgets > Tv's",
20529,ORT7120529,"SAMSUNG 65"" Q70C QLED 4K SMART TV (2023)",simple,False,hirschs,18500,True,True,True,"Homeware > Appliances, Mobile Tech & Gadgets, Mobile Tech & Gadgets > Tv's",
20530,3SVID20530,"SAMSUNG 55"" Q70C QLED 4K SMART TV (2023)",simple,True,hirschs,19500,True,True,True,"Homeware > Appliances, Mobile Tech & Gadgets, Mobile Tech & Gadgets > Tv's",
20539,OL4PN20539,SAMSUNG THE PREMIERE - SMART 4K UHD  ULTRA-SHORT THROW LASER PROJECTOR,simple,True,hirschs,45000,True,True,True,"Homeware > Appliances, Homeware > Appliances > Small Appliances",
20540,U5P7W20540,"SAMSUNG 130"" THE PREMIERE LSP9T 4K UST  LASER PROJECTOR",simple,True,hirschs,80000,True,True,True,"Homeware > Appliances, Homeware > Appliances > Small Appliances",
20541,E3UX920541,SAMSUNG THE FREESTYLE 2ND GEN  PROJECTOR – FULL HD,simple,True,unknown,12000,True,True,True,Mobile Tech & Gadgets > Tech & Gadgets,
20545,I35DN20545,"SAMSUNG 75"" THE FRAME QLED 4K SMART TV",simple,True,hirschs,47000,True,True,True,"Homeware > Appliances, Mobile Tech & Gadgets > Tv's",
20546,LKRWT20546,"SAMSUNG 65"" THE FRAME QLED 4K SMART TV",simple,True,hirschs,23000,True,True,True,"Homeware > Appliances, Mobile Tech & Gadgets, Mobile Tech & Gadgets > Tv's",
20547,I8ZZ320547,"SAMSUNG 55"" THE FRAME QLED 4K SMART TV",simple,True,hirschs,17000,True,True,True,"Homeware > Appliances, Mobile Tech & Gadgets, Mobile Tech & Gadgets > Tv's",
20548,ZT7PX20548,"SAMSUNG 55"" THE SERIF QLED 4K UHD HDR  SMART TV (2022)",simple,True,hirschs,16999,True,True,True,"Homeware > Appliances, Mobile Tech & Gadgets, Mobile Tech & Gadgets > Tv's",
20549,UBE5T20549,"SAMSUNG 50"" THE SERIF QLED 4K UHD HDR  SMART TV (2022)",simple,True,hirschs,14999,True,True,True,"Homeware > Appliances, Mobile Tech & Gadgets, Mobile Tech & Gadgets > Tv's",
20550,F1SQ720550,"SAMSUNG 43"" THE SERIF QLED 4K UHD HDR  SMART TV (2022)",simple,True,hirschs,12000,True,True,True,Mobile Tech & Gadgets > Tv's,
20551,ZC97H20551,SAMSUNG 32” HD SMART TV,simple,True,hirschs,3500,True,True,True,"Homeware > Appliances, Mobile Tech & Gadgets, Mobile Tech & Gadgets > Tv's",
20553,DGHZ920553,SAMSUNG S-SERIES SOUNDBAR -  HW-S800B,simple,True,hirschs,9999,True,True,True,"Mobile Tech & Gadgets > Audio, Mobile Tech & Gadgets > Tech & Gadgets",
20554,5188N20554,SAMSUNG PREMIUM Q-SERIES SOUNDBAR HW-Q800C,simple,True,hirschs,13999,True,True,True,"Homeware > Appliances, Mobile Tech & Gadgets > Audio, Mobile Tech & Gadgets > Tech & Gadgets",
20555,WMWYH20555,SAMSUNG PREMIUM Q-SERIES SOUNDBAR - HW-Q990D,simple,True,hirschs,21000,True,True,True,"Homeware > Appliances, Mobile Tech & Gadgets > Audio, Mobile Tech & Gadgets > Tech & Gadgets",
20556,Z2MSG20556,SAMSUNG HW-B650 B-SERIES SOUNDBAR,simple,True,hirschs,4200,True,True,True,"Homeware > Appliances, Mobile Tech & Gadgets > Audio, Mobile Tech & Gadgets > Tech & Gadgets",
20557,E62Z120557,SAMSUNG HW-B550 B-SERIES SOUNDBAR,simple,True,hirschs,3299,True,True,True,"Homeware > Appliances, Mobile Tech & Gadgets > Audio, Mobile Tech & Gadgets > Tech & Gadgets",
20624,4D2GT20624,3pc Paint Brush,simple,True,makokoya,35,True,True,True,"Hardware > Buidling Materials, Hardware, Lifestyle & Everyday Essentials > Under R99",
20629,BK93O20628,Paint Roller Eazi Brush + Paint Tray,simple,True,makokoya,120,True,True,True,"Hardware > Buidling Materials, Hardware",
20641,F02229- 0,Alco Adjustable Wrench,variable,True,unknown,,False,True,True,"Hardware > Hand Tools, Hardware, Hardware > Hand Tools > Tightening & Fastening",no_price
20646,F02223,Electrician Screwdriver 5.0 x 125mm,simple,True,impulse,50,True,True,True,"Hardware > Hand Tools, Hardware, Hardware > Hand Tools > Tightening & Fastening, Lifestyle & Everyday Essentials > Under R99",
20649,F00913,6pc Screwdriver Bag Set,simple,True,impulse,250,True,True,True,"Hardware > Hand Tools, Hardware, Hardware > Hand Tools > Tightening & Fastening",
20651,2847C20651,Metro Prepaid Meter,simple,True,unknown,199,True,True,True,"Hardware > Electrical > Earth Leakage, Hardware > Electrical",
20653,HU94220653,Utility Systems prepaid water meter,simple,True,unknown,2950,True,True,True,"Hardware > Electrical > Earth Leakage, Hardware > Electrical",
20657,HQRG320657,Custom Delivery,simple,False,unknown,,False,False,False,All Products,no_price|no_image|no_description
20664,F02813,Danger waist coat with polyester Zip,variable,True,impulse,,False,True,True,"Hardware, Hardware > Safety Gear",no_price
20669,F02812,IG SABS Helmet,variable,True,impulse,,False,True,True,"Hardware, Hardware > Safety Gear, Lifestyle & Everyday Essentials > Under R99",no_price
20682,F02814,Anti Scratch Safety Glasses,simple,True,impulse,130,True,True,True,"Hardware, Hardware > Safety Gear, Lifestyle & Everyday Essentials > Under R99",
20686,F02815,Safety Goggle Polybag 36GM,simple,True,impulse,120,True,True,True,"Hardware, Hardware > Safety Gear, Lifestyle & Everyday Essentials > Under R99",
20687,F02816,Corded reusable Ear Plugs,simple,True,impulse,25,True,True,True,"Hardware, Hardware > Safety Gear, Lifestyle & Everyday Essentials > Under R99",
20691,F02817,Uncorded Disposable Ear Plugs,simple,True,impulse,2.50,True,True,True,"Hardware, Hardware > Safety Gear, Lifestyle & Everyday Essentials > Under R99",
20692,F02818,Ear Muff Protector,simple,True,impulse,120,True,True,True,"Hardware, Hardware > Safety Gear, Lifestyle & Everyday Essentials > Under R99",
20693,F02806,Camphor Blocks 128's - (16 Packs x 8 Tablets),simple,True,impulse,250,True,True,True,"Homeware > Cleaning & Organization > Cleaning, Homeware > Cleaning & Organization, Homeware > Cleaning & Organization > Detergents, Homeware > Cleaning & Organization > Laundry, Lifestyle & Everyday Essentials, Lifestyle & Everyday Essentials > Novelty",
20695,F02567-01,Gloves,variable,True,unknown,,False,True,True,"Hardware, Hardware > Safety Gear, Lifestyle & Everyday Essentials > Under R99",no_price
20708,NKT9120708,Yellow Glue Sticks For Glue Gun (1kg),simple,True,makokoya,390,True,True,True,"Hardware > Buidling Materials, Hardware",
20745,GR8OC20745,Ratchet 10M Tie Down,simple,True,unknown,350,True,True,True,"Hardware, Hardware > Hand Tools > Tightening & Fastening",
20750,F02224,Chalk Line 15M Plastic Case + Powder + Leveler,simple,True,impulse,120,True,True,True,"Hardware > Buidling Materials, Hardware, Lifestyle & Everyday Essentials > Under R99",
20752,WEZR720752,Alco G Clamp,variable,True,unknown,,False,True,True,"Hardware, Hardware > Locks & Clamps, Lifestyle & Everyday Essentials > Under R99",no_price
20791,PK3KU20791,Beginner Padel Duo Set,simple,True,unknown,3500,True,True,True,"Lifestyle & Everyday Essentials, Lifestyle & Everyday Essentials > Padel > Padel Rackets",
20794,AQ1U320794,Samsung Bespoke 713L French Door Refrigerator - White - RF71A967535,simple,False,hirschs,65000,True,True,True,"Homeware > Appliances, Homeware > Appliances > Fridges, Homeware",
20798,RZQRB20798,Samsung Bespoke 630L Net French Door Refrigerator - Matt Black  Stainless Steel - RF29BB8600MT,simple,False,hirschs,59999,True,True,True,"Homeware > Appliances, Homeware > Appliances > Fridges, Homeware",
20801,SOR2120801,Samsung Bespoke 1 Door Upright Fridge Panel Ready - No Panel RR39T7463AP,simple,False,hirschs,16599,True,True,True,"Homeware > Appliances, Homeware > Appliances > Fridges, Homeware",
20804,4X9EJ20804,Samsung 1 Door Upright Convertible Fridge/Freezer Panel Ready - No Panel RZ32R7445AP,simple,False,hirschs,17500,True,True,True,"Homeware > Appliances, Homeware > Appliances > Freezers, Homeware > Appliances > Fridges, Homeware",
20808,56RCE20808,Bespoke 35L Microwave - Grey MC35R8088LG,simple,True,hirschs,9999,True,True,True,"Homeware > Appliances, Homeware, Homeware > Appliances > Microwaves",
20811,GXU3420811,Samsung Bespoke 30L Grill Microwave Grey - MG30T5018CG,simple,True,hirschs,3700,True,True,True,"Homeware > Appliances, Homeware, Homeware > Appliances > Microwaves",
20814,RM5RJ20814,Samsung Bespoke 30L Grill Microwave White - MG30T5018CW,simple,True,hirschs,3700,True,True,True,"Homeware > Appliances, Homeware, Homeware > Appliances > Microwaves",
20817,T5FK520817,Samsung Bespoke 30L Solo Microwave Grey - MS30T5018AG,simple,True,hirschs,3500,True,True,True,"Homeware > Appliances, Homeware, Homeware > Appliances > Microwaves",
20820,9497120820,Samsung Bottom Freezer - No Dispenser Panel Ready - No Panel - RB33T3073AP,simple,False,hirschs,17599,True,True,True,"Homeware > Appliances, Homeware > Appliances > Freezers, Homeware > Appliances > Fridges, Homeware",
20823,3H16B20823,Samsung Bespoke 12 Kg Front Loader Washing Machine White - WW12BB944DGHFA,simple,False,hirschs,17999,True,True,True,"Homeware > Appliances, Homeware, Homeware > Appliances > Washing Machines",
20825,2XSBW20825,Samsung 16kg Bubble Wash™ Smart Front Load Washing Machine - Bespoke Black Caviar - WF16B6400KV/FA,simple,False,hirschs,21999,True,True,True,"Homeware > Appliances, Homeware, Homeware > Appliances > Washing Machines",
20827,CPMH920827,Samsung Bespoke 12 Kg Washer / 8 Kg Dryer Washing Machine - WD12BB944DGBFAack Caviar -,simple,False,hirschs,17999,True,True,True,"Homeware > Appliances, Homeware, Homeware > Appliances > Tumble Dryers, Homeware > Appliances > Washing Machines",
20829,26IY920829,Samsung Bespoke 9Kg Tumble Dryer - Black Caviar- DV90BB9440GBFA,simple,True,hirschs,14899,True,True,True,"Homeware > Appliances, Homeware, Homeware > Appliances > Tumble Dryers",
20831,TI15620831,Samsung Bespoke 9Kg Tumble Dryer - White - DV90BB9440GHFA,simple,True,hirschs,15999,True,True,True,"Homeware > Appliances, Homeware, Homeware > Appliances > Tumble Dryers",
20833,P468O20833,Bespoke Jet AI Vacuum Cleaner - VS25C9754QG,simple,True,unknown,19500,True,True,True,"Homeware > Appliances, Homeware > Cleaning & Organization > Cleaning, Homeware",
20836,TALBN20836,Water Filter for Samsung Fridge HAFCIN,simple,False,hirschs,1200,True,True,True,"Homeware > Appliances, Homeware > Appliances > Fridges, Homeware",
20838,52U6620838,Samsung 40L Grill Microwave - Stainless Steel With Black Door - GE614ST,simple,True,hirschs,3400,True,True,True,"Homeware > Appliances, Homeware, Homeware > Appliances > Microwaves",
20840,1O8TD20840,Samsung 45L Convection Microwave - Stainless Steel - MC456TBRCSR,simple,True,hirschs,6500,True,True,True,"Homeware > Appliances, Homeware, Homeware > Appliances > Microwaves",
20842,NQQJG20842,Samsung 32L 1000 Watt Solo Microwave - Mirror Silver - ME0113M1,simple,True,hirschs,3100,True,True,True,"Homeware > Appliances, Homeware, Homeware > Appliances > Microwaves",
20844,441C720844,Samsung 28L 1000 Watt Solo Microwave - Stainless Steel With Black Door - ME6104ST1,simple,True,hirschs,3299,True,True,True,"Homeware > Appliances, Homeware, Homeware > Appliances > Microwaves",
20846,2XJ9Y20846,Samsung 55L 1000 Watt Solo Microwave - Stainless Steel Front & Black Body - ME6194ST,simple,True,hirschs,3499,True,True,True,"Homeware > Appliances, Homeware, Homeware > Appliances > Microwaves",
20849,M6XHI20849,Samsung 23L 800 Watt Solo Microwave - Black Frame With Mirror Door - ME83X,simple,True,hirschs,2499,True,True,True,"Homeware > Appliances, Homeware, Homeware > Appliances > Microwaves",
20851,I9JVM20851,Samsung 32L 1000 Watt Solo Microwave - Silver - ME9114S1,simple,True,hirschs,3199,True,True,True,"Homeware > Appliances, Homeware, Homeware > Appliances > Microwaves",
20853,SSM5G20853,Samsung 40L Grill Microwave - Mirror Door - MG402MADXBB,simple,True,hirschs,3800,True,True,True,"Homeware > Appliances, Homeware, Homeware > Appliances > Microwaves",
20855,SJNY620855,Samsung 23L 800 Watt Solo Microwave - Black - MS23K3614AK,simple,True,hirschs,2599,True,True,True,"Homeware > Appliances, Homeware, Homeware > Appliances > Microwaves",
20857,NTR9320857,Samsung 40L 1000 Watt Solo Microwave - Mirror Door - MS405MADXBB,simple,True,hirschs,4200,True,True,True,"Homeware > Appliances, Homeware, Homeware > Appliances > Microwaves",
20859,QQ66X20859,Samsung 40L 1000 Watt Solo Microwave - Black  MS40J5133BG,simple,True,hirschs,3999,True,True,True,"Homeware > Appliances, Homeware, Homeware > Appliances > Microwaves",
20861,77SH420861,Samsung 5 Burner 90cm Gas Cooker - Stainless Steel - NY90T5010SS,simple,True,hirschs,15999,True,True,True,"Homeware > Appliances, Homeware, Homeware > Appliances > Stoves",
20863,IU6I520863,Samsung Top Fridge Bottom Freezer,simple,False,hirschs,13500,True,True,True,"Homeware > Appliances, Homeware > Appliances > Freezers, Homeware > Appliances > Fridges, Homeware",
20867,F35A120867,Samsung Top Fridge Bottom Freezer Combination Fridge,simple,False,hirschs,,False,True,True,"Homeware > Appliances, Homeware > Appliances > Freezers, Homeware > Appliances > Fridges, Homeware",no_price
20869,NV34320869,Samsung Bottom Mount Combi Fridge with Water,simple,False,hirschs,,False,True,True,"Homeware > Appliances, Homeware > Appliances > Freezers, Homeware > Appliances > Fridges, Homeware",no_price
20871,6D6E420871,Samsung Top Fridge Bottom Freezer Combination Fridge,simple,False,hirschs,,False,True,True,"Homeware > Appliances, Homeware > Appliances > Freezers, Homeware > Appliances > Fridges, Homeware",no_price
20873,E858Y20873,Samsung Single Door Fridge,simple,False,hirschs,,False,True,True,"Homeware > Appliances, Homeware > Appliances > Fridges, Homeware",no_price
20890,256US20890,Samsung Single Door Freezer,simple,False,hirschs,,False,True,True,"Homeware > Appliances, Homeware > Appliances > Fridges, Homeware",no_price
20892,22EA620892,Samsung French Door Refrigerator,simple,False,hirschs,,False,True,True,"Homeware > Appliances, Homeware > Appliances > Freezers, Homeware",no_price
20894,1QJJQ20894,Samsung French Door Fridge,simple,False,hirschs,18999,True,True,True,"Homeware > Appliances, Homeware > Appliances > Fridges, Homeware",
20896,825YB20896,470L Samsung French Door Fridge,simple,False,hirschs,23999,True,True,True,"Homeware > Appliances, Homeware > Appliances > Freezers, Homeware > Appliances > Fridges, Homeware",
20898,6URU520898,Samsung Food Showcase Side by Side Fridge,simple,False,hirschs,,False,True,True,"Homeware > Appliances, Homeware > Appliances > Freezers, Homeware",no_price
20900,ZFNP920900,"Samsung Side by Side, 3 Door, Plumbed Water & Ice Dispenser",simple,False,hirschs,,False,True,True,"Homeware > Appliances, Homeware > Appliances > Fridges, Homeware",no_price
20902,L2R3K20902,Samsung Clean Station™ With Hygienic Jetvac empty bin,simple,False,hirschs,,False,True,True,"Homeware > Appliances, Homeware > Cleaning & Organization > Cleaning, Homeware",no_price
20904,C83A920904,16kg Samsung Tumble Dryer,simple,True,hirschs,23999,True,True,True,"Homeware > Appliances, Homeware, Homeware > Appliances > Tumble Dryers",
20906,47S5220906,8kg Samsung Tumble Dryer,simple,True,hirschs,12599,True,True,True,"Homeware > Appliances, Homeware, Homeware > Appliances > Tumble Dryers",
20908,X8W7Z20908,9kg Samsung Tumble Dryer,simple,True,hirschs,15599,True,True,True,"Homeware > Appliances, Homeware, Homeware > Appliances > Tumble Dryers",
20910,F4SYI20910,Samsung 14 Place Setting Dishwasher,simple,False,hirschs,,False,True,True,"Homeware > Appliances, Homeware > Cleaning & Organization > Cleaning, Homeware",no_price
20912,F4SYI20910-1,Samsung 14 Place Setting Dishwasher,simple,False,hirschs,,False,True,True,"Homeware > Appliances, Homeware > Cleaning & Organization > Cleaning, Homeware",no_price
20914,9X3JD20914,10kg Samsung Top Loader Washing Machine,simple,False,hirschs,12598.6,True,True,True,"Homeware > Appliances, Homeware, Homeware > Appliances > Washing Machines",
20916,9X3JD20914-1,13kg Samsung Top Loader Washing Machine,simple,False,hirschs,,False,True,True,"Homeware > Appliances, Homeware, Homeware > Appliances > Washing Machines",no_price
20918,9X3JD20914-1-1,14kg Samsung Top Loader Washing Machine,simple,False,hirschs,,False,True,True,"Homeware > Appliances, Homeware, Homeware > Appliances > Washing Machines",no_price
20939,9X3JD20914-1-1-1,15kg Samsung Top Loader Washing Machine,simple,False,hirschs,,False,True,True,"Homeware > Appliances, Homeware, Homeware > Appliances > Washing Machines",no_price
20941,9X3JD20914-1-1-1-1,17kg Samsung Top Loader Washing Machine,simple,False,hirschs,,False,True,True,"Homeware > Appliances, Homeware, Homeware > Appliances > Washing Machines",no_price
20969,9X3JD20914-1-1-1-1-1,19kg Samsung Top Loader Washing Machine,simple,False,hirschs,10999,True,True,True,"Homeware > Appliances, Homeware, Homeware > Appliances > Washing Machines",
20970,9X3JD20914-1-1-1-1-1-1,27kg Samsung Top Loader Washing Machine,simple,False,hirschs,17599,True,True,True,"Homeware > Appliances, Homeware, Homeware > Appliances > Washing Machines",
20972,Q535520972,Samsung 7Kg Washer / 5Kg Dryer Combo,simple,False,hirschs,12499,True,True,True,"Homeware > Appliances, Homeware, Homeware > Appliances > Tumble Dryers, Homeware > Appliances > Washing Machines",
20974,Q535520972-1,Samsung 9Kg Washer / 6Kg Dryer Combo,simple,False,hirschs,14999,True,True,True,"Homeware > Appliances, Homeware, Homeware > Appliances > Tumble Dryers, Homeware > Appliances > Washing Machines",
20975,1P8V120975,14kg Samsung Twin Tub,simple,False,hirschs,4499,True,True,True,"Homeware > Appliances, Homeware, Homeware > Appliances > Washing Machines",
20977,7X5Z720977,9kg Samsung Front Loader Washing Machine,simple,False,hirschs,8600,True,True,True,"Homeware > Appliances, Homeware, Homeware > Appliances > Washing Machines",
20979,7X5Z720977-1,7kg Samsung Front Loader Washing Machine Inox Finish,simple,False,hirschs,8999,True,True,True,"Homeware > Appliances, Homeware, Homeware > Appliances > Washing Machines",
20981,7X5Z720977-2,8kg Samsung Front Loader Washing Machine,simple,False,hirschs,9500,True,True,True,"Homeware > Appliances, Homeware, Homeware > Appliances > Washing Machines",
20982,7X5Z720977-1-1,8kg Samsung Front Loader Washing Machine Inox Finish,simple,False,hirschs,87000,True,True,True,"Homeware > Appliances, Homeware, Homeware > Appliances > Washing Machines",
20983,7X5Z720977-1-1-1,9kg Samsung Front Loader Washing Machine Inox Finish,simple,False,hirschs,12200,True,True,True,"Homeware > Appliances, Homeware, Homeware > Appliances > Washing Machines",
20997,L8EE720997,12 Way DB Box,simple,True,unknown,750,True,True,True,"Hardware > Electrical > Earth Leakage, Hardware > Electrical",
21001,F4RVQ21001,2.5mm Flat Surfix Coil SABS (100m),simple,True,makokoya,2700,True,True,True,"Hardware > Buidling Materials, Hardware > Electrical, Hardware > Electrical > Extension Cords, Hardware, Hardware > Electrical > Lights",
21009,DLGHISCULGRY-1,Delonghi - Scultura 4 Slice Toaster Azure,simple,True,hirschs,3800,True,True,True,"Homeware > Appliances, Homeware, Homeware > Appliances > Small Appliances > Kettles & Toasters, Homeware > Appliances > Small Appliances",
21011,DLGHISCULGRY-1-1,Delonghi - Scultura 4 Slice Toaster Beige,simple,True,hirschs,3800,True,True,True,"Homeware > Appliances, Homeware, Homeware > Appliances > Small Appliances > Kettles & Toasters, Homeware > Appliances > Small Appliances",
21013,DLGHISCULGRY-1-1-1,Delonghi - Scultura 4 Slice Toaster White,simple,True,hirschs,3800,True,True,True,"Homeware > Appliances, Homeware, Homeware > Appliances > Small Appliances > Kettles & Toasters, Homeware > Appliances > Small Appliances",
21015,DLGHISCULGRY-1-1-1-1,Delonghi - Scultura Breakfast Pack - Black,simple,True,hirschs,4999,True,True,True,"Homeware > Appliances, Homeware, Homeware > Appliances > Small Appliances > Kettles & Toasters, Homeware > Appliances > Small Appliances",
21034,YOVP121034,SuperWash Wash & Wax,variable,False,unknown,,False,True,True,"Homeware > Cleaning & Organization > Cleaning, Homeware > Cleaning & Organization > Detergents",no_price
21048,YOVP121034-1,SuperWash Super Foam,variable,False,unknown,,False,False,True,"Homeware > Cleaning & Organization > Cleaning, Homeware > Cleaning & Organization > Detergents",no_price|no_image
21052,YOVP121034-1-1,SuperWash UltraWash Miracle 99,variable,False,unknown,,False,True,True,"Homeware > Cleaning & Organization > Cleaning, Homeware > Cleaning & Organization > Detergents",no_price
21056,YOVP121034-1-1-1,SuperWash Tyre Shine,variable,False,unknown,,False,True,True,"Homeware > Cleaning & Organization > Cleaning, Homeware > Cleaning & Organization > Detergents",no_price
21060,YOVP121034-1-1-1-1,SuperWash Instant Detailer (Gloss Enhancer),variable,False,unknown,,False,False,True,"Homeware > Cleaning & Organization > Cleaning, Homeware > Cleaning & Organization > Detergents",no_price|no_image
21070,F02895,Economy BulkHead,simple,True,impulse,39.99,True,True,True,"Hardware > Electrical, Hardware > Electrical > Lights",
21076,H33RI21076,CITIQ Hexing Prepaid Meter,simple,False,unknown,,False,True,True,All Products,no_price
21080,91TJU21080,Happy Harvesting Toilet Cleaner 5L,simple,True,unknown,110,True,True,True,"All Products, Homeware > Cleaning & Organization, Homeware > Cleaning & Organization > Detergents",
21082,2KOS921082,Happy Harvesting Window Cleaner 5L,simple,True,unknown,95,True,True,True,"All Products, Homeware > Cleaning & Organization, Homeware > Cleaning & Organization > Detergents, Lifestyle & Everyday Essentials > Under R99",
21084,BB9E921084,Happy Harvesting Title Cleaner 5L,simple,True,unknown,110,True,True,True,"All Products, Homeware > Cleaning & Organization, Homeware > Cleaning & Organization > Detergents",
21086,FHU7F21086,Happy Harvesting Washing Powder 5KG,simple,True,unknown,240,True,True,True,"All Products, Homeware > Cleaning & Organization, Homeware > Cleaning & Organization > Detergents",
21089,2696621089,Happy Harvesting Fabric Softener 5L,simple,True,unknown,115,True,True,True,"All Products, Homeware > Cleaning & Organization, Homeware > Cleaning & Organization > Detergents",
21091,634YL21091,Happy Harvesting Hand Wash 5L,simple,True,unknown,120,True,True,True,"All Products, Homeware > Cleaning & Organization, Homeware > Cleaning & Organization > Detergents",
21094,3U9IO21094,Happy Harvesting Floor Polish 5L,simple,True,unknown,235,True,True,True,"All Products, Homeware > Cleaning & Organization, Homeware > Cleaning & Organization > Detergents",
21096,G33EJ21096,Happy Harvesting Black Dip 5L,simple,True,unknown,225,True,True,True,"All Products, Homeware > Cleaning & Organization, Homeware > Cleaning & Organization > Detergents",
21099,1C1Q821099,Happy Harvesting Pine Cleaner 5L,simple,True,unknown,110,True,True,True,"All Products, Homeware > Cleaning & Organization, Homeware > Cleaning & Organization > Detergents",
21101,ECJ9821101,Happy Harvesting Pine Gel 5KG,simple,True,unknown,230,True,True,True,"All Products, Homeware > Cleaning & Organization, Homeware > Cleaning & Organization > Detergents",
21103,5WP7321103,Happy Harvesting Air Freshener 5L,simple,True,unknown,130,True,True,True,"All Products, Homeware > Cleaning & Organization, Homeware > Cleaning & Organization > Detergents",
21114,F02437,Pick Handle Fibre Glass Yellow,simple,True,impulse,145,True,True,True,"Hardware > Buidling Materials, Hardware",
21124,F02436,Grass Slasher Plastic Handle,simple,True,impulse,65,True,True,True,"Garden, Garden > Garden Tools, Hardware",
21127,F02440-01,Pick Head,variable,True,unknown,,False,True,True,"Garden, Garden > Garden Tools",no_price
21136,F02435-01,Hoe Head,variable,True,unknown,,False,True,True,"Garden, Garden > Garden Tools, Lifestyle & Everyday Essentials > Under R99",no_price
21140,F02439-01,Pick / Cutter Mattock,variable,True,makokoya,,False,True,True,"Garden, Garden > Garden Tools",no_price
21145,F02446,Spade Flat 1.5kg,simple,True,impulse,138,True,True,True,"Hardware > Hand Tools, Hardware",
21153,F02445,Spade Flat 2kg,simple,True,impulse,280,True,True,True,"Hardware > Hand Tools, Hardware",
21154,F02444/F02443,Square/ Round Shovel Spade 2kg,variable,True,unknown,,False,True,True,"Garden, Garden > Garden Tools",no_price
21167,F02442,Fork Spade,simple,True,impulse,250,True,True,True,"Garden, Garden > Garden Tools",
21184,F02548,The Camping Mistress 3 Step Recliner,simple,False,impulse,550,True,True,True,"Furniture > Chairs, Furniture, Garden, Garden > Garden Furniture",
21187,F01560,Meranti Door Stable No Stain 8 Panel,simple,False,impulse,1750,True,True,True,"Hardware > Doors & Awnings, Hardware",
21192,F02425 / F02426,Wooden Frame,variable,True,makokoya,,False,True,True,"Hardware > Buidling Materials, Hardware > Doors & Awnings, Hardware",no_price
21198,,Mortice Lockset,variable,False,unknown,,False,False,True,All Products,no_price|no_image|no_sku
21227,NI68S21227,Smeg 1.7L Retro Kettle - White,simple,True,hirschs,3999,True,True,False,"Homeware > Appliances > Small Appliances > Kettles & Toasters, Homeware > Appliances > Small Appliances",no_description
21293,97K4E21293,UV Braai 4 Dish Braai,simple,True,power_warehouse,8999,True,True,True,"Garden, Hardware > Electrical > Loadshedding, Garden > Outdoor Cooking, Hardware > Electrical > Loadshedding > Solar",
21300,M162T21300,UV Braai 2,simple,True,power_warehouse,5499,True,True,True,"Garden, Hardware > Electrical > Loadshedding, Garden > Outdoor Cooking, Hardware > Electrical > Loadshedding > Solar",
21301,57I2621301,Tripod Braai Stand,simple,True,power_warehouse,950,True,True,True,"Garden, Hardware > Electrical > Loadshedding, Garden > Outdoor Cooking, Hardware > Electrical > Loadshedding > Solar",
21302,A6QIN21302,Solar Shower,simple,True,power_warehouse,3950,True,True,True,"Hardware > Electrical > Loadshedding, Hardware > Electrical > Loadshedding > Solar",
21303,JQ8GB21303,Recharger - GO Single Phase 80Amp Prepaid Electricity Meter,simple,True,unknown,295,True,True,True,"Hardware > Electrical > Earth Leakage, Hardware > Electrical",
21416,2SX5H21416,NOX Tempo 2023 Padel Racket - World Padel Tour Series,simple,True,unknown,3400,True,True,True,"Lifestyle & Everyday Essentials, Lifestyle & Everyday Essentials > Padel > Padel Rackets",
21425,2SX5H21416-1,Head Flash Red Padel Racket,simple,True,unknown,1850,True,True,True,"Lifestyle & Everyday Essentials, Lifestyle & Everyday Essentials > Padel > Padel Rackets",
21426,2SX5H21416-1-1,Babolat Contact Padel Racket,simple,True,unknown,1900,True,True,True,"Lifestyle & Everyday Essentials, Lifestyle & Everyday Essentials > Padel > Padel Rackets",
21427,2SX5H21416-1-1-1,Head Edge Ultimate,simple,True,makokoya,1900,True,True,True,"Lifestyle & Everyday Essentials, Lifestyle & Everyday Essentials > Padel > Padel Rackets",
21428,2SX5H21416-1-1-1-1,Head Edge Yellow,simple,True,unknown,1950,True,True,True,"Lifestyle & Everyday Essentials, Lifestyle & Everyday Essentials > Padel > Padel Rackets",
21429,2SX5H21416-1-1-1-1-1,NOX Equation Advanced Padel Racket,simple,True,unknown,3950,True,True,True,"Lifestyle & Everyday Essentials, Lifestyle & Everyday Essentials > Padel > Padel Rackets",
21434,YGT4421434,Adidas Metalbone Carbon CTRL 3.3 2024,simple,False,unknown,,False,True,True,"Lifestyle & Everyday Essentials, Lifestyle & Everyday Essentials > Padel > Padel Rackets",no_price
21437,YYCV721437,Adidas Adipower Multiweight Padel Racket,simple,False,unknown,,False,True,True,"Lifestyle & Everyday Essentials, Lifestyle & Everyday Essentials > Padel > Padel Rackets",no_price
21440,Y75FT21440,Head Extreme One Hole 2024,simple,True,unknown,4400,True,True,True,"Lifestyle & Everyday Essentials, Lifestyle & Everyday Essentials > Padel > Padel Rackets",
21443,J6CR321443,Adidas Metalbone 3.3,simple,True,unknown,5400,True,True,True,"Lifestyle & Everyday Essentials, Lifestyle & Everyday Essentials > Padel > Padel Rackets",
21492,JXYHF21492,FITNASTICS  Kids Twister,simple,True,unknown,1600,True,True,True,"Lifestyle & Everyday Essentials > Fitnastics, Lifestyle & Everyday Essentials",
21542,7KN1421542,SUPERSONIC 5.1 Home Theater Surround Sound System,simple,True,unknown,1280,True,True,True,Mobile Tech & Gadgets > Audio,
21554,4WH1R20469-1,SAMSUNG 50” CU7000 CRYSTAL UHD 4K  SMART TV (2023),simple,True,hirschs,6999,True,True,True,"Homeware > Appliances, Mobile Tech & Gadgets > Tv's",
21555,EDQQ120475-1,SAMSUNG 65” CU7000 CRYSTAL UHD 4K  SMART TV (2023) PLUS A FREE SOUNDBAR HW-C400/XA,simple,True,hirschs,11999,True,True,True,"Homeware > Appliances, Mobile Tech & Gadgets > Tv's",
21563,21EVT21563,"TELEFUNKEN 55"" Smart UHD TV",simple,True,unknown,5500,True,True,True,"Mobile Tech & Gadgets, Mobile Tech & Gadgets > Tv's",
21566,ETFK721566,Test,simple,False,unknown,,False,False,True,All Products,no_price|no_image
21573,KOQ7521573,Compact Powerbank Type C,simple,True,power_warehouse,299,True,True,True,"Hardware > Electrical > Loadshedding > Batteries & Power Banks, Hardware > Electrical > Loadshedding, Mobile Tech & Gadgets, Mobile Tech & Gadgets > Phone Chargers, Mobile Tech & Gadgets > Tech & Gadgets",
21587,YKBG821587,ANYX Max - Vape 4000,simple,True,unknown,250,True,True,True,"Lifestyle & Everyday Essentials, Lifestyle & Everyday Essentials > Vapes & eLiquids",
21616,CNCXV21616,Built-In Tempered Glass Countertop 5 Burner Gas Hob,simple,True,unknown,1750,True,True,True,"Homeware, Homeware > Appliances > Stoves",
21621,O6F3321621,Air Fryer 6L LED Display,simple,True,unknown,659,True,True,True,"Homeware > Appliances, Homeware > Appliances > Small Appliances > Cookers, Homeware, Homeware > Appliances > Small Appliances",
21629,G2M1K21629,Gas Cooker,simple,True,unknown,120,True,True,True,"Homeware > Appliances, Homeware > Appliances > Small Appliances > Cookers, Garden, Homeware, Garden > Outdoor Cooking, Homeware > Appliances > Small Appliances, Lifestyle & Everyday Essentials > Under R99",
21631,RCM1921631,Supersonic 5.1 CH Home Theatre Speaker System Bluetooth/USB/SD Card SPK-681,simple,True,unknown,1999,True,True,True,Mobile Tech & Gadgets > Audio,
21679,OD1B721679,Itel 2 In 1 Blender With Grinder – 1.5L,simple,True,unknown,450,True,True,True,"Homeware > Appliances, Homeware > Appliances > Small Appliances > Blenders & Mixers, Homeware, Homeware > Appliances > Small Appliances",
21796,SFFNE21796,Midea Glass Kettle 1.7L,simple,True,unknown,480,True,True,True,"Homeware > Appliances, Homeware, Homeware > Appliances > Small Appliances > Kettles & Toasters",
22210,661W722210,InPod 12 Wireless Pods,variable,True,unknown,,False,True,True,"Mobile Tech & Gadgets > Audio, Mobile Tech & Gadgets, Mobile Tech & Gadgets > Tech & Gadgets",no_price
22230,72MT622230,Damix AS-07 TWS Earbuds,simple,True,unknown,450,True,True,True,"Mobile Tech & Gadgets > Audio, Mobile Tech & Gadgets, Mobile Tech & Gadgets > Tech & Gadgets",
22234,53S6Z22234,5s Mini Earphone Wireless,simple,True,unknown,350,True,True,True,"Mobile Tech & Gadgets > Audio, Mobile Tech & Gadgets, Mobile Tech & Gadgets > Tech & Gadgets",
22246,IT9YR22246,Damix M10 Earpods,simple,True,unknown,350,True,True,True,"Mobile Tech & Gadgets > Audio, Mobile Tech & Gadgets, Mobile Tech & Gadgets > Tech & Gadgets",
22255,47W6922255,Condere FU-021 Solar Fan with Light,simple,True,power_warehouse,195,True,True,True,"Homeware > Fans & Heaters, Homeware, Hardware > Electrical > Loadshedding, Hardware > Electrical > Loadshedding > Solar",
22266,DT8WV22266,Aruif Portable Gas Stove,simple,True,unknown,295,True,True,True,"Homeware > Appliances, Garden, Homeware, Garden > Outdoor Cooking, Homeware > Appliances > Stoves",
22280,GHYNT22280,FinnTeck 4-slice toaster,simple,True,unknown,349,True,True,True,"Homeware > Appliances, Homeware, Homeware > Appliances > Small Appliances > Kettles & Toasters, Homeware > Appliances > Small Appliances",
22564,B3NPY122564,Wall panels - UV Sheets,variable,True,unknown,,False,True,True,"All Products, Hardware, Hardware > Wall Panels & Cladding",no_price
22581,2SX5H21416,Siux Diablo Revolution Sanyo Pro 3,simple,True,unknown,4950,True,True,True,"Lifestyle & Everyday Essentials, Lifestyle & Everyday Essentials > Padel > Padel Rackets",
22586,2SX5H21416,Bullpadel Vertex 04 Padel Racket,simple,True,unknown,5850,True,True,True,"Lifestyle & Everyday Essentials, Lifestyle & Everyday Essentials > Padel > Padel Rackets",
22592,2SX5H21416,2025 Bullpadel Neuron,simple,True,unknown,5750,True,True,True,"Lifestyle & Everyday Essentials, Lifestyle & Everyday Essentials > Padel > Padel Rackets",
22611,2SX5H21416,Bullpadel Ionic Light,simple,True,unknown,3400,True,True,True,"Lifestyle & Everyday Essentials, Lifestyle & Everyday Essentials > Padel > Padel Rackets",
22623,2SX5H21416-1-1-1-1-1,NOX Street Series Padel Bag,simple,True,unknown,1950,True,True,True,"Lifestyle & Everyday Essentials, Lifestyle & Everyday Essentials > Padel > Padel Rackets",
22631,2SX5H21416,Nox AT10 genius 18k by Agustin tapia 2025 Padel Racket,simple,True,unknown,5999,True,True,True,"Lifestyle & Everyday Essentials, Lifestyle & Everyday Essentials > Padel > Padel Rackets",
22656,8K1P8622656,Padel Tee 'Duo',variable,True,unknown,,False,True,True,"Lifestyle & Everyday Essentials, Lifestyle & Everyday Essentials > Padel, Lifestyle & Everyday Essentials > Padel > Padel Apparel",no_price
22693,8K1P8622656,Padel Tee 'Techy',variable,True,unknown,,False,True,True,"Lifestyle & Everyday Essentials, Lifestyle & Everyday Essentials > Padel, Lifestyle & Everyday Essentials > Padel > Padel Apparel",no_price
22709,8K1P8622656,Padel Tee 'Hustler',variable,True,unknown,,False,True,True,"Lifestyle & Everyday Essentials, Lifestyle & Everyday Essentials > Padel, Lifestyle & Everyday Essentials > Padel > Padel Apparel",no_price
22755,8K1P8622656,Padel Tee 'Action',variable,True,unknown,,False,True,True,"Lifestyle & Everyday Essentials, Lifestyle & Everyday Essentials > Padel, Lifestyle & Everyday Essentials > Padel > Padel Apparel",no_price
22771,8K1P8622656,Padel Tee 'Fund',variable,True,unknown,,False,True,True,"Lifestyle & Everyday Essentials, Lifestyle & Everyday Essentials > Padel, Lifestyle & Everyday Essentials > Padel > Padel Apparel",no_price
22785,8K1P8622656,Padel Tee 'Me',variable,True,unknown,,False,True,True,"Lifestyle & Everyday Essentials, Lifestyle & Everyday Essentials > Padel, Lifestyle & Everyday Essentials > Padel > Padel Apparel",no_price
22799,8K1P8622656,Padel Tee 'Hapee',variable,True,unknown,,False,True,True,"Lifestyle & Everyday Essentials, Lifestyle & Everyday Essentials > Padel, Lifestyle & Everyday Essentials > Padel > Padel Apparel",no_price
22813,8K1P8622656,Padel Tee 'Tact',variable,True,unknown,,False,True,True,"Lifestyle & Everyday Essentials, Lifestyle & Everyday Essentials > Padel, Lifestyle & Everyday Essentials > Padel > Padel Apparel",no_price
22827,8K1P8622656,Padel Hoodie 'Fund',variable,True,unknown,,False,True,True,"Lifestyle & Everyday Essentials, Lifestyle & Everyday Essentials > Padel, Lifestyle & Everyday Essentials > Padel > Padel Apparel",no_price
22841,8K1P8622656,Padel Hoodie 'Hapee',variable,True,unknown,,False,True,True,"Lifestyle & Everyday Essentials, Lifestyle & Everyday Essentials > Padel, Lifestyle & Everyday Essentials > Padel > Padel Apparel",no_price
22872,8K1P8622656,Padel Hoodie 'Me',variable,True,unknown,,False,True,True,"Lifestyle & Everyday Essentials, Lifestyle & Everyday Essentials > Padel, Lifestyle & Everyday Essentials > Padel > Padel Apparel",no_price
22886,8K1P8622656,Padel Hoodie 'Techy',variable,True,unknown,,False,True,True,"Lifestyle & Everyday Essentials, Lifestyle & Everyday Essentials > Padel, Lifestyle & Everyday Essentials > Padel > Padel Apparel",no_price
22900,8K1P8622656,Padel Hoodie 'Action',variable,True,unknown,,False,True,True,"Lifestyle & Everyday Essentials, Lifestyle & Everyday Essentials > Padel, Lifestyle & Everyday Essentials > Padel > Padel Apparel",no_price
22914,8K1P8622656,Padel Hoodie 'Padel',variable,True,unknown,,False,True,True,"Lifestyle & Everyday Essentials, Lifestyle & Everyday Essentials > Padel, Lifestyle & Everyday Essentials > Padel > Padel Apparel",no_price
22928,8K1P8622656,Padel Hoodie 'Melon',variable,True,unknown,,False,True,True,"Lifestyle & Everyday Essentials, Lifestyle & Everyday Essentials > Padel, Lifestyle & Everyday Essentials > Padel > Padel Apparel",no_price
22942,8K1P8622656,"Padel Sweater 'Hustler""",variable,True,unknown,,False,True,True,"Lifestyle & Everyday Essentials, Lifestyle & Everyday Essentials > Padel, Lifestyle & Everyday Essentials > Padel > Padel Apparel",no_price
22959,8K1P8622656,Padel Hoodie 'Freedom',variable,True,unknown,,False,True,True,"Lifestyle & Everyday Essentials, Lifestyle & Everyday Essentials > Padel, Lifestyle & Everyday Essentials > Padel > Padel Apparel",no_price
22973,8K1P8622656,Padel Hoodie 'Solidarity',variable,True,unknown,,False,True,True,"Lifestyle & Everyday Essentials, Lifestyle & Everyday Essentials > Padel, Lifestyle & Everyday Essentials > Padel > Padel Apparel",no_price
22987,8K1P8622656,Padel Tee 'Punto',variable,True,unknown,,False,True,True,"Lifestyle & Everyday Essentials, Lifestyle & Everyday Essentials > Padel, Lifestyle & Everyday Essentials > Padel > Padel Apparel",no_price
23356,SUK91CMX9,Smeg 90cm Stainless Steel Cooker With Gas Hob,simple,True,hirschs,29999.99,True,True,False,Homeware > Appliances > Stoves,no_description
23357,DSS695,Defy 90cm 5-Burner Multi-Function Gas/Electric Cooker,simple,True,hirschs,16499.99,True,True,False,Homeware > Appliances > Stoves,no_description
23358,01-ELBA90SS,Elba Classic 90cm Freestanding Stove,simple,True,unknown,21999.99,True,True,False,Homeware > Appliances > Stoves,no_description
23359,HGG523132Z,Bosch 90cm Gas Cooker,simple,True,hirschs,24999.99,True,True,False,Homeware > Appliances > Stoves,no_description
23360,DBO482 + DHD412,Defy Oven and Hob Combo,simple,True,hirschs,8999.99,True,True,False,Homeware > Appliances > Stoves,no_description
23361,SFP6101TVN,Smeg 60cm Multifunction Built-In Oven,simple,True,hirschs,9999.99,True,True,False,Homeware > Appliances > Stoves,no_description
23362,GIGA6234250X,Grundig 90cm Gas on Glass Hob,simple,True,unknown,7999.99,True,True,False,Homeware > Appliances > Stoves,no_description
23364,SMS46KI00Z,Bosch 13 Place Series 4 Dishwasher,simple,True,hirschs,7999.99,True,True,False,Homeware > Appliances > Dishwashers,no_description
23365,DWA15X,Smeg 15 Place Stainless Steel Dishwasher,simple,True,hirschs,12999.99,True,True,False,Homeware > Appliances > Dishwashers,no_description
23366,SN23EC14ME,Siemens 13 Place Inox Dishwasher,simple,True,hirschs,13999.99,True,True,False,Homeware > Appliances > Dishwashers,no_description
23367,WGA1440ZAF,Bosch 9kg Front Loader Washing Machine,simple,False,hirschs,8999.99,True,True,False,Homeware > Appliances > Washing Machines,no_description
23368,WTN85210ZA,Bosch 8kg Series 4 Condenser Tumble Dryer,simple,True,hirschs,9499.99,True,True,False,Homeware > Appliances > Tumble Dryers,no_description
23369,WDQY1014EVJM,Hisense 10kg Washer/Dryer Combo,simple,False,hirschs,11999.99,True,True,False,Homeware > Appliances > Washing Machines,no_description
23370,F2V9GCP2E,LG 8.5kg/5kg Washer Dryer Combo,simple,False,hirschs,11499.99,True,True,False,Homeware > Appliances > Washing Machines,no_description
23371,T2175HSTB,LG 21kg Black Top Load Washing Machine,simple,False,hirschs,17999.99,True,True,False,Homeware > Appliances > Washing Machines,no_description
23372,MT130WTL,Midea 13kg Silver Top Loader Washing Machine,simple,False,unknown,6599.99,True,True,False,Homeware > Appliances > Washing Machines,no_description
23373,DTL153,Defy 17kg Top Loader Washing Machine,simple,False,hirschs,7999.99,True,True,False,Homeware > Appliances > Washing Machines,no_description
23374,DT032,Defy 10kg Tumble Dryer Condenser,simple,True,hirschs,9999.99,True,True,False,Homeware > Appliances > Tumble Dryers,no_description
23375,GC3920,Philips OptiTemp Steam Iron,simple,True,unknown,1299.99,True,True,False,Homeware > Appliances > Small Appliances > Irons,no_description
23376,V11ABSOLUTE,Dyson V11 Absolute Vacuum,simple,True,unknown,12999.99,True,True,False,"Homeware > Cleaning & Organization > Cleaning, Homeware > Cleaning & Organization",no_description
23377,EQ.3 s300,Siemens Auto Espresso Machine,simple,True,hirschs,14999.99,True,True,False,Homeware > Appliances > Small Appliances > Coffee Machines,no_description
23378,KVL8300S,Kenwood Titanium Kitchen Machine,simple,True,hirschs,9999.99,True,True,False,Homeware > Appliances > Small Appliances > Blenders & Mixers,no_description
23379,HDF254,Hisense Dual Basket Air Fryer,simple,True,hirschs,2999.99,True,True,False,Homeware > Appliances > Small Appliances > Cookers,no_description
23380,DHD415,Defy Gemini 68.5cm Ceramic Hob,simple,True,hirschs,5999.99,True,True,False,Homeware > Appliances > Stoves,no_description
23381,EU611BEB1E,Siemens 60cm Series 2 Induction Hob,simple,True,hirschs,5999.99,True,True,False,Homeware > Appliances > Stoves,no_description
23382,QNED86,LG QNED86 AI 4K Smart TV,variable,False,hirschs,22398.6,True,True,False,Mobile Tech & Gadgets > Tv's,no_description
23383,QA65Q60BAKXXA-65,"Samsung QLED 4K TV (65"")",simple,True,hirschs,15999.99,True,True,False,Mobile Tech & Gadgets > Tv's,no_description
23384,QA55Q60BAKXXA-55,"Samsung QLED 4K TV (55"")",simple,True,hirschs,10999.99,True,True,False,Mobile Tech & Gadgets > Tv's,no_description
23385,85A7K,"Hisense UHD 4K Smart TV (85"")",simple,False,hirschs,17999.99,True,True,False,Mobile Tech & Gadgets > Tv's,no_description
23386,70A7K,"Hisense UHD 4K Smart TV (70"")",simple,False,hirschs,12999.99,True,True,False,Mobile Tech & Gadgets > Tv's,no_description
23387,58A7K,"Hisense UHD 4K Smart TV (58"")",simple,False,hirschs,9999.99,True,True,False,Mobile Tech & Gadgets > Tv's,no_description
23388,UA75AU7000,"Samsung DU7000 Crystal UHD TV (75"")",simple,True,hirschs,15999.99,True,True,False,Mobile Tech & Gadgets > Tv's,no_description
23389,UT80,"LG UHD AI UT80 4K Smart TV (75"")",simple,False,hirschs,22999.99,True,True,False,Mobile Tech & Gadgets > Tv's,no_description
23390,SUK62MX9,Smeg 60cm Stainless Steel Classic Oven,simple,True,hirschs,11999.99,True,True,False,Homeware > Appliances > Stoves,no_description
23391,SE2642TC,Smeg 60cm Ceran Hob,simple,True,hirschs,5999.99,True,True,False,Homeware > Appliances > Stoves,no_description
23392,RB31HSR2DSA,Samsung 315L Metallic Fridge,simple,False,hirschs,5999.99,True,True,False,"Homeware > Appliances > Fridges, Homeware > Appliances > Stoves",no_description
23393,GC-L247SLUV,LG 611L Matte Black Side-by-Side Fridge,simple,False,hirschs,27999.99,True,True,False,Homeware > Appliances > Fridges,no_description
23394,DAC622,Defy 350L Combi Eco Metallic Fridge,simple,False,hirschs,7499.99,True,True,False,"Homeware > Appliances > Freezers, Homeware > Appliances > Fridges",no_description
23395,H370BIT,Hisense 350L Combi Fridge,simple,False,hirschs,6999.99,True,True,False,Homeware > Appliances > Fridges,no_description
23396,WTS1802T,Hisense 18kg Top Loader Washing Machine,simple,False,hirschs,6999.99,True,True,False,Homeware > Appliances > Washing Machines,no_description
23397,WG44A1X0ZA,Siemens 9kg iQ300 Front Loader,simple,False,hirschs,9999.99,True,True,False,Homeware > Appliances > Washing Machines,no_description
23398,HD-113FN,Midea 87L Double Door Bar Fridge,simple,False,unknown,3999.99,True,True,False,Homeware > Appliances > Fridges,no_description
23399,HD9270/91,Philips 6.2L Black Air Fryer,simple,True,unknown,2999.99,True,True,False,Homeware > Appliances > Small Appliances > Cookers,no_description
23400,RHCOF25,Russell Hobbs 25L Air Fryer Oven,simple,True,hirschs,2799.99,True,True,False,Homeware > Appliances > Small Appliances > Cookers,no_description
23401,DNA95X3,DNA Airfryer Oven,simple,True,unknown,4999.99,True,True,False,Homeware > Appliances > Small Appliances > Cookers,no_description
23402,KLF03BLKSA,Smeg Retro Kettle 1.7L- Red,simple,True,hirschs,3999.99,True,True,False,Homeware > Appliances > Small Appliances > Kettles & Toasters,no_description
23403,TFP10.A0BK,Kenwood 4 Slice Toaster,simple,True,hirschs,1299.99,True,True,False,Homeware > Appliances > Small Appliances > Kettles & Toasters,no_description
23404,GC2145,Philips Blue Steam Iron,simple,True,unknown,399.99,True,True,False,Homeware > Appliances > Small Appliances > Irons,no_description
23405,EP3243/50,Philips 3200 Series Espresso Machine,simple,True,unknown,11499.99,True,True,False,Homeware > Appliances > Small Appliances > Coffee Machines,no_description
23406,SM6580/10,Philips Saeco Gran Aroma Espresso,simple,True,unknown,17999.99,True,True,False,Homeware > Appliances > Small Appliances > Coffee Machines,no_description
23408,TSF01BLMSA,Smeg Retro 2 Slice Toaster - Black,simple,True,hirschs,3799,True,True,False,Homeware > Appliances > Small Appliances > Kettles & Toasters,no_description
23409,TAT6A913 + TWK6A813,Bosch Stainless Steel Breakfast Pack,simple,True,hirschs,1299.99,True,True,False,Homeware > Appliances > Small Appliances > Kettles & Toasters,no_description
23410,TCG4104,Bosch Contact Grill,simple,True,hirschs,1799.99,True,True,False,Homeware > Appliances > Small Appliances > Cookers,no_description
23411,RHSP016,Russell Hobbs Sandwich Press,simple,True,hirschs,1199.99,True,True,False,Homeware > Appliances > Small Appliances > Cookers,no_description
23413,HFP50,Kenwood 5.5L Grey Air Fryer,simple,True,hirschs,1499.99,True,True,False,Homeware > Appliances > Small Appliances > Cookers,no_description
23414,DAF275,Defy 4.7L Black Manual Air Fryer,simple,True,hirschs,1199.99,True,True,False,Homeware > Appliances > Small Appliances > Cookers,no_description
23415,140-3005-01,Instant Pot Duo 8L Crisp & Air Fryer,simple,True,unknown,5499.99,True,True,False,Homeware > Appliances > Small Appliances > Cookers,no_description
23416,SGC001,Snappy Chef Gas-Qu Combo,simple,True,unknown,5599.99,True,True,False,Homeware > Appliances > Stoves,no_description
23417,SCI2000,Snappy Chef Single Induction Hob,simple,True,unknown,1699.99,True,True,False,Homeware > Appliances > Stoves,no_description
23418,YL1635S,Midea Classic Water Dispenser,simple,True,unknown,2199.99,True,True,False,Homeware > Appliances > Stoves,no_description
23419,HX1 CarClean,Miele CarClean Kit,simple,True,unknown,7999.99,True,True,False,"Homeware > Cleaning & Organization > Cleaning, Homeware > Cleaning & Organization",no_description
23420,SPIRITBLACK,SodaStream Spirit,simple,True,unknown,2199.99,True,True,False,Homeware > Appliances > Small Appliances > Blenders & Mixers,no_description
23421,RHSSB20,Russell Hobbs Jug Blender,simple,True,hirschs,1299.99,True,True,False,Homeware > Appliances > Small Appliances > Blenders & Mixers,no_description
23422,NBR909,Nutribullet 900W Blender,simple,True,unknown,2599.99,True,True,False,Homeware > Appliances > Small Appliances > Blenders & Mixers,no_description
23423,B1700,Kuvings Cold Press Juicer,simple,True,unknown,9499.99,True,True,False,Homeware > Appliances > Small Appliances > Blenders & Mixers,no_description
23424,83999,Home Classix Travel Mug,simple,True,unknown,199.99,True,True,False,Homeware > Dining > Drinkware > Mugs,no_description
23425,HS01,Dyson Airwrap Multistyler,simple,True,unknown,10999.99,True,True,False,"All Products, Homeware > Appliances > Small Appliances > Personal Care",no_description
23426,SI4001,Defy 75W Steam Iron,simple,True,hirschs,299.99,True,True,False,Homeware > Appliances > Small Appliances > Irons,no_description
23427,36988,Bissell SpotClean Carpet Cleaner,simple,True,makokoya,6499.99,True,True,False,"Homeware > Cleaning & Organization > Cleaning, Homeware > Cleaning & Organization",no_description
23428,BHN20L,Bosch Cordless Handheld Vacuum,simple,True,unknown,1499.99,True,True,False,"Homeware > Cleaning & Organization > Cleaning, Homeware > Cleaning & Organization",no_description
23429,1.673-159.0,Karcher K2 Pressure Cleaner,simple,True,unknown,2499.99,True,True,False,"Homeware > Cleaning & Organization > Cleaning, Homeware > Cleaning & Organization",no_description
23430,SM-R930NZGAXFA/NZEAXFA,Galaxy Watch 7 (40mm),variable,True,unknown,,False,True,False,Mobile Tech & Gadgets > Tech & Gadgets,no_price|no_description
23431,SM-R930NZSAFXA/NZGAXFA,Galaxy Watch 7 (44mm),variable,True,unknown,,False,True,False,Mobile Tech & Gadgets > Audio,no_price|no_description
23432,SM-R805FZTAFA/FZWAFA/FZSAFA,Galaxy Watch Ultra,simple,True,unknown,15999.99,True,True,False,Mobile Tech & Gadgets > Tech & Gadgets,no_description
23433,S40T,LG 300W Soundbar 2.1 Channel,simple,True,hirschs,3999.99,True,True,False,Mobile Tech & Gadgets > Audio,no_description
23434,XG8T,LG XBOOM Go XG8T Speaker,simple,True,hirschs,5999.99,True,True,False,Mobile Tech & Gadgets > Audio,no_description
23435,S80QY,LG 3.1.1ch 400W Soundbar,simple,True,hirschs,8999.99,True,True,False,Mobile Tech & Gadgets > Audio,no_description
23436,SP-LSP3BLAXFA,Samsung Freestyle 2nd Gen,simple,True,hirschs,11999.99,True,True,False,Mobile Tech & Gadgets > Audio,no_description
23437,HW-Q60B/XA,Samsung 5.1.2ch Q-Series,simple,True,hirschs,10999.99,True,True,False,Mobile Tech & Gadgets > Audio,no_description
23438,HS312,Hisense 3.1ch 480W Soundbar,simple,True,hirschs,2999.99,True,True,False,Mobile Tech & Gadgets > Audio,no_description
23439,Go + Play,Harman Kardon Go + Play,simple,True,unknown,6299.99,True,True,False,Mobile Tech & Gadgets > Audio,no_description
23440,CHL806,JBL Soundbar 1000 Pro 7.1ch,simple,True,unknown,20999.99,True,True,False,Mobile Tech & Gadgets > Audio,no_description
23441,CH470,JBL Flip 6 Black,simple,True,unknown,2499.99,True,True,False,Mobile Tech & Gadgets > Audio,no_description
23442,SN 823789F,Polarbox 6L Retro Cooler,simple,False,unknown,1099.99,True,True,False,Homeware > Appliances > Fridges,no_description
23443,CMG7241B,Bosch 45L Built-In Microwave,simple,True,hirschs,21999.99,True,True,False,Homeware > Appliances > Microwaves,no_description
23444,DBO467,Defy Thermofan Double Oven,simple,True,hirschs,16999.99,True,True,False,Homeware > Appliances > Stoves,no_description
23445,SN 80973,Smeg 90cm Gas/Solid Plate,simple,True,hirschs,23999.99,True,True,False,Homeware > Appliances > Stoves,no_description
23446,SN 80464,ELBA Classic 90cm Stove,simple,True,unknown,15999.99,True,True,False,Homeware > Appliances > Stoves,no_description
23447,SF4920MCN,Smeg 60cm Classic Oven,simple,True,hirschs,9999.99,True,True,False,Homeware > Appliances > Stoves,no_description
23448,DSS617,Defy Vitroceramic Stove,simple,True,hirschs,8999.99,True,True,False,Homeware > Appliances > Stoves,no_description
23449,SF6100TVS,Smeg Black Series 8 Oven,simple,True,hirschs,16999.99,True,True,False,Homeware > Appliances > Stoves,no_description
23450,MS3092JAS,LG 30L Solo Microwave,simple,True,hirschs,2499.99,True,True,False,Homeware > Appliances > Microwaves,no_description
23451,EM923ET6,Midea Digital Microwave,simple,True,unknown,1499.99,True,True,False,Homeware > Appliances > Microwaves,no_description
23452,DMO381,Defy 20L Microwave,simple,True,hirschs,1099.99,True,True,False,"All Products, Homeware > Appliances > Microwaves",no_description
23453,SE264TD1,Smeg Ceramic Hob,simple,True,hirschs,5999.99,True,True,False,Homeware > Appliances > Stoves,no_description
23454,10SPGN900IX,Elica T-Shape Extractor,simple,True,unknown,3999.99,True,True,False,Homeware > Appliances > Stoves,no_description
23455,10SPGN900BL,Elica Wall Mount Extractor,simple,True,unknown,2999.99,True,True,False,Homeware > Appliances > Stoves,no_description
23456,SN 77071,Jamie Oliver Cookware Set,simple,True,unknown,5099.99,True,True,False,Homeware > Kitchenware > Cookware & Bakeware,no_description
23457,SN76979,Tefal Pancake Pan,simple,True,unknown,399.99,True,True,False,Homeware > Kitchenware > Cookware & Bakeware,no_description
23458,PGP6B5B60Z,Bosch Gas Hob,simple,True,hirschs,5499.99,True,True,False,Homeware > Appliances > Stoves,no_description
23459,SF4920MCB,Smeg Microwave Oven,simple,True,hirschs,10499.99,True,True,False,Homeware > Appliances > Microwaves,no_description
23460,H2634,LG 12000BTU Black ArtCool Inverter Air Conditioner - A13RJH,simple,True,power_warehouse,21999,True,True,True,Homeware > Air Conditioners,
23461,H2635,LG 18000BTU Artcool Inverter Air Conditioner - A19AKH,simple,True,power_warehouse,28999,True,True,True,Homeware > Air Conditioners,
23462,H2636,LG 2400BTU Artcool Inverter Air Conditioner - A24RKH,simple,True,power_warehouse,31999,True,True,True,Homeware > Air Conditioners,
23463,H211,LG 9000BTU Dual Cool Inverter,simple,True,power_warehouse,11999,True,True,True,Homeware > Air Conditioners,
23464,H210,LG 12000BTU Inverter Air Conditioner - M13AJH,simple,True,power_warehouse,12499,True,True,True,Homeware > Air Conditioners,
23465,H206,LG 18000BTU Dual Inverter Air Conditioner - M19AKH,simple,True,power_warehouse,17999,True,True,True,Homeware > Air Conditioners,
23466,H208,LG 24000BTU M-Range ECO-Friendly Air Conditioner - M246AKH,simple,True,hirschs,20999,True,True,True,Homeware > Air Conditioners,
23467,H209IM,"LG 36000BTU InverterLG Commercial - Dual Inverter 36,000 BTU Heating & Cooling Split Air Conditioner - M38AKH",simple,True,power_warehouse,30499,True,True,True,Homeware > Air Conditioners,
23471,H3610,Midea 24000BTU Breezeless Inverter Airconditioner - BZE-INV-24,simple,True,power_warehouse,20999,True,True,True,Homeware > Air Conditioners,
23472,H3674SP,Midea 9000BTU Xtreme Inverter Airconditioner - MSAG11,simple,True,power_warehouse,7899,True,True,True,Homeware > Air Conditioners,
23473,H3670,Midea 9000BTU Xtreme Non Inverter Aircon - MSAGA09,simple,True,power_warehouse,6999,True,True,True,Homeware > Air Conditioners,
23474,H3697,Midea 9000BTU Breezeless E Inverter Aircon - BZE-INV-09,simple,True,power_warehouse,10499,True,True,True,Homeware > Air Conditioners,
23475,H3699,Midea 18000BTU Breezeless E Inverter Aircon - BZE-INV-18,simple,True,power_warehouse,15999,True,True,True,Homeware > Air Conditioners,
23476,H3698,Midea 12000BTU Breezeless Inverter Aircon - BZE-INV-12,simple,True,power_warehouse,9899,True,True,True,Homeware > Air Conditioners,
23477,H3675,Midea 12000BTU Inverter Aircon - MSAAGAAB12,simple,True,power_warehouse,8999,True,True,True,Homeware > Air Conditioners,
23479,S/N H1947,Alliance Comfee 9000BTU Inverter Wall Split Airconditioner - FCMI-09,simple,True,power_warehouse,7999.99,True,True,True,Homeware > Air Conditioners,
23480,S/N H1948,Alliance Comfee 18000BTU Fixed Speed Wall Split Airconditioner - FCMF-18,simple,True,unknown,10999.99,True,True,True,Homeware > Air Conditioners,
23481,S/N H1950,Alliance Comfee 12000BTU Inverter Wall Split Airconditioner - FCMI-12,simple,True,power_warehouse,8999,True,True,True,Homeware > Air Conditioners,
23483,S/N H3630,Alliance Comfee 9000BTU Fixed Speed Wall Split Airconditioner - FCMF-09,simple,True,unknown,5499.99,True,True,True,Homeware > Air Conditioners,
23484,S/N H3640,Alliance Comfee 12000BTU Fixed Speed Wall Split Airconditioner - FCMF-12,simple,True,unknown,6999.99,True,True,True,Homeware > Air Conditioners,
23485,S/N H3641,Alliance Comfee 18000BTU Wall Split Non Inverter Airconditioner - FCMI-18,simple,True,power_warehouse,13499,True,True,True,Homeware > Air Conditioners,
23486,S/N H3650,Alliance Comfee 24000BTU Inverter Wall Split Airconditioner - FCMI-24,simple,True,power_warehouse,15499.99,True,True,True,Homeware > Air Conditioners,
23487,H3642,Alliance 24000BTU F/S Comfee Fixed Speed Midwall Split Air Conditioner - FCMF-24,simple,True,unknown,13999.99,True,True,True,Homeware > Air Conditioners,
24253,75QNED84APA,LG QNED 4K Smart TV 75-inch,simple,True,hirschs,22999.99,True,True,False,Mobile Tech & Gadgets > Tv's,no_description
24254,65QNED86SPA,LG QNED 4K Smart TV 65-inch,simple,True,hirschs,17999.99,True,True,False,Mobile Tech & Gadgets > Tv's,no_description
24255,QA65Q60CGWXXN,Samsung QLED 4K TV 65-inch,simple,True,hirschs,14999.99,True,True,False,Mobile Tech & Gadgets > Tv's,no_description
24256,QA55Q60CGWXXN,Samsung QLED 4K TV 55-inch,simple,True,hirschs,10999.99,True,True,False,Mobile Tech & Gadgets > Tv's,no_description
24257,QA50Q60CGWXXN,Samsung QLED 4K TV 50-inch,simple,True,hirschs,7999.99,True,True,False,Mobile Tech & Gadgets > Tv's,no_description
24258,OLED65B46LA,LG OLED B4 AI Smart TV 65-inch,simple,True,hirschs,32999.99,True,True,False,Mobile Tech & Gadgets > Tv's,no_description
24259,OLED55B46LA,LG OLED B4 AI Smart TV 55-inch,simple,True,hirschs,19999.99,True,True,False,Mobile Tech & Gadgets > Tv's,no_description
24260,75A6N,Hisense UHD 4K Smart TV 75-inch,simple,True,hirschs,12999.99,True,True,False,Mobile Tech & Gadgets > Tv's,no_description
24261,70A6N,Hisense UHD 4K Smart TV 70-inch,simple,True,hirschs,9999.99,True,True,False,Mobile Tech & Gadgets > Tv's,no_description
24262,65A6N,Hisense UHD 4K Smart TV 65-inch,simple,True,hirschs,7999.99,True,True,False,Mobile Tech & Gadgets > Tv's,no_description
24263,50A6N,Hisense UHD 4K Smart TV 50-inch,simple,True,hirschs,5999.99,True,True,False,Mobile Tech & Gadgets > Tv's,no_description
24264,UA75CU7000KXXA,Samsung Crystal UHD 75-inch,simple,True,hirschs,12999.99,True,True,False,Mobile Tech & Gadgets > Tv's,no_description
24265,UA65CU7000KXXA,Samsung Crystal UHD 65-inch,simple,True,hirschs,11999,True,True,False,Mobile Tech & Gadgets > Tv's,no_description
24266,86UP8000PLA,LG UHD AI 86-inch,simple,True,hirschs,22999.99,True,True,False,Mobile Tech & Gadgets > Tv's,no_description
24267,50UP8000PLA,LG UHD AI 50-inch,simple,True,hirschs,7999.99,True,True,False,Mobile Tech & Gadgets > Tv's,no_description
24268,86NANO75KSA,LG NanoCell AI Smart TV 86-inch,simple,True,hirschs,26999.99,True,True,False,Mobile Tech & Gadgets > Tv's,no_description
24269,55NANO75KSA,LG NanoCell AI Smart TV 55-inch,simple,True,hirschs,9999.99,True,True,False,Mobile Tech & Gadgets > Tv's,no_description
24270,55Q6N,Hisense QLED 4K TV 55-inch,simple,True,hirschs,7999.99,True,True,False,Mobile Tech & Gadgets > Tv's,no_description
24271,50Q6N,Hisense QLED 4K TV 50-inch,simple,True,hirschs,5999.99,True,True,False,Mobile Tech & Gadgets > Tv's,no_description
24272,UA75DU7000,Samsung Crystal UHD 75-inch DU7000,simple,True,hirschs,12999.99,True,True,False,Mobile Tech & Gadgets > Tv's,no_description
24273,UA55DU7000,Samsung Crystal UHD 55-inch DU7000,simple,True,hirschs,7999.99,True,True,False,Mobile Tech & Gadgets > Tv's,no_description
24274,55A6H,Hisense UHD 4K TV 55-inch A6H,simple,True,hirschs,6999.99,True,True,False,Mobile Tech & Gadgets > Tv's,no_description
24275,43A6H,Hisense UHD 4K TV 43-inch,simple,True,hirschs,4999.99,True,True,False,Mobile Tech & Gadgets > Tv's,no_description
24276,100U7K,Hisense MiniLED QLED TV 100-inch,simple,True,hirschs,59999.99,True,True,False,Mobile Tech & Gadgets > Tv's,no_description
24277,QA85QN900A,Samsung Neo QLED 85-inch Q900,simple,True,hirschs,109999,True,True,False,Mobile Tech & Gadgets > Tv's,no_description
24278,QA85Q60A,Samsung QLED 85-inch Q60A,simple,True,hirschs,29999.99,True,True,False,Mobile Tech & Gadgets > Tv's,no_description
24279,QA65QN900A,Samsung Neo QLED 65-inch Q900,simple,True,hirschs,39999.99,True,True,False,Mobile Tech & Gadgets > Tv's,no_description
24280,65QNED80SPA,LG QNED 65-inch 80 Series,simple,True,hirschs,15999.99,True,True,False,Mobile Tech & Gadgets > Tv's,no_description
24281,QA55QN85B00XA,Samsung Neo QLED 55-inch QN85B,simple,True,hirschs,18999.99,True,True,False,Mobile Tech & Gadgets > Tv's,no_description
24282,55UH7500PLA,LG UHD AI 55-inch 7500,simple,True,hirschs,8999.99,True,True,False,Mobile Tech & Gadgets > Tv's,no_description
24283,40A4H,Hisense Smart TV 40-inch - 40A4H,simple,True,hirschs,3999.99,True,True,False,Mobile Tech & Gadgets > Tv's,no_description
24284,65Q6N,Hisense QLED 65-inch Q6N,simple,True,hirschs,9999.99,True,True,False,Mobile Tech & Gadgets > Tv's,no_description
24285,QA75Q70A,Samsung QLED 75-inch Q70A,simple,True,hirschs,23999,True,True,False,Mobile Tech & Gadgets > Tv's,no_description
24286,65NANO75KPA,LG NanoCell 65-inch 75 Series,simple,True,hirschs,12999.99,True,True,False,Mobile Tech & Gadgets > Tv's,no_description
24287,32A4H,Hisense Smart TV 32-inch - 32A4H,simple,True,hirschs,2799.99,True,True,False,Mobile Tech & Gadgets > Tv's,no_description
24520,CHF20A,Condere Radio FM,simple,True,unknown,109,True,True,False,"All Products, Mobile Tech & Gadgets > Audio, Mobile Tech & Gadgets",no_description
24521,RS700,Boomer Speaker,simple,True,unknown,274,True,True,False,"All Products, Mobile Tech & Gadgets > Audio, Mobile Tech & Gadgets",no_description
24522,THBY370,JVC Soundbar,simple,True,unknown,1429,True,True,False,"All Products, Mobile Tech & Gadgets > Audio, Mobile Tech & Gadgets",no_description
24523,SP-4806,Harwa Sound Bar,simple,True,unknown,549,True,True,False,"All Products, Mobile Tech & Gadgets > Audio, Mobile Tech & Gadgets",no_description
24524,TSB46,Telefunken Sound Bar,simple,True,unknown,1099,True,True,False,"All Products, Mobile Tech & Gadgets > Audio, Mobile Tech & Gadgets",no_description
24525,F02084,Plastic Bar Stool,simple,False,impulse,42,True,True,False,"All Products, Garden, Garden > Garden Furniture",no_description
24526,AF-2406,Condere Air Fryer - 6L,simple,True,unknown,659,True,True,False,"All Products, Homeware > Appliances > Small Appliances > Cookers, Homeware > Appliances > Small Appliances",no_description
24527,DAF2347-MB,Defy Air Fryer - 4.7L,simple,True,hirschs,879,True,True,False,"All Products, Homeware > Appliances > Small Appliances > Cookers, Homeware > Appliances > Small Appliances",no_description
24528,FS40,Condere 16'' Standing Fan,simple,True,unknown,219,True,True,False,"All Products, Homeware > Fans & Heaters",no_description
24529,USSF-72483,i-star 18'' Standing Fan (White),simple,True,unknown,329,True,True,False,"All Products, Homeware > Fans & Heaters",no_description
24530,USSF-72485,i-star 18'' Standing Fan (Black),simple,True,unknown,274,True,True,False,"All Products, Homeware > Fans & Heaters",no_description
24531,UC125-WHT,Univa Chest Freezer - 125LT,simple,False,unknown,2969,True,True,False,"All Products, Homeware > Appliances > Freezers, Homeware > Appliances > Fridges",no_description
24532,KCG 210/2 ME,KIC Metallic Freezer - 210LT,simple,False,hirschs,3629,True,True,False,"All Products, Homeware > Appliances > Freezers",no_description
24533,DMF470,Defy Chest Freezer 195l (White),simple,False,hirschs,3739,True,True,False,"All Products, Homeware > Appliances > Freezers, Homeware > Appliances > Fridges",no_description
24534,DMF451,Defy Chest Freezer 195l (Metallic),simple,False,hirschs,4069,True,True,False,"All Products, Homeware > Appliances > Freezers, Homeware > Appliances > Fridges",no_description
24535,KIC518,KIC Combi Fridge/Freezer (White),simple,False,hirschs,3629,True,True,False,"All Products, Homeware > Appliances > Freezers, Homeware > Appliances > Fridges",no_description
24536,KIC518M,KIC Combi Fridge/Freezer (Grey),simple,False,hirschs,3739,True,True,False,"All Products, Homeware > Appliances > Freezers, Homeware > Appliances > Fridges",no_description
24537,KIC525,KIC Combi Fridge/Freezer (White),simple,False,hirschs,4839,True,True,False,"All Products, Homeware > Appliances > Freezers, Homeware > Appliances > Fridges",no_description
24538,KIC525M,KIC Combi Fridge/Freezer (Grey),simple,False,hirschs,4949,True,True,False,"All Products, Homeware > Appliances > Freezers, Homeware > Appliances > Fridges",no_description
24539,KIC631/2,KIC Combi Fridge/Freezer (Grey),simple,False,hirschs,5939,True,True,False,"All Products, Homeware > Appliances > Freezers, Homeware > Appliances > Fridges",no_description
24540,KIC631/2GRWD,KIC Combi Fridge/Freezer (GreyWD),simple,False,hirschs,6049,True,True,False,"All Products, Homeware > Appliances > Freezers, Homeware > Appliances > Fridges",no_description
24541,DAC363,Defy Combi Fridge/Freezer (Metallic),simple,False,hirschs,5279,True,True,False,"All Products, Homeware > Appliances > Freezers, Homeware > Appliances > Fridges",no_description
24542,KIC639,KIC Combi Fridge/Freezer Grey,simple,False,hirschs,6709,True,True,False,"All Products, Homeware > Appliances > Freezers, Homeware > Appliances > Fridges",no_description
24543,KIC635,KIC Combi Fridge (Grey),simple,False,hirschs,6269,True,True,False,"All Products, Homeware > Appliances > Freezers, Homeware > Appliances > Fridges",no_description
24544,KIC639-2,KIC Bottom Freezer,simple,False,hirschs,6709,True,True,False,"All Products, Homeware > Appliances > Freezers, Homeware > Appliances > Fridges",no_description
24546,LX2001,Condere Electric Kettle,simple,True,unknown,77,True,True,False,"All Products, Homeware > Appliances > Small Appliances > Kettles & Toasters",no_description
24547,MW20,Midea Microwave 20L,simple,True,unknown,879,True,True,False,"All Products, Homeware > Appliances > Microwaves",no_description
24548,EM30,Midea Microwave,simple,True,unknown,1429,True,True,False,"All Products, Homeware > Appliances > Microwaves",no_description
24549,HP001,Condere Double Hot Plate,simple,True,unknown,109,True,True,False,"All Products, Homeware > Appliances > Stoves",no_description
24550,F02693,Aruif 2 Plate Gas Stove with Gas Hose & Regulator Kit,simple,True,impulse,450,True,True,True,"All Products, Homeware > Appliances > Stoves",
24551,OB500G,OBAC Gas Stove,simple,True,unknown,2419,True,True,False,"All Products, Homeware > Appliances > Stoves",no_description
24552,UES4-SS,Univa Electric Stove,simple,True,unknown,4839,True,True,False,"All Products, Homeware > Appliances > Stoves",no_description
24553,DCB866,Defy Hob & Oven Combo,simple,True,hirschs,7149,True,True,False,Homeware > Appliances > Stoves,no_description
24554,F02694,Aruif Gas Stove,simple,True,impulse,599,True,True,True,"All Products, Homeware > Appliances > Stoves",
24555,U3O5B,Univa Electric Stove,simple,True,unknown,3299,True,True,False,"All Products, Homeware > Appliances > Stoves",no_description
24556,LX16GB-2024,Lexar Micro SD Card 32GB,simple,True,unknown,72,True,True,False,"All Products, Mobile Tech & Gadgets > Tech & Gadgets",no_description
24557,USB32,Lexar USB Stick 32GB,simple,True,unknown,66,True,True,False,"All Products, Mobile Tech & Gadgets > Tech & Gadgets",no_description
24558,USB64,Lexar USB Stick 64GB,simple,True,unknown,77,True,True,False,"All Products, Mobile Tech & Gadgets > Tech & Gadgets",no_description
24559,CON32LEDHD,"Condere Target 32"" LED HD Ready TV",simple,True,unknown,1319,True,True,False,Mobile Tech & Gadgets > Tv's,no_description
24560,CON32LED,Condere 32'' LED TV,simple,True,unknown,1539,True,True,False,Mobile Tech & Gadgets > Tv's,no_description
24561,CON40LED,Condere 40'' LED TV,simple,True,unknown,2419,True,True,False,Mobile Tech & Gadgets > Tv's,no_description
24562,CON32SM,Condere 32'' Smart TV,simple,True,unknown,1869,True,True,False,Mobile Tech & Gadgets > Tv's,no_description
24563,32N75OA,JVC 32'' Smart TV,simple,True,unknown,2199,True,True,False,Mobile Tech & Gadgets > Tv's,no_description
24564,ISTAR32SM,I-STAR 32'' Smart TV,simple,True,unknown,1979,True,True,False,Mobile Tech & Gadgets > Tv's,no_description
24565,ISTAR43SM,I-STAR 43'' Smart TV,simple,True,unknown,3079,True,True,False,Mobile Tech & Gadgets > Tv's,no_description
24566,ISTAR50SM,I-STAR 50'' Smart TV,simple,True,unknown,4399,True,True,False,Mobile Tech & Gadgets > Tv's,no_description
24567,ISTAR58SM,I-STAR 58'' Smart TV,simple,True,unknown,5499,True,True,False,Mobile Tech & Gadgets > Tv's,no_description
24568,43U5980,"Toshiba Smart TV 43""",simple,True,hirschs,4179,True,True,False,Mobile Tech & Gadgets > Tv's,no_description
24569,55U5980,"Toshiba Smart TV 55""",simple,True,hirschs,6599,True,True,False,Mobile Tech & Gadgets > Tv's,no_description
24570,65U5980,"Toshiba Smart TV 65""",simple,True,hirschs,8799,True,True,False,Mobile Tech & Gadgets > Tv's,no_description
24571,7555U5980,"Toshiba Smart TV 75""",simple,True,hirschs,10999,True,True,False,Mobile Tech & Gadgets > Tv's,no_description
24572,JVC32A,JVC 32'' QLED Smart TV,simple,True,unknown,2529,True,True,False,Mobile Tech & Gadgets > Tv's,no_description
24573,TLEDDS-55FHD,Telefunken 55'' Smart TV,simple,True,unknown,5499,True,True,False,Mobile Tech & Gadgets > Tv's,no_description
24574,DTT169,Defy Twin Tub Washer,simple,True,hirschs,3079,True,True,False,Homeware > Appliances > Washing Machines > Washing Machines,no_description
24575,DTT151,Defy Twin Tub Washer (White),simple,True,hirschs,4179,True,True,False,Homeware > Appliances > Washing Machines > Washing Machines,no_description
24576,DTT152,Defy Twin Tub Washer (Metallic),simple,True,hirschs,4399,True,True,False,Homeware > Appliances > Washing Machines > Washing Machines,no_description
24577,DTL165,Defy Top Loader (Metallic) 8kg,simple,True,hirschs,4949,True,True,False,Homeware > Appliances > Washing Machines > Washing Machines,no_description
24632,F02034,3m Extension Cord,simple,True,impulse,65,True,True,True,"All Products, Hardware > Electrical, Hardware > Electrical > Extension Cords, Hardware, Lifestyle & Everyday Essentials > Under R99",
24634,F02347,10m Extension Cord,simple,True,impulse,110,True,True,True,"All Products, Hardware > Electrical, Hardware > Electrical > Extension Cords, Hardware, Lifestyle & Everyday Essentials > Under R99",
24636,F02035,15m Extension Cord,simple,True,impulse,120,True,True,True,"All Products, Hardware > Electrical, Hardware > Electrical > Extension Cords, Hardware, Lifestyle & Everyday Essentials > Under R99",
24638,F02036,20 m Extension Cord,simple,True,impulse,190,True,True,True,"All Products, Hardware > Electrical, Hardware > Electrical > Extension Cords, Hardware, Lifestyle & Everyday Essentials > Under R99",
24663,F03344,Knee Guard Wrap Around,simple,True,impulse,49.99,True,True,False,"Lifestyle & Everyday Essentials > Padel, Lifestyle & Everyday Essentials > Padel > Padel Rackets",no_description
24664,F02721,Padel Balls 3's,simple,True,impulse,130,True,True,False,"Lifestyle & Everyday Essentials > Padel, Lifestyle & Everyday Essentials > Padel > Padel Rackets",no_description
24665,F03340,Padel Racket 100% Carbon,simple,True,impulse,999,True,True,False,"Lifestyle & Everyday Essentials > Padel, Lifestyle & Everyday Essentials > Padel > Padel Rackets",no_description
24666,F03341,CAMEWIN Smash Padel Racket - 12k,simple,True,impulse,1499,True,True,False,"Lifestyle & Everyday Essentials > Padel, Lifestyle & Everyday Essentials > Padel > Padel Rackets",no_description
24667,F03342,CAMEWIN Tour Pro Padel Racket - 18k,simple,True,impulse,1699,True,True,False,"Lifestyle & Everyday Essentials > Padel, Lifestyle & Everyday Essentials > Padel > Padel Rackets",no_description
24733,W3179J24733,Kristal Carpet - Luna Collection - 31770A,variable,True,makokoya,,False,True,True,"Homeware > Decor > Carpets\, Mats & Rugs > Carpets & Rugs, Homeware > Decor, Homeware",no_price
24744,W3179J24733,Kristal Carpet - Luna Collection - 31803A,variable,True,makokoya,,False,True,True,"Homeware > Decor > Carpets\, Mats & Rugs > Carpets & Rugs, Homeware > Decor, Homeware",no_price
24754,W3179J24733,Kristal Carpet - Luna Collection - 31896A,variable,True,makokoya,,False,True,True,"Homeware > Decor > Carpets\, Mats & Rugs > Carpets & Rugs, Homeware > Decor, Homeware",no_price
24771,W3179J24733,Kristal Carpet - Luna Collection - 31897A,variable,True,makokoya,,False,True,True,"Homeware > Decor > Carpets\, Mats & Rugs > Carpets & Rugs, Homeware > Decor, Homeware",no_price
24779,W3179J24733,Kristal Carpet - Luna Collection - 31947A,variable,True,makokoya,,False,True,True,"Homeware > Decor > Carpets\, Mats & Rugs > Carpets & Rugs, Homeware > Decor, Homeware",no_price
24789,W3179J24733,Kristal Carpet - Luna Collection - 31655A,variable,True,makokoya,,False,True,True,"Homeware > Decor > Carpets\, Mats & Rugs > Carpets & Rugs, Homeware > Decor, Homeware",no_price
24797,W3179J24733,Kristal Carpet - Luna Collection - 32735A,variable,True,makokoya,,False,True,True,"Homeware > Decor > Carpets\, Mats & Rugs > Carpets & Rugs, Homeware > Decor, Homeware",no_price
24805,W3179J24733,Kristal Carpet - Dejavu Collection - 51667A,variable,True,makokoya,,False,True,True,"Homeware > Decor > Carpets\, Mats & Rugs > Carpets & Rugs, Homeware > Decor, Homeware",no_price
24829,W3179J24733,Kristal Carpet - Dejavu Collection - 51676A,variable,True,makokoya,,False,True,True,"Homeware > Decor > Carpets\, Mats & Rugs > Carpets & Rugs, Homeware > Decor, Homeware",no_price
24837,W3179J24733,Kristal Carpet - Dejavu Collection - 39944A,variable,True,makokoya,,False,True,True,"Homeware > Decor > Carpets\, Mats & Rugs > Carpets & Rugs, Homeware > Decor, Homeware",no_price
24845,W3179J24733,Kristal Carpet - Dejavu Collection - 51672A,variable,True,makokoya,,False,True,True,"Homeware > Decor > Carpets\, Mats & Rugs > Carpets & Rugs, Homeware > Decor, Homeware",no_price
24853,W3179J24733,Kristal Carpet - Dejavu Collection - 39922A,variable,True,makokoya,,False,True,True,"Homeware > Decor > Carpets\, Mats & Rugs > Carpets & Rugs, Homeware > Decor, Homeware",no_price
24864,W3179J24733,Kristal Carpet - Dejavu Collection - 51683A,variable,True,makokoya,,False,True,True,"Homeware > Decor > Carpets\, Mats & Rugs > Carpets & Rugs, Homeware > Decor, Homeware",no_price
24884,F9899A24884,EMist Epix360 Handheld Cordless Electrostatic Disinfectant Sprayer,simple,True,unknown,45000,True,True,True,"Homeware > Cleaning & Organization > Cleaning, Homeware > Cleaning & Organization",
24921,9VCCNK24921,Lepu LFR30B Digital Infrared Thermometer,simple,True,unknown,750,True,True,True,"Homeware > Cleaning & Organization > Cleaning, Homeware > Cleaning & Organization, Homeware",
24928,G5KZIT24928,AI Thermo Intelligent Real-Time Infrared Body Temperature Screening System,simple,True,unknown,145000,True,True,True,"Homeware > Cleaning & Organization > Cleaning, Homeware > Cleaning & Organization",
24980,67WIUG24980,Tupperware Storage 2.5L,variable,False,tupperware,,False,True,False,"Homeware > Kitchenware > Food Storage Containers, Homeware > Kitchenware > Food Storage Containers > Tupperware",no_price|no_description
24985,83DG9O24985,Tupperware Storage 4.3L,simple,False,tupperware,,False,True,False,"Homeware > Kitchenware > Food Storage Containers, Homeware > Kitchenware > Food Storage Containers > Tupperware",no_price|no_description
24994,IY2P2924994,Tupperware Plates,simple,True,tupperware,150,True,True,False,"Homeware > Dining > Plates, Homeware > Kitchenware > Food Storage Containers > Tupperware",no_description
24998,H93P4324998,Tupperware Cylinder,simple,True,tupperware,120,True,True,False,"Homeware > Kitchenware > Food Storage Containers, Homeware > Kitchenware > Food Storage Containers > Tupperware",no_description
25004,H8787825004,Tupperware Snack Box (2),simple,True,tupperware,120,True,True,False,"Homeware > Kitchenware > Food Storage Containers, Homeware > Kitchenware > Food Storage Containers > Tupperware",no_description
25010,Q8U2SP25010,Tupperware Rectangle Lunch Tin,variable,True,tupperware,,False,True,False,"Homeware > Kitchenware > Food Storage Containers, Homeware > Kitchenware > Food Storage Containers > Tupperware",no_price|no_description
25020,LM1X1525020,Tupperware Plastic Jug,simple,True,tupperware,120,True,True,False,"Homeware > Dining > Jugs & Sets, Homeware > Kitchenware > Food Storage Containers > Tupperware",no_description
25026,927TZO25026,Tupperware Compartment Container,simple,True,tupperware,190,True,True,False,"Homeware > Kitchenware > Food Storage Containers, Homeware > Kitchenware > Food Storage Containers > Tupperware",no_description
25031,O9WPYW25031,Tupperware Butter Container,simple,True,tupperware,180,True,True,False,"Homeware > Kitchenware > Food Storage Containers, Homeware > Kitchenware > Food Storage Containers > Tupperware",no_description
25037,F2V4QW25037,Tupperware Rectangle Lunch Tin,simple,True,tupperware,120,True,True,False,"Homeware > Kitchenware > Food Storage Containers, Homeware > Kitchenware > Food Storage Containers > Tupperware",no_description
25041,34D3UI25041,Tupperware Round Lunch Tin,simple,False,tupperware,,False,True,False,"Homeware > Kitchenware > Food Storage Containers, Homeware > Kitchenware > Food Storage Containers > Tupperware",no_price|no_description
25048,PF45SL25048,Tupperware Pasta Maker Container,variable,True,tupperware,,False,True,False,"Homeware > Kitchenware > Food Storage Containers, Homeware > Kitchenware > Food Storage Containers > Tupperware",no_price|no_description
25056,SNU1V125056,Tupperware Square Lunch Tin,simple,True,tupperware,120,True,True,False,"Homeware > Kitchenware > Food Storage Containers, Homeware > Kitchenware > Food Storage Containers > Tupperware",no_description
25070,JL97DV25070,Tupperware Tumbler,variable,False,tupperware,,False,True,False,"Homeware > Dining > Drinkware > Tumblers, Homeware > Kitchenware > Food Storage Containers > Tupperware",no_price|no_description
25078,AG5H9F25078,Tupperware colander,simple,False,tupperware,,False,True,False,"Homeware > Kitchenware, Homeware > Kitchenware > Food Storage Containers > Tupperware",no_price|no_description
25082,3AVQAS25082,Tupperware Kitchen On The Go Bowl,simple,False,tupperware,,False,True,False,"Homeware > Dining > Bowls, Homeware > Kitchenware > Food Storage Containers > Tupperware",no_price|no_description
25091,2PA72A25091,Tupperware Oval Container 400ml,simple,False,tupperware,,False,True,False,"Homeware > Kitchenware > Food Storage Containers, Homeware > Kitchenware > Food Storage Containers > Tupperware",no_price|no_description
25102,1UIC2P25102,Kitchen Confidential Muffin Tray,simple,False,unknown,,False,True,False,"Homeware > Kitchenware > Cookware & Bakeware, Homeware > Kitchenware",no_price|no_description
25109,DOFUSU25109,Tupperware Storage 1.5L,simple,False,tupperware,,False,True,False,"Homeware > Kitchenware > Food Storage Containers, Homeware > Kitchenware > Food Storage Containers > Tupperware",no_price|no_description
25112,MRWWAW25112,Tupperware Tafelperle Storage Containers - 2L,simple,False,tupperware,,False,True,False,"Homeware > Kitchenware > Food Storage Containers, Homeware > Kitchenware > Food Storage Containers > Tupperware",no_price|no_description
25116,9Z7G6K25116,Tupperware Yellow Lunchbox,simple,True,tupperware,120,True,True,False,"Homeware > Kitchenware > Food Storage Containers, Homeware > Kitchenware > Food Storage Containers > Tupperware",no_description
25120,REDLX425120,Kristal Carpet - Boutique Collection - JAG10640A,variable,True,makokoya,,False,True,True,"Homeware > Decor > Carpets\, Mats & Rugs > Carpets & Rugs, Homeware > Decor, Homeware",no_price
25130,REDLX425120,Kristal Carpet - Boutique Collection - JAG10641A,variable,True,makokoya,,False,True,True,"Homeware > Decor > Carpets\, Mats & Rugs > Carpets & Rugs, Homeware > Decor, Homeware",no_price
25139,REDLX425120,Kristal Carpet - Boutique Collection - JAG10647A,variable,True,makokoya,,False,True,True,"Homeware > Decor > Carpets\, Mats & Rugs > Carpets & Rugs, Homeware > Decor, Homeware",no_price
25146,REDLX425120,Kristal Carpet - Boutique Collection - JAG10693A,variable,True,makokoya,,False,True,True,"Homeware > Decor > Carpets\, Mats & Rugs > Carpets & Rugs, Homeware > Decor, Homeware",no_price
25155,REDLX425120,Kristal Carpet - Boutique Collection - JAG10694A,variable,True,makokoya,,False,True,True,"Homeware > Decor > Carpets\, Mats & Rugs > Carpets & Rugs, Homeware > Decor, Homeware",no_price
25165,REDLX425120,Kristal Carpet - Boutique Collection - JAG10642A,variable,True,makokoya,,False,True,True,"Homeware > Decor > Carpets\, Mats & Rugs > Carpets & Rugs, Homeware > Decor, Homeware",no_price
25174,REDLX425120,Kristal Carpet - Boutique Collection - JAG10687A,variable,True,makokoya,,False,True,True,"Homeware > Decor > Carpets\, Mats & Rugs > Carpets & Rugs, Homeware > Decor, Homeware",no_price
25183,REDLX425120,Kristal Carpet - Boutique Collection - JAG10643A,variable,True,makokoya,,False,True,True,"Homeware > Decor > Carpets\, Mats & Rugs > Carpets & Rugs, Homeware > Decor, Homeware",no_price
25194,X93WZ425194,Kristal - Porto Collection - 8821,variable,True,makokoya,,False,True,True,"Homeware > Decor > Carpets\, Mats & Rugs > Carpets & Rugs, Homeware > Decor, Homeware",no_price
25204,X93WZ425194,Kristal - Porto Collection - 8820,variable,True,makokoya,,False,True,True,"Homeware > Decor > Carpets\, Mats & Rugs > Carpets & Rugs, Homeware > Decor, Homeware",no_price
25214,X93WZ425194,Kristal - Porto Collection - 8815,variable,True,makokoya,,False,True,True,"Homeware > Decor > Carpets\, Mats & Rugs > Carpets & Rugs, Homeware > Decor, Homeware",no_price
25224,X93WZ425194,Kristal - Porto Collection - 8813,variable,True,makokoya,,False,True,True,"Homeware > Decor > Carpets\, Mats & Rugs > Carpets & Rugs, Homeware > Decor, Homeware",no_price
25234,MT3G5I25234,Kristal - Palma Collections - 32112A,variable,True,makokoya,,False,True,True,"Homeware > Decor > Carpets\, Mats & Rugs > Carpets & Rugs, Homeware > Decor, Homeware",no_price
25244,MT3G5I25234,Kristal - Palma Collections - 31865A,variable,True,makokoya,,False,True,True,"Homeware > Decor > Carpets\, Mats & Rugs > Carpets & Rugs, Homeware > Decor, Homeware",no_price
25254,MT3G5I25234,Kristal - Palma Collections - 32117A,variable,True,makokoya,,False,True,True,"Homeware > Decor > Carpets\, Mats & Rugs > Carpets & Rugs, Homeware > Decor, Homeware",no_price
25264,MT3G5I25234,Kristal - Palma Collections - 31859A,variable,True,makokoya,,False,True,True,"Homeware > Decor > Carpets\, Mats & Rugs > Carpets & Rugs, Homeware > Decor, Homeware",no_price
25274,MT3G5I25234,Kristal - Palma Collections - 31864A,variable,True,makokoya,,False,True,True,"Homeware > Decor > Carpets\, Mats & Rugs > Carpets & Rugs, Homeware > Decor, Homeware",no_price
25297,MT3G5I25234,Kristal - Palma Collections - 32106A,variable,True,makokoya,,False,True,True,"Homeware > Decor > Carpets\, Mats & Rugs > Carpets & Rugs, Homeware > Decor, Homeware",no_price
25333,MT3G5I25234,Kristal - Palma Collections - 2145A,variable,True,makokoya,,False,True,True,"Homeware > Decor > Carpets\, Mats & Rugs > Carpets & Rugs, Homeware > Decor, Homeware",no_price
25344,MT3G5I25234,Kristal - Palma Collections - 32110A,variable,True,makokoya,,False,True,True,"Homeware > Decor > Carpets\, Mats & Rugs > Carpets & Rugs, Homeware > Decor, Homeware",no_price
25364,KLF03GRSA,Smeg Retro Kettle 1.7L - Grey,simple,True,hirschs,3999,True,True,False,Homeware > Appliances > Small Appliances > Kettles & Toasters,no_description
25367,KLF04CRSA,Smeg 1.7L Retro Kettle - Cream,simple,True,hirschs,3999,True,True,False,"Homeware > Appliances > Small Appliances > Kettles & Toasters, Homeware > Appliances > Small Appliances",no_description
25373,KLF03,Smeg 1.7L Retro Kettle - Black,simple,True,hirschs,3999,True,True,False,"Homeware > Appliances > Small Appliances > Kettles & Toasters, Homeware > Appliances > Small Appliances",no_description
25377,TSF01WHEU,Smeg Retro 2 Slice Toaster - White,simple,True,hirschs,3799,True,True,False,Homeware > Appliances > Small Appliances > Kettles & Toasters,no_description
25381,TSF01WHEU,Smeg Retro 2 Slice Toaster - Cream,simple,True,hirschs,3799,True,True,False,Homeware > Appliances > Small Appliances > Kettles & Toasters,no_description
25384,TSF01GREU/SA,Smeg Retro 2 Slice Toaster - Grey,simple,True,hirschs,3799,True,True,False,Homeware > Appliances > Small Appliances > Kettles & Toasters,no_description
25387,TSF01RDSA,Smeg Retro 2 Slice Toaster - Red,simple,True,hirschs,3799,True,True,False,Homeware > Appliances > Small Appliances > Kettles & Toasters,no_description
25457,43EHPH25457,Kristal - Eco Collections - 221,variable,True,makokoya,,False,True,True,"Homeware > Decor > Carpets\, Mats & Rugs > Carpets & Rugs, Homeware > Decor, Homeware",no_price
25473,43EHPH25457,Kristal - Eco Collections - 206,variable,True,makokoya,,False,True,True,"Homeware > Decor > Carpets\, Mats & Rugs > Carpets & Rugs, Homeware > Decor, Homeware",no_price
25481,43EHPH25457,Kristal - Eco Collections - 1346,variable,True,makokoya,,False,True,True,"Homeware > Decor > Carpets\, Mats & Rugs > Carpets & Rugs, Homeware > Decor, Homeware",no_price
25489,43EHPH25457,Kristal - Eco Collections - 222,variable,True,makokoya,,False,True,True,"Homeware > Decor > Carpets\, Mats & Rugs > Carpets & Rugs, Homeware > Decor, Homeware",no_price
25500,J675KI25497,Kristal - Pastel Collection - 31827C,variable,True,makokoya,,False,True,True,"Homeware > Decor > Carpets\, Mats & Rugs > Carpets & Rugs, Homeware > Decor, Homeware",no_price
25510,J675KI25497,Kristal - Pastel Collection - 31909A,variable,True,makokoya,,False,True,True,"Homeware > Decor > Carpets\, Mats & Rugs > Carpets & Rugs, Homeware > Decor, Homeware",no_price
25520,J675KI25497,Kristal - Pastel Collection - 31915A,variable,True,makokoya,,False,True,True,"Homeware > Decor > Carpets\, Mats & Rugs > Carpets & Rugs, Homeware > Decor, Homeware",no_price
25530,J675KI25497,Kristal - Pastel Collection - 32539B,variable,True,makokoya,,False,True,True,"Homeware > Decor > Carpets\, Mats & Rugs > Carpets & Rugs, Homeware > Decor, Homeware",no_price
25540,J675KI25497,Kristal - Pastel Collection - 31682A,variable,True,makokoya,,False,True,True,"Homeware > Decor > Carpets\, Mats & Rugs > Carpets & Rugs, Homeware > Decor, Homeware",no_price
25550,J675KI25497,Kristal - Pastel Collection - 31698C,variable,True,makokoya,,False,True,True,"Homeware > Decor > Carpets\, Mats & Rugs > Carpets & Rugs, Homeware > Decor, Homeware",no_price
25560,J675KI25497,Kristal - Pastel Collection - 32540A,variable,True,makokoya,,False,True,True,"Homeware > Decor > Carpets\, Mats & Rugs > Carpets & Rugs, Homeware > Decor, Homeware",no_price
25570,J675KI25497,Kristal - Pastel Collection - 31694A,variable,True,makokoya,,False,True,True,"Homeware > Decor > Carpets\, Mats & Rugs > Carpets & Rugs, Homeware > Decor, Homeware",no_price
25582,J675KI25497,Kristal - Pastel Collection - 31829A,variable,True,makokoya,,False,True,True,"Homeware > Decor > Carpets\, Mats & Rugs > Carpets & Rugs, Homeware > Decor, Homeware",no_price
25590,Z5G9O725590,Kristal - Amber Collections - 31917A,variable,True,makokoya,,False,True,True,"Homeware > Decor > Carpets\, Mats & Rugs > Carpets & Rugs, Homeware",no_price
25600,Z5G9O725590,Kristal - Amber Collections - 30636C,variable,True,makokoya,,False,True,True,"Homeware > Decor > Carpets\, Mats & Rugs > Carpets & Rugs, Homeware",no_price
25610,Z5G9O725590,Kristal - Amber Collections - 31102B,variable,True,makokoya,,False,True,True,"Homeware > Decor > Carpets\, Mats & Rugs > Carpets & Rugs, Homeware",no_price
25622,Z5G9O725590,Kristal - Amber Collections - 31366A,variable,True,makokoya,,False,True,True,"Homeware > Decor > Carpets\, Mats & Rugs > Carpets & Rugs, Homeware",no_price
25633,PB3APB25633,Kristal - Alin Collections - 05441A,variable,True,makokoya,,False,True,True,"Homeware > Decor > Carpets\, Mats & Rugs > Carpets & Rugs, Homeware > Decor, Homeware",no_price
25648,PB3APB25633,Kristal - Alin Collections - 05386A,variable,True,makokoya,,False,True,True,"Homeware > Decor > Carpets\, Mats & Rugs > Carpets & Rugs, Homeware > Decor, Homeware",no_price
25663,PB3APB25633,Kristal - Alin Collections - 05223C,variable,True,makokoya,,False,True,True,"Homeware > Decor > Carpets\, Mats & Rugs > Carpets & Rugs, Homeware > Decor, Homeware",no_price
25678,PB3APB25633,Kristal - Alin Collections - 05238A -2,variable,True,makokoya,,False,True,True,"Homeware > Decor > Carpets\, Mats & Rugs > Carpets & Rugs, Homeware > Decor, Homeware",no_price
25697,PB3APB25633,Kristal - Alin Collections - 05238A,variable,True,makokoya,,False,True,True,"Homeware > Decor > Carpets\, Mats & Rugs > Carpets & Rugs, Homeware > Decor, Homeware",no_price
25713,PB3APB25633,Kristal - Alin Collections - 05223A,variable,True,makokoya,,False,True,True,"Homeware > Decor > Carpets\, Mats & Rugs > Carpets & Rugs, Homeware > Decor, Homeware",no_price
25728,PB3APB25633,Kristal - Alin Collections -05376A,variable,True,makokoya,,False,True,True,"Homeware > Decor > Carpets\, Mats & Rugs > Carpets & Rugs, Homeware > Decor, Homeware",no_price
25744,PB3APB25633,Kristal - Alin Collections -05390A,variable,True,makokoya,,False,True,True,"Homeware > Decor > Carpets\, Mats & Rugs > Carpets & Rugs, Homeware > Decor, Homeware",no_price
25759,PB3APB25633,Kristal - Alin Collections -05387A,variable,True,makokoya,,False,True,True,"Homeware > Decor > Carpets\, Mats & Rugs > Carpets & Rugs, Homeware > Decor, Homeware",no_price
25774,PB3APB25633,Kristal - Alin Collections -05376A - 2,variable,True,makokoya,,False,True,True,"Homeware > Decor > Carpets\, Mats & Rugs > Carpets & Rugs, Homeware > Decor, Homeware",no_price
25792,PB3APB25633,Kristal - Alin Collections -05234A,variable,True,makokoya,,False,True,True,"Homeware > Decor > Carpets\, Mats & Rugs > Carpets & Rugs, Homeware > Decor, Homeware",no_price
25808,PB3APB25633,Kristal - Alin Collections -05382A,variable,True,makokoya,,False,True,True,"Homeware > Decor > Carpets\, Mats & Rugs > Carpets & Rugs, Homeware > Decor, Homeware",no_price
25823,PB3APB25633,Kristal - Alin Collections -05439A,variable,True,makokoya,,False,True,True,"Homeware > Decor > Carpets\, Mats & Rugs > Carpets & Rugs, Homeware > Decor, Homeware",no_price
25838,PB3APB25633,Kristal - Alin Collections -05236D,variable,True,makokoya,,False,True,True,"Homeware > Decor > Carpets\, Mats & Rugs > Carpets & Rugs, Homeware > Decor, Homeware",no_price
25853,PB3APB25633,Kristal - Alin Collections -05439A,variable,True,makokoya,,False,True,True,"Homeware > Decor > Carpets\, Mats & Rugs > Carpets & Rugs, Homeware > Decor, Homeware",no_price
25868,PB3APB25633,Kristal - Alin Collections -05390A,variable,True,makokoya,,False,True,True,"Homeware > Decor > Carpets\, Mats & Rugs > Carpets & Rugs, Homeware > Decor, Homeware",no_price
25893,PB3APB25633,Kristal - Alin Collections -05277A,variable,True,makokoya,,False,True,True,"Homeware > Decor > Carpets\, Mats & Rugs > Carpets & Rugs, Homeware > Decor, Homeware",no_price
25908,PB3APB25633,Kristal - Alin Collections -05234A,variable,True,makokoya,,False,True,True,"Homeware > Decor > Carpets\, Mats & Rugs > Carpets & Rugs, Homeware > Decor, Homeware",no_price
25923,PB3APB25633,Kristal - Alin Collections -05441A,variable,True,makokoya,,False,True,True,"Homeware > Decor > Carpets\, Mats & Rugs > Carpets & Rugs, Homeware > Decor, Homeware",no_price
25940,PB3APB25633,Kristal - Alin Collections -05227A,variable,True,makokoya,,False,True,True,"Homeware > Decor > Carpets\, Mats & Rugs > Carpets & Rugs, Homeware > Decor, Homeware",no_price
26026,5Q62R726026,Kristal - Artist Collection - 10201A,variable,True,makokoya,,False,True,True,"Homeware > Decor > Carpets\, Mats & Rugs > Carpets & Rugs, Homeware > Decor, Homeware",no_price
26040,5Q62R726026,Kristal - Artist Collection - 10197A 2,variable,True,makokoya,,False,True,True,"Homeware > Decor > Carpets\, Mats & Rugs > Carpets & Rugs, Homeware > Decor, Homeware",no_price
26051,5Q62R726026,Kristal - Artist Collection - 04868,variable,True,makokoya,,False,True,True,"Homeware > Decor > Carpets\, Mats & Rugs > Carpets & Rugs, Homeware > Decor, Homeware",no_price
26064,5Q62R726026,Kristal - Artist Collection -10196A,variable,True,makokoya,,False,True,True,"Homeware > Decor > Carpets\, Mats & Rugs > Carpets & Rugs, Homeware > Decor, Homeware",no_price
26077,5Q62R726026,Kristal - Artist Collection -10203A,variable,True,makokoya,,False,True,True,"Homeware > Decor > Carpets\, Mats & Rugs > Carpets & Rugs, Homeware > Decor, Homeware",no_price
26086,5Q62R726026,Kristal - Artist Collection -10205A 2,variable,True,makokoya,,False,True,True,"Homeware > Decor > Carpets\, Mats & Rugs > Carpets & Rugs, Homeware > Decor, Homeware",no_price
26097,5Q62R726026,Kristal - Artist Collection -10204A,variable,True,makokoya,,False,True,True,"Homeware > Decor > Carpets\, Mats & Rugs > Carpets & Rugs, Homeware > Decor, Homeware",no_price
26110,5Q62R726026,Kristal - Artist Collection -10194A,variable,True,makokoya,,False,True,True,"Homeware > Decor > Carpets\, Mats & Rugs > Carpets & Rugs, Homeware > Decor, Homeware",no_price
26119,5Q62R726026,Kristal - Artist Collection -10205A,variable,True,makokoya,,False,True,True,"Homeware > Decor > Carpets\, Mats & Rugs > Carpets & Rugs, Homeware > Decor, Homeware",no_price
26130,5Q62R726026,Kristal - Artist Collection -04868A,variable,True,makokoya,,False,True,True,"Homeware, Homeware > Decor, Homeware > Decor > Carpets\, Mats & Rugs > Carpets & Rugs",no_price
26141,5Q62R726026,Kristal - Artist Collection -04965A,variable,True,makokoya,,False,True,True,"Homeware > Decor > Carpets\, Mats & Rugs > Carpets & Rugs, Homeware > Decor, Homeware",no_price
26153,5Q62R726026,Kristal - Artist Collection -04966A,variable,True,makokoya,,False,True,True,"Homeware > Decor > Carpets\, Mats & Rugs > Carpets & Rugs, Homeware > Decor, Homeware",no_price
26167,5Q62R726026,Kristal - Artist Collection -10196A 2,variable,True,makokoya,,False,True,True,"Homeware > Decor > Carpets\, Mats & Rugs > Carpets & Rugs, Homeware > Decor, Homeware",no_price
26185,5Q62R726026,Kristal - Artist Collection -10194A,variable,True,makokoya,,False,True,True,"Homeware > Decor > Carpets\, Mats & Rugs > Carpets & Rugs, Homeware > Decor, Homeware",no_price
26194,5Q62R726026,Kristal - Artist Collection -10196A,variable,True,makokoya,,False,True,True,"Homeware > Decor > Carpets\, Mats & Rugs > Carpets & Rugs, Homeware > Decor, Homeware",no_price
26205,5Q62R726026,Kristal - Artist Collection -04966A - 2,variable,True,makokoya,,False,True,True,"Homeware > Decor > Carpets\, Mats & Rugs > Carpets & Rugs, Homeware > Decor, Homeware",no_price
26214,5Q62R726026,Kristal - Artist Collection -04966A - 3,variable,True,makokoya,,False,True,True,"Homeware > Decor > Carpets\, Mats & Rugs > Carpets & Rugs, Homeware > Decor, Homeware",no_price
26225,5Q62R726026,Kristal - Artist Collection -10201A - 2,variable,True,makokoya,,False,True,True,"Homeware > Decor > Carpets\, Mats & Rugs > Carpets & Rugs, Homeware > Decor, Homeware",no_price
26236,5Q62R726026,Kristal - Artist Collection -10194A - 2,variable,True,makokoya,,False,True,True,"Homeware, Homeware > Decor, Homeware > Decor > Carpets\, Mats & Rugs > Carpets & Rugs",no_price
26251,iPhone-SE-2020-128GB,iPhone SE 2020 128GB Used,simple,True,unknown,3900,True,True,False,Mobile Tech & Gadgets > Mobile Phones,no_description
26252,iPhone-SE-3-2022,iPhone SE 3 2022 Replacement,simple,True,unknown,4900,True,True,False,Mobile Tech & Gadgets > Mobile Phones,no_description
26253,iPhone-8-256GB,iPhone 8 256GB Refurbished,simple,True,unknown,4150,True,True,False,Mobile Tech & Gadgets > Mobile Phones,no_description
26254,iPhone-8-Plus-64GB,iPhone 8+ 64GB Replacement,simple,True,unknown,4150,True,True,False,Mobile Tech & Gadgets > Mobile Phones,no_description
26255,iPhone-8-Plus-256GB,iPhone 8+ 256GB Refurbished,simple,True,unknown,4900,True,True,False,Mobile Tech & Gadgets > Mobile Phones,no_description
26256,iPhone-XR-64GB,iPhone XR 64GB Replacement,simple,True,unknown,5250,True,True,False,Mobile Tech & Gadgets > Mobile Phones,no_description
26257,iPhone-XR-128GB,iPhone XR 128GB Replacement,simple,True,unknown,5650,True,True,False,Mobile Tech & Gadgets > Mobile Phones,no_description
26258,iPhone-X-64GB,iPhone X 64GB Replacement,simple,True,unknown,4900,True,True,False,Mobile Tech & Gadgets > Mobile Phones,no_description
26259,iPhone-X-256GB,iPhone X 256GB Replacement,simple,True,unknown,5400,True,True,False,Mobile Tech & Gadgets > Mobile Phones,no_description
26260,iPhone-XS-256GB,iPhone XS 256GB,simple,True,unknown,5900,True,True,False,Mobile Tech & Gadgets > Mobile Phones,no_description
26261,iPhone-XS-Max-512GB,iPhone XS Max 512GB,simple,True,unknown,6400,True,True,False,Mobile Tech & Gadgets > Mobile Phones,no_description
26262,iPhone-11-64GB-Used,iPhone 11 64GB Used,simple,True,unknown,6150,True,True,False,Mobile Tech & Gadgets > Mobile Phones,no_description
26263,iPhone-11-64GB-Replacement,iPhone 11 64GB Replacement,simple,True,unknown,6400,True,True,False,Mobile Tech & Gadgets > Mobile Phones,no_description
26264,iPhone-11-128GB-Refurbished,iPhone 11 128GB Refurbished,simple,True,unknown,6400,True,True,False,Mobile Tech & Gadgets > Mobile Phones,no_description
26265,iPhone-11-256GB-Replacement,iPhone 11 256GB Replacement,simple,True,unknown,7150,True,True,False,Mobile Tech & Gadgets > Mobile Phones,no_description
26266,iPhone-11-Pro-64GB-Replacement,iPhone 11 Pro 64GB Replacement,simple,True,unknown,7900,True,True,False,Mobile Tech & Gadgets > Mobile Phones,no_description
26267,iPhone-11-Pro-256GB-Used,iPhone 11 Pro 256GB Used,simple,True,unknown,8900,True,True,False,Mobile Tech & Gadgets > Mobile Phones,no_description
26268,iPhone-11-Pro-Max-64GB-Replacement,iPhone 11 Pro Max 64GB Replacement,simple,True,unknown,8900,True,True,False,Mobile Tech & Gadgets > Mobile Phones,no_description
26269,iPhone-11-Pro-Max-256GB-Replacement,iPhone 11 Pro Max 256GB Replacement,simple,True,unknown,9900,True,True,False,Mobile Tech & Gadgets > Mobile Phones,no_description
26270,iPhone-12-Mini-64GB,iPhone 12 Mini 64GB,simple,True,unknown,5400,True,True,False,Mobile Tech & Gadgets > Mobile Phones,no_description
26271,iPhone-12-Mini-128GB-Replacement,iPhone 12 Mini 128GB Replacement,simple,True,unknown,6400,True,True,False,Mobile Tech & Gadgets > Mobile Phones,no_description
26272,iPhone-12-64GB-Refurbished,iPhone 12 64GB Refurbished,simple,True,unknown,7900,True,True,False,Mobile Tech & Gadgets > Mobile Phones,no_description
26273,iPhone-12-64GB-Replacement,iPhone 12 64GB Replacement,simple,True,unknown,8150,True,True,False,Mobile Tech & Gadgets > Mobile Phones,no_description
26274,iPhone-12-128GB-Replacement,iPhone 12 128GB Replacement,simple,True,unknown,8400,True,True,False,Mobile Tech & Gadgets > Mobile Phones,no_description
26275,iPhone-12-Pro-128GB-Replacement,iPhone 12 Pro 128GB Replacement,simple,True,unknown,10400,True,True,False,Mobile Tech & Gadgets > Mobile Phones,no_description
26276,iPhone-12-Pro-256GB-Replacement,iPhone 12 Pro 256GB Replacement,simple,True,unknown,11400,True,True,False,Mobile Tech & Gadgets > Mobile Phones,no_description
26277,iPhone-12-Pro-Max-128GB-Replacement,iPhone 12 Pro Max 128GB Replacement,simple,True,unknown,11400,True,True,False,Mobile Tech & Gadgets > Mobile Phones,no_description
26278,iPhone-12-Pro-Max-256GB-Replacement,iPhone 12 Pro Max 256GB Replacement,simple,True,unknown,12400,True,True,False,Mobile Tech & Gadgets > Mobile Phones,no_description
26279,iPhone-13-Mini-128GB-Replacement,iPhone 13 Mini 128GB Replacement,simple,True,unknown,9400,True,True,False,Mobile Tech & Gadgets > Mobile Phones,no_description
26280,iPhone-13-128GB-Replacement,iPhone 13 128GB Replacement,simple,True,unknown,10400,True,True,False,Mobile Tech & Gadgets > Mobile Phones,no_description
26281,iPhone-13-256GB-Replacement,iPhone 13 256GB Replacement,simple,True,unknown,11400,True,True,False,Mobile Tech & Gadgets > Mobile Phones,no_description
26282,iPhone-13-Pro-128GB-Replacement,iPhone 13 Pro 128GB Replacement,simple,True,unknown,12900,True,True,False,Mobile Tech & Gadgets > Mobile Phones,no_description
26283,iPhone-13-Pro-256GB-Replacement,iPhone 13 Pro 256GB Replacement,simple,True,unknown,13900,True,True,False,Mobile Tech & Gadgets > Mobile Phones,no_description
26284,iPhone-13-Pro-Max-128GB-Used,iPhone 13 Pro Max 128GB Used,simple,True,unknown,13900,True,True,False,Mobile Tech & Gadgets > Mobile Phones,no_description
26285,iPhone-13-Pro-Max-128GB-Replacement,iPhone 13 Pro Max 128GB Replacement,simple,True,unknown,14400,True,True,False,Mobile Tech & Gadgets > Mobile Phones,no_description
26286,iPhone-13-Pro-Max-256GB-Replacement,iPhone 13 Pro Max 256GB Replacement,simple,True,unknown,15400,True,True,False,Mobile Tech & Gadgets > Mobile Phones,no_description
26287,iPhone-14-128GB-Used,iPhone 14 128GB Used,simple,True,unknown,12400,True,True,False,Mobile Tech & Gadgets > Mobile Phones,no_description
26288,iPhone-14-128GB-Replacement,iPhone 14 128GB Replacement,simple,True,unknown,12900,True,True,False,Mobile Tech & Gadgets > Mobile Phones,no_description
26289,iPhone-14-Plus-128GB-Replacement,iPhone 14 Plus 128GB Replacement,simple,True,unknown,16400,True,True,False,Mobile Tech & Gadgets > Mobile Phones,no_description
26290,iPhone-14-Plus-256GB-Replacement,iPhone 14 Plus 256GB Replacement,simple,True,unknown,17400,True,True,False,Mobile Tech & Gadgets > Mobile Phones,no_description
26291,iPhone-14-Pro-128GB-Replacement,iPhone 14 Pro 128GB Replacement,simple,True,unknown,14900,True,True,False,Mobile Tech & Gadgets > Mobile Phones,no_description
26292,iPhone-14-Pro-256GB-Replacement,iPhone 14 Pro 256GB Replacement,simple,True,unknown,15900,True,True,False,Mobile Tech & Gadgets > Mobile Phones,no_description
26293,iPhone-14-Pro-Max-256GB-Black-DS,iPhone 14 Pro Max 256GB Black Used DS,simple,True,unknown,18400,True,True,False,Mobile Tech & Gadgets > Mobile Phones,no_description
26294,iPhone-14-Pro-Max-256GB-Purple-DS,iPhone 14 Pro Max 256GB Purple Used DS,simple,True,unknown,17900,True,True,False,Mobile Tech & Gadgets > Mobile Phones,no_description
26295,iPhone-15-128GB-Replacement,iPhone 15 128GB Replacement,simple,True,unknown,14400,True,True,False,Mobile Tech & Gadgets > Mobile Phones,no_description
26296,iPhone-15-Plus-128GB-Replacement,iPhone 15 Plus 128GB Replacement,simple,True,unknown,17900,True,True,False,Mobile Tech & Gadgets > Mobile Phones,no_description
26297,iPhone-15-Pro-Max-256GB-Blue,iPhone 15 Pro Max 256GB Blue Used,simple,True,unknown,19900,True,True,False,Mobile Tech & Gadgets > Mobile Phones,no_description
26298,iPhone-15-Pro-256GB-Black-DS,iPhone 15 Pro 256GB Black DS,simple,True,unknown,23900,True,True,False,Mobile Tech & Gadgets > Mobile Phones,no_description
26299,iPhone-16-Pro-128GB-DS,iPhone 16 Pro 128GB DS,simple,True,unknown,24900,True,True,False,Mobile Tech & Gadgets > Mobile Phones,no_description
26300,iPhone-16-Pro-Max-256GB-DS,iPhone 16 Pro Max 256GB DS,simple,True,unknown,28900,True,True,False,Mobile Tech & Gadgets > Mobile Phones,no_description
26301,Apple-Watch-S1-40mm-SS,Apple Watch Series 1 40mm SS,simple,True,unknown,2900,True,True,False,Mobile Tech & Gadgets > Tech & Gadgets,no_description
26302,Apple-Watch-S3-38mm,Apple Watch Series 3 38mm,simple,True,unknown,3150,True,True,False,Mobile Tech & Gadgets > Tech & Gadgets,no_description
26303,Apple-Watch-S3-40mm,Apple Watch Series 3 40mm,simple,True,unknown,3650,True,True,False,Mobile Tech & Gadgets > Tech & Gadgets,no_description
26304,Apple-Watch-S4-40mm,Apple Watch Series 4 40mm,simple,True,unknown,3400,True,True,False,Mobile Tech & Gadgets > Tech & Gadgets,no_description
26305,Apple-Watch-S4-44mm,Apple Watch Series 4 44mm,simple,True,unknown,3900,True,True,False,Mobile Tech & Gadgets > Tech & Gadgets,no_description
26306,Apple-Watch-S8-45mm,Apple Watch Series 8 45mm,simple,True,unknown,5900,True,True,False,Mobile Tech & Gadgets > Tech & Gadgets,no_description
26307,Apple-Watch-S9-41mm,Apple Watch Series 9 41mm,simple,True,unknown,6900,True,True,False,Mobile Tech & Gadgets > Tech & Gadgets,no_description
26308,Apple-Watch-S9-45mm,Apple Watch Series 9 45mm,simple,True,unknown,7900,True,True,False,Mobile Tech & Gadgets > Tech & Gadgets,no_description
26309,Apple - ulta 1 silver,Apple Watch Ultra 1 Silver,simple,True,unknown,11800,True,True,False,Mobile Tech & Gadgets > Tech & Gadgets,no_description
26310,Apple-Watch-Ultra-2-Black,Apple Watch Ultra 2 Black,simple,True,unknown,17900,True,True,False,Mobile Tech & Gadgets > Tech & Gadgets,no_description
26311,Apple-Watch-Ultra-2-Silver,Apple Watch Ultra 2 Silver,simple,True,unknown,16900,True,True,False,Mobile Tech & Gadgets > Tech & Gadgets,no_description
26312,Apple-Pencil-USB-C,Apple Pencil USB-C,simple,True,unknown,1900,True,True,False,Mobile Tech & Gadgets > Tech & Gadgets,no_description
26313,Apple-Pencil-2,Apple Pencil 2,simple,True,unknown,2350,True,True,False,Mobile Tech & Gadgets > Tech & Gadgets,no_description
26314,Apple-Pencil-Pro,Apple Pencil Pro,simple,True,unknown,3250,True,True,False,Mobile Tech & Gadgets > Tech & Gadgets,no_description
26315,Apple-AirTag-4-Pack,Apple AirTag 4 Pack,simple,True,unknown,2400,True,True,False,Mobile Tech & Gadgets > Audio,no_description
26316,Apple-Magic-Keyboard-13-Black,Apple Magic Keyboard Black 13-inch,simple,True,unknown,5900,True,True,False,Mobile Tech & Gadgets > Tech & Gadgets,no_description
26317,Apple-Magic-Keyboard-11-M4,Apple Magic Keyboard 11-inch M4,simple,True,unknown,5400,True,True,False,Mobile Tech & Gadgets > Tech & Gadgets,no_description
26318,AirPods-Max-Silver,AirPods Max Silver,simple,True,unknown,11400,True,True,False,"Mobile Tech & Gadgets > Audio, Mobile Tech & Gadgets > Tech & Gadgets",no_description
26319,AirPods-Pro-2-USB-C,AirPods Pro 2 USB-C,simple,True,unknown,4400,True,True,False,"Mobile Tech & Gadgets > Audio, Mobile Tech & Gadgets > Tech & Gadgets",no_description
26320,AirPods-3,AirPods 3rd Gen,simple,True,unknown,3400,True,True,False,"Mobile Tech & Gadgets > Audio, Mobile Tech & Gadgets > Tech & Gadgets",no_description
26321,Pixel-9-Pro-XL-256GB,Google Pixel 9 Pro XL 256GB Black,simple,True,unknown,25400,True,True,False,Mobile Tech & Gadgets > Mobile Phones,no_description
26322,Pixel-9-Pro-Fold,Google Pixel 9 Pro Fold,simple,True,unknown,33900,True,True,False,Mobile Tech & Gadgets > Mobile Phones,no_description
26323,Vivo-X100-Pro-512GB,Vivo X100 Pro 512GB,simple,True,unknown,16900,True,True,False,Mobile Tech & Gadgets > Mobile Phones,no_description
26324,Samsung-Z-Fold-6-512GB,Samsung Z Fold 6 512GB Silver,simple,True,unknown,30400,True,True,False,Mobile Tech & Gadgets > Mobile Phones,no_description
26332,PS5-Disc-Slim,Playstation 5 Pro - 10255441,simple,True,unknown,21100,True,True,True,Mobile Tech & Gadgets > Tech & Gadgets,
26333,PS5-Digital-Slim,PlayStation 5 Slim Console With Disc Drive (PS5 Slim),simple,True,unknown,11600,True,True,True,Mobile Tech & Gadgets > Tech & Gadgets,
26334,Apple-Watch-S9-41mm-Starlight,Apple Watch Series 9 41mm Starlight,simple,True,unknown,7950,True,True,False,Mobile Tech & Gadgets > Tech & Gadgets,no_description
26335,Apple-Watch-S10-42mm-GPS,Apple Watch Series 10 42mm GPS Jet Black,simple,True,unknown,8650,True,True,False,Mobile Tech & Gadgets > Tech & Gadgets,no_description
26336,Apple-Watch-S10-46mm-GPS,Apple Watch Series 10 46mm GPS Gold,simple,True,unknown,10200,True,True,False,Mobile Tech & Gadgets > Tech & Gadgets,no_description
26337,Samsung-Watch-Ultra-32GB,Samsung Watch Ultra 32GB Titanium Silver,simple,True,unknown,9999,True,True,False,Mobile Tech & Gadgets > Tech & Gadgets,no_description
26338,Smeg-Combo-Black,Smeg Kettle & Toaster Combo Black,simple,True,hirschs,5500,True,True,False,"Homeware > Appliances > Small Appliances > Kettles & Toasters, Kitchen Appliances",no_description
26339,Smeg-Combo-Cream,Smeg Kettle & Toaster Combo Cream,simple,True,hirschs,6300,True,True,False,"Homeware > Appliances > Small Appliances > Kettles & Toasters, Kitchen Appliances",no_description
26340,Smeg-Combo-Grey,Smeg Kettle & Toaster Combo Grey,simple,True,hirschs,5999,True,True,False,"Homeware > Appliances > Small Appliances > Kettles & Toasters, Kitchen Appliances",no_description
26341,Smeg-Combo-Red,Smeg Kettle & Toaster Combo Red,simple,True,hirschs,5999,True,True,False,"Homeware > Appliances > Small Appliances > Kettles & Toasters, Kitchen Appliances",no_description
26342,Smeg-Combo-White,Smeg Kettle & Toaster Combo White,simple,True,hirschs,5500,True,True,False,"Homeware > Appliances > Small Appliances > Kettles & Toasters, Kitchen Appliances",no_description
26502,5Q62R726026,Kristal - Artist Collection - 1O2O2A,variable,True,makokoya,,False,True,True,"Homeware > Decor > Carpets\, Mats & Rugs > Carpets & Rugs, Homeware > Decor, Homeware",no_price
26513,5Q62R726026,Kristal - Artist Collection - 10197A,variable,True,makokoya,,False,True,True,"Homeware, Homeware > Decor, Homeware > Decor > Carpets\, Mats & Rugs > Carpets & Rugs",no_price
26524,5Q62R726026,Kristal - Artist Collection - 10200A,variable,True,makokoya,,False,True,True,"Homeware > Decor > Carpets\, Mats & Rugs > Carpets & Rugs, Homeware > Decor, Homeware",no_price
26639,5Q62R726026,Kristal - Artist Collection - 10200A - 2,variable,True,makokoya,,False,True,True,"Homeware > Decor > Carpets\, Mats & Rugs > Carpets & Rugs, Homeware > Decor, Homeware",no_price
26652,5Q62R726026,Kristal - Artist Collection - 10200A - 3,variable,True,makokoya,,False,True,True,"Homeware > Decor > Carpets\, Mats & Rugs > Carpets & Rugs, Homeware > Decor, Homeware",no_price
26661,5Q62R726026,Kristal - Artist Collection - 10203A,variable,True,makokoya,,False,True,True,"Homeware > Decor > Carpets\, Mats & Rugs > Carpets & Rugs, Homeware > Decor, Homeware",no_price
26674,5Q62R726026,Kristal - Artist Collection - 10204A 2,variable,True,makokoya,,False,True,True,"Homeware > Decor > Carpets\, Mats & Rugs > Carpets & Rugs, Homeware > Decor, Homeware",no_price
26683,W3PC3926683,"LED, LCD, PDP Flat Panel TV Wall Mount",variable,True,unknown,,False,True,True,"Mobile Tech & Gadgets, Mobile Tech & Gadgets > Tv's",no_price
26698,9KEJ5S26698,Sunsynk 5KW Inverter & Battery LFP Wall Mount 5.32KWh 51.2V,simple,True,power_warehouse,44000,True,True,True,"Hardware > Electrical > Loadshedding > Batteries & Power Banks, Hardware > Electrical > Loadshedding > Inverters, Hardware > Electrical > Loadshedding, Hardware > Electrical > Loadshedding > Solar",
26701,D8CWTG26701,Sunsynk Battery LFP Wall Mount 5.32kWh 51.2V,simple,True,power_warehouse,25000,True,True,True,"Hardware > Electrical > Loadshedding > Inverters, Hardware > Electrical > Loadshedding, Hardware > Electrical > Loadshedding > Solar",
26704,D8CWTG26701,Sunsynk 5KW 1Phase Hybrid PV IP65 Inverter 48V C/W Wifi Dongle,simple,True,power_warehouse,18700,True,True,True,"Hardware > Electrical > Loadshedding > Inverters, Hardware > Electrical > Loadshedding, Hardware > Electrical > Loadshedding > Solar",
26710,74IE6426710,Mecer Axpert 5.6K MKS IV 5600VA / 5600W 48V MPPT Inverter (SOL-I-AX-5M4),simple,True,power_warehouse,9850,True,True,True,"Hardware > Electrical > Loadshedding > Inverters, Hardware > Electrical > Loadshedding, Hardware > Electrical > Loadshedding > Solar",
26714,I11ZX726714,Mecer 5KW Pure Sine Wave Inverter With 2400W PWM Controller,simple,True,power_warehouse,6500,True,True,True,"Hardware > Electrical > Loadshedding > Inverters, Hardware > Electrical > Loadshedding, Hardware > Electrical > Loadshedding > Solar",
26721,5Q62R726026,Kristal - Artist Collection - 10200A,variable,True,makokoya,,False,True,True,"Homeware > Decor > Carpets\, Mats & Rugs > Carpets & Rugs, Homeware > Decor, Homeware",no_price
26732,5Q62R726026,Kristal - Artist Collection - 10195A,variable,True,makokoya,,False,True,True,"Homeware > Decor > Carpets\, Mats & Rugs > Carpets & Rugs, Homeware > Decor, Homeware",no_price
26743,5Q62R726026,Kristal - Artist Collection - 04921A,variable,True,makokoya,,False,True,True,"Homeware > Decor > Carpets\, Mats & Rugs > Carpets & Rugs, Homeware > Decor, Homeware",no_price
26754,5Q62R726026,Kristal - Artist Collection - 10195A 2,variable,True,makokoya,,False,True,True,"Homeware > Decor > Carpets\, Mats & Rugs > Carpets & Rugs, Homeware > Decor, Homeware",no_price
26769,5Q62R726026,Kristal - Artist Collection - 10203A,variable,True,makokoya,,False,True,True,"Homeware > Decor > Carpets\, Mats & Rugs > Carpets & Rugs, Homeware > Decor, Homeware",no_price
26780,5Q62R726026,Kristal - Artist Collection - 10198A,variable,True,makokoya,,False,True,True,"Homeware > Decor > Carpets\, Mats & Rugs > Carpets & Rugs, Homeware > Decor, Homeware",no_price
26789,5Q62R726026,Kristal - Artist Collection - 04921A - 2,variable,True,makokoya,,False,True,True,"Homeware > Decor > Carpets\, Mats & Rugs > Carpets & Rugs, Homeware > Decor, Homeware",no_price
26802,5Q62R726026,Kristal - Artist Collection -10195A,variable,True,makokoya,,False,True,True,"Homeware > Decor > Carpets\, Mats & Rugs > Carpets & Rugs, Homeware > Decor, Homeware",no_price
26821,5Q62R726026,Kristal - Artist Collection -04866A,variable,True,makokoya,,False,True,True,"Homeware > Decor > Carpets\, Mats & Rugs > Carpets & Rugs, Homeware > Decor, Homeware",no_price
26840,5Q62R726026,Kristal - Artist Collection -10201A,variable,True,makokoya,,False,True,True,"Homeware > Decor > Carpets\, Mats & Rugs > Carpets & Rugs, Homeware > Decor, Homeware",no_price
26849,5Q62R726026,Kristal - Artist Collection -04955A,variable,True,makokoya,,False,True,True,"Homeware > Decor > Carpets\, Mats & Rugs > Carpets & Rugs, Homeware > Decor, Homeware",no_price
26858,5Q62R726026,Kristal - Artist Collection -10205A,variable,True,makokoya,,False,True,True,"Homeware > Decor > Carpets\, Mats & Rugs > Carpets & Rugs, Homeware > Decor, Homeware",no_price
26867,5Q62R726026,Kristal - Artist Collection -10204A,variable,True,makokoya,,False,True,True,"Homeware > Decor > Carpets\, Mats & Rugs > Carpets & Rugs, Homeware > Decor, Homeware",no_price
26875,5Q62R726026,Kristal - Artist Collection -10198A,variable,True,makokoya,,False,True,True,"Homeware > Decor > Carpets\, Mats & Rugs > Carpets & Rugs, Homeware > Decor, Homeware",no_price
26887,5Q62R726026,Kristal - Artist Collection -10197A,variable,True,makokoya,,False,True,True,"Homeware > Decor > Carpets\, Mats & Rugs > Carpets & Rugs, Homeware > Decor, Homeware",no_price
26898,5Q62R726026,Kristal - Artist Collection -04955A 2,variable,True,makokoya,,False,True,True,"Homeware > Decor > Carpets\, Mats & Rugs > Carpets & Rugs, Homeware > Decor, Homeware",no_price
26919,5Q62R726026,Kristal - Artist Collection -04868A,variable,True,makokoya,,False,True,True,"Homeware > Decor > Carpets\, Mats & Rugs > Carpets & Rugs, Homeware > Decor, Homeware",no_price
26928,5Q62R726026,Kristal - Artist Collection -04965A,variable,True,makokoya,,False,True,True,"Homeware > Decor > Carpets\, Mats & Rugs > Carpets & Rugs, Homeware > Decor, Homeware",no_price
26937,5Q62R726026,Kristal - Artist Collection -04965A,variable,True,makokoya,,False,True,True,"Homeware > Decor > Carpets\, Mats & Rugs > Carpets & Rugs, Homeware > Decor, Homeware",no_price
26946,5Q62R726026,Kristal - Artist Collection -10198A,variable,True,makokoya,,False,True,True,"Homeware > Decor > Carpets\, Mats & Rugs > Carpets & Rugs, Homeware > Decor, Homeware",no_price
26971,9J3PCP26971,Kristal Rainbow Collections - 28130A,variable,True,makokoya,,False,True,True,"Homeware > Decor > Carpets\, Mats & Rugs > Carpets & Rugs, Homeware > Decor, Homeware",no_price
26984,9J3PCP26971,Kristal Rainbow Collections - 22404A,variable,True,makokoya,,False,True,True,"Homeware > Decor > Carpets\, Mats & Rugs > Carpets & Rugs, Homeware > Decor, Homeware",no_price
26995,9J3PCP26971,Kristal Rainbow Collections - 25016A,variable,True,makokoya,,False,True,True,"Homeware > Decor > Carpets\, Mats & Rugs > Carpets & Rugs, Homeware > Decor, Homeware",no_price
27016,9J3PCP26971,Kristal Rainbow Collections - 25030A,variable,True,makokoya,,False,True,True,"Homeware > Decor > Carpets\, Mats & Rugs > Carpets & Rugs, Homeware > Decor, Homeware",no_price
27025,9J3PCP26971,Kristal Rainbow Collections - 28092A,variable,True,makokoya,,False,True,True,"Homeware > Decor > Carpets\, Mats & Rugs > Carpets & Rugs, Homeware > Decor, Homeware",no_price
27034,9J3PCP26971,Kristal Rainbow Collections - 30086A,variable,True,makokoya,,False,True,True,"Homeware > Decor > Carpets\, Mats & Rugs > Carpets & Rugs, Homeware > Decor, Homeware",no_price
27043,9J3PCP26971,Kristal Rainbow Collections -30123A,variable,True,makokoya,,False,True,True,"Homeware > Decor > Carpets\, Mats & Rugs > Carpets & Rugs, Homeware > Decor, Homeware",no_price
27052,9J3PCP26971,Kristal Rainbow Collections -31753A,variable,True,makokoya,,False,True,True,"Homeware > Decor > Carpets\, Mats & Rugs > Carpets & Rugs, Homeware > Decor, Homeware",no_price
27061,9J3PCP26971,Kristal Rainbow Collections -25069B,variable,True,makokoya,,False,True,True,"Homeware > Decor > Carpets\, Mats & Rugs > Carpets & Rugs, Homeware > Decor, Homeware",no_price
27085,9J3PCP26971,Kristal Rainbow Collections -29883A,variable,True,makokoya,,False,True,True,"Homeware > Decor > Carpets\, Mats & Rugs > Carpets & Rugs, Homeware > Decor, Homeware",no_price
27095,9J3PCP26971,Kristal Rainbow Collections -30111A,variable,True,makokoya,,False,True,True,"Homeware > Decor > Carpets\, Mats & Rugs > Carpets & Rugs, Homeware > Decor, Homeware",no_price
27104,9J3PCP26971,Kristal Rainbow Collections -32540A,variable,True,makokoya,,False,True,True,"Homeware > Decor > Carpets\, Mats & Rugs > Carpets & Rugs, Homeware > Decor, Homeware",no_price
27113,9J3PCP26971,Kristal Rainbow Collections -25921A,variable,True,makokoya,,False,True,True,"Homeware > Decor > Carpets\, Mats & Rugs > Carpets & Rugs, Homeware > Decor, Homeware",no_price
27122,9J3PCP26971,Kristal Rainbow Collections -27430A,variable,True,makokoya,,False,True,True,"Homeware > Decor > Carpets\, Mats & Rugs > Carpets & Rugs, Homeware > Decor, Homeware",no_price
27132,9J3PCP26971,Kristal Rainbow Collections -27922B,variable,True,makokoya,,False,True,True,"Homeware > Decor > Carpets\, Mats & Rugs > Carpets & Rugs, Homeware > Decor, Homeware",no_price
27141,9J3PCP26971,Kristal Rainbow Collections -30084A,variable,True,makokoya,,False,True,True,"Homeware > Decor > Carpets\, Mats & Rugs > Carpets & Rugs, Homeware > Decor, Homeware",no_price
27150,9J3PCP26971,Kristal Rainbow Collections 25536A,variable,True,makokoya,,False,True,True,"Homeware > Decor > Carpets\, Mats & Rugs > Carpets & Rugs, Homeware > Decor, Homeware",no_price
27161,HG3Y8P27161,Kristal Opera Collection - 05985B,simple,True,makokoya,2699,True,True,True,"Homeware > Decor > Carpets\, Mats & Rugs > Carpets & Rugs, Homeware > Decor, Homeware",
27167,HG3Y8P27161,Kristal Opera Collection - 05986A,simple,True,makokoya,2699,True,True,True,"Homeware > Decor > Carpets\, Mats & Rugs > Carpets & Rugs, Homeware > Decor, Homeware",
27185,HG3Y8P27161,Kristal Opera Collection - 05986Z,simple,True,makokoya,2699,True,True,True,"Homeware > Decor > Carpets\, Mats & Rugs > Carpets & Rugs, Homeware > Decor, Homeware",
27187,HG3Y8P27161,Kristal Opera Collection - 0Z183B,simple,True,makokoya,2699,True,True,True,"Homeware > Decor > Carpets\, Mats & Rugs > Carpets & Rugs, Homeware > Decor, Homeware",
27189,HG3Y8P27161,Kristal Opera Collection - 0Z182A,simple,True,makokoya,2699,True,True,True,"Homeware > Decor > Carpets\, Mats & Rugs > Carpets & Rugs, Homeware > Decor, Homeware",
27191,HG3Y8P27161,Kristal Opera Collection - 0Z184B,simple,True,makokoya,2699,True,True,True,"Homeware > Decor > Carpets\, Mats & Rugs > Carpets & Rugs, Homeware > Decor, Homeware",
27193,HG3Y8P27161,Kristal Opera Collection - 09204A,simple,True,makokoya,2699,True,True,True,"Homeware > Decor > Carpets\, Mats & Rugs > Carpets & Rugs, Homeware > Decor, Homeware",
27195,HG3Y8P27161,Kristal Opera Collection - 05981A,simple,True,makokoya,2699,True,True,True,"Homeware > Decor > Carpets\, Mats & Rugs > Carpets & Rugs, Homeware > Decor, Homeware",
27197,HG3Y8P27161,Kristal Opera Collection - 0D069A,simple,True,makokoya,2699,True,True,True,"Homeware > Decor > Carpets\, Mats & Rugs > Carpets & Rugs, Homeware > Decor, Homeware",
27200,54W73427200,Kristal Twister Collection - 9609A,simple,True,makokoya,2699,True,True,True,"Homeware > Decor > Carpets\, Mats & Rugs > Carpets & Rugs, Homeware > Decor, Homeware",
27221,54W73427200,Kristal Twister Collection - 9604D,simple,True,makokoya,2699,True,True,True,"Homeware > Decor > Carpets\, Mats & Rugs > Carpets & Rugs, Homeware > Decor, Homeware",
27223,54W73427200,Kristal Twister Collection - 9614F,simple,True,makokoya,2699,True,True,True,"Homeware > Decor > Carpets\, Mats & Rugs > Carpets & Rugs, Homeware > Decor, Homeware",
27225,54W73427200,Kristal Twister Collection - 9275B,simple,True,makokoya,2699,True,True,True,"Homeware > Decor > Carpets\, Mats & Rugs > Carpets & Rugs, Homeware > Decor, Homeware",
27227,54W73427200,Kristal Twister Collection - 9615I,simple,True,makokoya,2699,True,True,True,"Homeware > Decor > Carpets\, Mats & Rugs > Carpets & Rugs, Homeware > Decor, Homeware",
27229,54W73427200,Kristal Twister Collection - 9634A,simple,True,makokoya,2699,True,True,True,"Homeware > Decor > Carpets\, Mats & Rugs > Carpets & Rugs, Homeware > Decor, Homeware",
27231,54W73427200,Kristal Twister Collection - 9282B,simple,True,makokoya,2699,True,True,True,"Homeware > Decor > Carpets\, Mats & Rugs > Carpets & Rugs, Homeware > Decor, Homeware",
27233,54W73427200,Kristal Twister Collection - 9284A,simple,True,makokoya,2699,True,True,True,"Homeware > Decor > Carpets\, Mats & Rugs > Carpets & Rugs, Homeware > Decor, Homeware",
27235,54W73427200,Kristal Twister Collection - 9603B,simple,True,makokoya,2699,True,True,True,"Homeware > Decor > Carpets\, Mats & Rugs > Carpets & Rugs, Homeware > Decor, Homeware",
27238,4SH2W627238,Kristal Classic Collections - 04864B,variable,True,makokoya,,False,True,True,"Homeware > Decor > Carpets\, Mats & Rugs > Carpets & Rugs, Homeware > Decor, Homeware",no_price
27250,4SH2W627238,Kristal Classic Collections - 04864B,variable,True,makokoya,,False,True,True,"Homeware > Decor > Carpets\, Mats & Rugs > Carpets & Rugs, Homeware > Decor, Homeware",no_price
27259,4SH2W627238,Kristal Classic Collections - 05341D,variable,True,makokoya,,False,True,True,"Homeware > Decor > Carpets\, Mats & Rugs > Carpets & Rugs, Homeware > Decor, Homeware",no_price
27297,4SH2W627238,Kristal Classic Collections - 01055F,variable,True,makokoya,,False,True,True,"Homeware > Decor > Carpets\, Mats & Rugs > Carpets & Rugs, Homeware > Decor, Homeware",no_price
27307,4SH2W627238,Kristal Classic Collections -04735B,variable,True,makokoya,,False,True,True,"Homeware > Decor > Carpets\, Mats & Rugs > Carpets & Rugs, Homeware > Decor, Homeware",no_price
27317,4SH2W627238,Kristal Classic Collections -04545B,variable,True,makokoya,,False,True,True,"Homeware > Decor > Carpets\, Mats & Rugs > Carpets & Rugs, Homeware > Decor, Homeware",no_price
27330,4SH2W627238,Kristal Classic Collections -04703C,variable,True,makokoya,,False,True,True,"Homeware > Decor > Carpets\, Mats & Rugs > Carpets & Rugs, Homeware > Decor, Homeware",no_price
27340,4SH2W627238,Kristal Classic Collections -04735B,variable,True,makokoya,,False,True,True,"Homeware > Decor > Carpets\, Mats & Rugs > Carpets & Rugs, Homeware > Decor, Homeware",no_price
27350,4SH2W627238,Kristal Classic Collections -04736C,variable,True,makokoya,,False,True,True,"Homeware > Decor > Carpets\, Mats & Rugs > Carpets & Rugs, Homeware > Decor, Homeware",no_price
27360,4SH2W627238,Kristal Classic Collections -04545B,variable,True,makokoya,,False,True,True,"Homeware > Decor > Carpets\, Mats & Rugs > Carpets & Rugs, Homeware > Decor, Homeware",no_price
27370,4SH2W627238,Kristal Classic Collections -04735B,variable,True,makokoya,,False,True,True,"Homeware > Decor > Carpets\, Mats & Rugs > Carpets & Rugs, Homeware > Decor, Homeware",no_price
27380,4SH2W627238,Kristal Classic Collections -09610F,variable,True,makokoya,,False,True,True,"Homeware > Decor > Carpets\, Mats & Rugs > Carpets & Rugs, Homeware > Decor, Homeware",no_price
27390,4SH2W627238,Kristal Classic Collections -05341D,variable,True,makokoya,,False,True,True,"Homeware > Decor > Carpets\, Mats & Rugs > Carpets & Rugs, Homeware > Decor, Homeware",no_price
27400,4SH2W627238,Kristal Classic Collections -04703C,variable,True,makokoya,,False,True,True,"Homeware > Decor > Carpets\, Mats & Rugs > Carpets & Rugs, Homeware > Decor, Homeware",no_price
27410,4SH2W627238,Kristal Classic Collections -04735B,variable,True,makokoya,,False,True,True,"Homeware > Decor > Carpets\, Mats & Rugs > Carpets & Rugs, Homeware > Decor, Homeware",no_price
27420,4SH2W627238,Kristal Classic Collections -04736C,variable,True,makokoya,,False,True,True,"Homeware > Decor > Carpets\, Mats & Rugs > Carpets & Rugs, Homeware > Decor, Homeware",no_price
27430,C342CX27430,Kristal Trend Collection - 04364A,variable,True,makokoya,,False,True,True,"Homeware > Decor > Carpets\, Mats & Rugs > Carpets & Rugs, Homeware > Decor, Homeware",no_price
27440,C342CX27430,Kristal Trend Collection - 04406J,variable,True,makokoya,,False,True,True,"Homeware > Decor > Carpets\, Mats & Rugs > Carpets & Rugs, Homeware > Decor, Homeware",no_price
27482,C342CX27430,Kristal Trend Collection - 04364A,variable,True,makokoya,,False,True,True,"Homeware > Decor > Carpets\, Mats & Rugs > Carpets & Rugs, Homeware > Decor, Homeware",no_price
27488,C342CX27430,Kristal Trend Collection - 04393A,variable,True,makokoya,,False,True,True,"Homeware > Decor > Carpets\, Mats & Rugs > Carpets & Rugs, Homeware > Decor, Homeware",no_price
27494,C342CX27430,Kristal Trend Collection - 004389A,variable,True,makokoya,,False,True,True,"Homeware > Decor > Carpets\, Mats & Rugs > Carpets & Rugs, Homeware > Decor, Homeware",no_price
27500,C342CX27430,Kristal Trend Collection - 04389A,variable,True,makokoya,,False,True,True,"Homeware > Decor > Carpets\, Mats & Rugs > Carpets & Rugs, Homeware > Decor, Homeware",no_price
27506,C342CX27430,Kristal Trend Collection - 04406J,variable,True,makokoya,,False,True,True,"Homeware > Decor > Carpets\, Mats & Rugs > Carpets & Rugs, Homeware > Decor, Homeware",no_price
27513,C342CX27430,Kristal Trend Collection - 04389A,variable,True,makokoya,,False,True,True,"Homeware > Decor > Carpets\, Mats & Rugs > Carpets & Rugs, Homeware > Decor, Homeware",no_price
27519,C342CX27430,Kristal Trend Collection - 04395A,variable,True,makokoya,,False,True,True,"Homeware > Decor > Carpets\, Mats & Rugs > Carpets & Rugs, Homeware > Decor, Homeware",no_price
27525,C342CX27430,Kristal Trend Collection - 04363A,variable,True,makokoya,,False,True,True,"Homeware > Decor > Carpets\, Mats & Rugs > Carpets & Rugs, Homeware > Decor, Homeware",no_price
27531,C342CX27430,Kristal Trend Collection - 04389A,variable,True,makokoya,,False,True,True,"Homeware > Decor > Carpets\, Mats & Rugs > Carpets & Rugs, Homeware > Decor, Homeware",no_price
27537,C342CX27430,Kristal Trend Collection - 04390A,variable,True,makokoya,,False,True,True,"Homeware > Decor > Carpets\, Mats & Rugs > Carpets & Rugs, Homeware > Decor, Homeware",no_price
27543,C342CX27430,Kristal Trend Collection - 04363A,variable,True,makokoya,,False,True,True,"Homeware > Decor > Carpets\, Mats & Rugs > Carpets & Rugs, Homeware > Decor, Homeware",no_price
27549,C342CX27430,Kristal Trend Collection - 04390A,variable,True,makokoya,,False,True,True,"Homeware > Decor > Carpets\, Mats & Rugs > Carpets & Rugs, Homeware > Decor, Homeware",no_price
27555,C342CX27430,Kristal Trend Collection - 04389A,variable,True,makokoya,,False,True,True,"Homeware > Decor > Carpets\, Mats & Rugs > Carpets & Rugs, Homeware > Decor, Homeware",no_price
27561,C342CX27430,Kristal Trend Collection - 04406J,variable,True,makokoya,,False,True,True,"Homeware > Decor > Carpets\, Mats & Rugs > Carpets & Rugs, Homeware > Decor, Homeware",no_price
27567,C342CX27430,Kristal Trend Collection - 04363A,variable,True,makokoya,,False,True,True,"Homeware > Decor > Carpets\, Mats & Rugs > Carpets & Rugs, Homeware > Decor, Homeware",no_price
27573,C342CX27430,Kristal Trend Collection - 04393A,variable,True,makokoya,,False,True,True,"Homeware > Decor > Carpets\, Mats & Rugs > Carpets & Rugs, Homeware > Decor, Homeware",no_price
27579,9Y1RC427579,Kristal HalHal Collections - 0063A,simple,True,makokoya,999,True,True,True,"Homeware > Decor > Carpets\, Mats & Rugs > Carpets & Rugs, Homeware > Decor, Homeware",
27597,9Y1RC427579,Kristal HalHal Collections - 0063A-2,simple,True,makokoya,999,True,True,True,"Homeware > Decor > Carpets\, Mats & Rugs > Carpets & Rugs, Homeware > Decor, Homeware",
27599,9Y1RC427579,Kristal HalHal Collections - 0063U,simple,True,makokoya,999,True,True,True,"Homeware > Decor > Carpets\, Mats & Rugs > Carpets & Rugs, Homeware > Decor, Homeware",
27601,9Y1RC427579,Kristal HalHal Collections - 0063U 2,simple,True,makokoya,999,True,True,True,"Homeware > Decor > Carpets\, Mats & Rugs > Carpets & Rugs, Homeware > Decor, Homeware",
27603,9Y1RC427579,Kristal HalHal Collections - 0063U 3,simple,True,makokoya,999,True,True,True,"Homeware > Decor > Carpets\, Mats & Rugs > Carpets & Rugs, Homeware > Decor, Homeware",
27605,9Y1RC427579,Kristal HalHal Collections - 0063U 4,simple,True,makokoya,999,True,True,True,"Homeware > Decor > Carpets\, Mats & Rugs > Carpets & Rugs, Homeware > Decor, Homeware",
27607,9Y1RC427579,Kristal HalHal Collections - 0063U 5,simple,True,makokoya,999,True,True,True,"Homeware > Decor > Carpets\, Mats & Rugs > Carpets & Rugs, Homeware > Decor, Homeware",
27609,9Y1RC427579,Kristal HalHal Collections - 0063U 6,simple,True,makokoya,999,True,True,True,"Homeware > Decor > Carpets\, Mats & Rugs > Carpets & Rugs, Homeware > Decor, Homeware",
27611,D81I9727611,Kristal Shiraz Collections - 1619A,simple,True,makokoya,1950,True,True,True,"Homeware > Decor > Carpets\, Mats & Rugs > Carpets & Rugs, Homeware > Decor, Homeware",
27625,D81I9727611,Kristal Shiraz Collections - 2162A - 2,simple,True,makokoya,1950,True,True,True,"Homeware > Decor > Carpets\, Mats & Rugs > Carpets & Rugs, Homeware > Decor, Homeware",
27627,D81I9727611,Kristal Shiraz Collections -1836A,simple,True,makokoya,1950,True,True,True,"Homeware > Decor > Carpets\, Mats & Rugs > Carpets & Rugs, Homeware > Decor, Homeware",
27629,D81I9727611,Kristal Shiraz Collections -3323A,simple,True,makokoya,1950,True,True,True,"Homeware > Decor > Carpets\, Mats & Rugs > Carpets & Rugs, Homeware > Decor, Homeware",
27631,D81I9727611,Kristal Shiraz Collections -1836A,simple,True,makokoya,1950,True,True,True,"Homeware > Decor > Carpets\, Mats & Rugs > Carpets & Rugs, Homeware > Decor, Homeware",
27633,D81I9727611,Kristal Shiraz Collections -3323A,simple,True,makokoya,1950,True,True,True,"Homeware > Decor > Carpets\, Mats & Rugs > Carpets & Rugs, Homeware > Decor, Homeware",
27637,97IUJX27637,Kristal Moyo Collections - M1,variable,True,makokoya,,False,True,True,"Homeware > Decor > Carpets\, Mats & Rugs > Carpets & Rugs, Homeware > Decor, Homeware",no_price
27691,97IUJX27637,Kristal Moyo Collections - M2,variable,True,makokoya,,False,True,True,"Homeware > Decor > Carpets\, Mats & Rugs > Carpets & Rugs, Homeware > Decor, Homeware",no_price
27703,97IUJX27637,Kristal Moyo Collections - M3,variable,True,makokoya,,False,True,True,"Homeware > Decor > Carpets\, Mats & Rugs > Carpets & Rugs, Homeware > Decor, Homeware",no_price
27715,97IUJX27637,Kristal Moyo Collections - M4,variable,True,makokoya,,False,True,True,"Homeware > Decor > Carpets\, Mats & Rugs > Carpets & Rugs, Homeware > Decor, Homeware",no_price
27727,97IUJX27637,Kristal Moyo Collections - M5,variable,True,makokoya,,False,True,True,"Homeware > Decor > Carpets\, Mats & Rugs > Carpets & Rugs, Homeware > Decor, Homeware",no_price
27739,97IUJX27637,Kristal Moyo Collections - M6,variable,True,makokoya,,False,True,True,"Homeware > Decor > Carpets\, Mats & Rugs > Carpets & Rugs, Homeware > Decor, Homeware",no_price
27751,97IUJX27637,Kristal Moyo Collections - M7,variable,True,makokoya,,False,True,True,"Homeware > Decor > Carpets\, Mats & Rugs > Carpets & Rugs, Homeware > Decor, Homeware",no_price
27764,97IUJX27637,Kristal Moyo Collections - M8,variable,True,makokoya,,False,True,True,"Homeware > Decor > Carpets\, Mats & Rugs > Carpets & Rugs, Homeware > Decor, Homeware",no_price
27776,97IUJX27637,Kristal Moyo Collections - M9,variable,True,makokoya,,False,True,True,"Homeware > Decor > Carpets\, Mats & Rugs > Carpets & Rugs, Homeware > Decor, Homeware",no_price
27788,97IUJX27637,Kristal Moyo Collections - M10,variable,True,makokoya,,False,True,True,"Homeware > Decor > Carpets\, Mats & Rugs > Carpets & Rugs, Homeware > Decor, Homeware",no_price
27800,97IUJX27637,Kristal Moyo Collections - M11,variable,True,makokoya,,False,True,True,"Homeware > Decor > Carpets\, Mats & Rugs > Carpets & Rugs, Homeware > Decor, Homeware",no_price
27812,97IUJX27637,Kristal Moyo Collections - M12,variable,True,makokoya,,False,True,True,"Homeware > Decor > Carpets\, Mats & Rugs > Carpets & Rugs, Homeware > Decor, Homeware",no_price
27824,97IUJX27637,Kristal Moyo Collections - M13,variable,True,makokoya,,False,True,True,"Homeware > Decor > Carpets\, Mats & Rugs > Carpets & Rugs, Homeware > Decor, Homeware",no_price
27836,97IUJX27637,Kristal Moyo Collections - M14,variable,True,makokoya,,False,True,True,"Homeware > Decor > Carpets\, Mats & Rugs > Carpets & Rugs, Homeware > Decor, Homeware",no_price
27848,97IUJX27637,Kristal Moyo Collections - M15,variable,True,makokoya,,False,True,True,"Homeware > Decor > Carpets\, Mats & Rugs > Carpets & Rugs, Homeware > Decor, Homeware",no_price
27860,97IUJX27637,Kristal Moyo Collections - M16,variable,True,makokoya,,False,True,True,"Homeware > Decor > Carpets\, Mats & Rugs > Carpets & Rugs, Homeware > Decor, Homeware",no_price
27872,97IUJX27637,Kristal Moyo Collections - M17,variable,True,makokoya,,False,True,True,"Homeware > Decor > Carpets\, Mats & Rugs > Carpets & Rugs, Homeware > Decor, Homeware",no_price
27884,97IUJX27637,Kristal Moyo Collections - M18,variable,True,makokoya,,False,True,True,"Homeware > Decor > Carpets\, Mats & Rugs > Carpets & Rugs, Homeware > Decor, Homeware",no_price
27896,97IUJX27637,Kristal Moyo Collections - M19,variable,True,makokoya,,False,True,True,"Homeware > Decor > Carpets\, Mats & Rugs > Carpets & Rugs, Homeware > Decor, Homeware",no_price
27908,97IUJX27637,Kristal Moyo Collections - M20,variable,True,makokoya,,False,True,True,"Homeware > Decor > Carpets\, Mats & Rugs > Carpets & Rugs, Homeware > Decor, Homeware",no_price
27947,3GPG4K27947,Kristal Merry Collection - MR259,variable,True,makokoya,,False,True,True,"Homeware > Decor > Carpets\, Mats & Rugs > Carpets & Rugs, Homeware > Decor, Homeware",no_price
27976,3GPG4K27947,Kristal Merry Collection - MR276,variable,True,makokoya,,False,True,True,"Homeware > Decor > Carpets\, Mats & Rugs > Carpets & Rugs, Homeware > Decor, Homeware",no_price
27984,3GPG4K27947,Kristal Merry Collection - MR283,variable,True,makokoya,,False,True,True,"Homeware > Decor > Carpets\, Mats & Rugs > Carpets & Rugs, Homeware > Decor, Homeware",no_price
27992,3GPG4K27947,Kristal Merry Collection - MR249,variable,True,makokoya,,False,True,True,"Homeware > Decor > Carpets\, Mats & Rugs > Carpets & Rugs, Homeware > Decor, Homeware",no_price
28000,3GPG4K27947,Kristal Merry Collection -MR273,variable,True,makokoya,,False,True,True,"Homeware > Decor > Carpets\, Mats & Rugs > Carpets & Rugs, Homeware > Decor, Homeware",no_price
28008,3GPG4K27947,Kristal Merry Collection -MR269,variable,True,makokoya,,False,True,True,"Homeware > Decor > Carpets\, Mats & Rugs > Carpets & Rugs, Homeware > Decor, Homeware",no_price
28016,3GPG4K27947,Kristal Merry Collection -MR283,variable,True,makokoya,,False,True,True,"Homeware > Decor > Carpets\, Mats & Rugs > Carpets & Rugs, Homeware > Decor, Homeware",no_price
28024,3GPG4K27947,Kristal Merry Collection -MR249,variable,True,makokoya,,False,True,True,"Homeware > Decor > Carpets\, Mats & Rugs > Carpets & Rugs, Homeware > Decor, Homeware",no_price
28033,3GPG4K27947,Kristal Merry Collection -MR267,variable,True,makokoya,,False,True,True,"Homeware > Decor > Carpets\, Mats & Rugs > Carpets & Rugs, Homeware > Decor, Homeware",no_price
28042,8GCY7W28042,Kristal Ikon Collection - 05227D,variable,False,makokoya,,False,True,True,"Homeware > Decor > Carpets\, Mats & Rugs > Carpets & Rugs, Homeware > Decor, Homeware",no_price
28084,8GCY7W28042,Kristal Ikon Collection - 05423D,variable,False,makokoya,,False,True,True,"Homeware > Decor > Carpets\, Mats & Rugs > Carpets & Rugs, Homeware > Decor, Homeware",no_price
28095,8GCY7W28042,Kristal Ikon Collection - 05423B,variable,False,makokoya,,False,True,True,"Homeware > Decor > Carpets\, Mats & Rugs > Carpets & Rugs, Homeware > Decor, Homeware",no_price
28106,8GCY7W28042,Kristal Ikon Collection - 05227A,variable,False,makokoya,,False,True,True,"Homeware > Decor > Carpets\, Mats & Rugs > Carpets & Rugs, Homeware > Decor, Homeware",no_price
28117,8GCY7W28042,Kristal Ikon Collection -05278D,variable,False,makokoya,,False,True,True,"Homeware > Decor > Carpets\, Mats & Rugs > Carpets & Rugs, Homeware > Decor, Homeware",no_price
28128,8GCY7W28042,Kristal Ikon Collection -05423B,variable,False,makokoya,,False,True,True,"Homeware > Decor > Carpets\, Mats & Rugs > Carpets & Rugs, Homeware > Decor, Homeware",no_price
28139,8GCY7W28042,Kristal Ikon Collection -05231D,variable,False,makokoya,,False,True,True,"Homeware > Decor > Carpets\, Mats & Rugs > Carpets & Rugs, Homeware > Decor, Homeware",no_price
28150,8GCY7W28042,Kristal Ikon Collection -05227A,variable,False,makokoya,,False,True,True,"Homeware > Decor > Carpets\, Mats & Rugs > Carpets & Rugs, Homeware > Decor, Homeware",no_price
28161,8GCY7W28042,Kristal Ikon Collection -05244D,variable,False,makokoya,,False,True,True,"Homeware > Decor > Carpets\, Mats & Rugs > Carpets & Rugs, Homeware > Decor, Homeware",no_price
28172,8GCY7W28042,Kristal Ikon Collection -05219D,variable,False,makokoya,,False,True,True,"Homeware > Decor > Carpets\, Mats & Rugs > Carpets & Rugs, Homeware > Decor, Homeware",no_price
28183,8GCY7W28042,Kristal Ikon Collection -05264A,variable,False,makokoya,,False,True,True,"Homeware > Decor > Carpets\, Mats & Rugs > Carpets & Rugs, Homeware > Decor, Homeware",no_price
28194,8GCY7W28042,Kristal Ikon Collection -05268A,variable,False,makokoya,,False,True,True,"Homeware > Decor > Carpets\, Mats & Rugs > Carpets & Rugs, Homeware > Decor, Homeware",no_price
28205,8GCY7W28042,Kristal Ikon Collection -04938B,variable,False,makokoya,,False,True,True,"Homeware > Decor > Carpets\, Mats & Rugs > Carpets & Rugs, Homeware > Decor, Homeware",no_price
28217,8GCY7W28042,Kristal Ikon Collection -05417D,variable,False,makokoya,,False,True,True,"Homeware > Decor > Carpets\, Mats & Rugs > Carpets & Rugs, Homeware > Decor, Homeware",no_price
28228,8GCY7W28042,Kristal Ikon Collection -05219D,variable,False,makokoya,,False,True,True,"Homeware > Decor > Carpets\, Mats & Rugs > Carpets & Rugs, Homeware > Decor, Homeware",no_price
28240,EP14R428240,Kristal Favori Collection - 31901A,variable,False,makokoya,,False,True,True,"Homeware > Decor > Carpets\, Mats & Rugs > Carpets & Rugs, Homeware > Decor, Homeware",no_price
28257,EP14R428240,Kristal Favori Collection - 32346A,variable,False,makokoya,,False,True,True,"Homeware > Decor > Carpets\, Mats & Rugs > Carpets & Rugs, Homeware > Decor, Homeware",no_price
28266,EP14R428240,Kristal Favori Collection - 32543A,variable,False,makokoya,,False,True,True,"Homeware > Decor > Carpets\, Mats & Rugs > Carpets & Rugs, Homeware > Decor, Homeware",no_price
28274,EP14R428240,Kristal Favori Collection - 32310B,variable,False,makokoya,,False,True,True,"Homeware > Decor > Carpets\, Mats & Rugs > Carpets & Rugs, Homeware > Decor, Homeware",no_price
28282,EP14R428240,Kristal Favori Collection - 31879A,variable,False,makokoya,,False,True,True,"Homeware > Decor > Carpets\, Mats & Rugs > Carpets & Rugs, Homeware > Decor, Homeware",no_price
28298,65V2X328298,Kristal Elite Collection - 38687A,variable,False,makokoya,,False,True,True,"Homeware > Decor > Carpets\, Mats & Rugs > Carpets & Rugs, Homeware > Decor, Homeware",no_price
28328,65V2X328298,Kristal Elite Collection - 38687,variable,False,makokoya,,False,True,True,"Homeware > Decor > Carpets\, Mats & Rugs > Carpets & Rugs, Homeware > Decor, Homeware",no_price
28338,65V2X328298,Kristal Elite Collection - 38687,variable,False,makokoya,,False,True,True,"Homeware > Decor > Carpets\, Mats & Rugs > Carpets & Rugs, Homeware > Decor, Homeware",no_price
28348,65V2X328298,Kristal Elite Collection - 39670,variable,False,makokoya,,False,True,True,"Homeware > Decor > Carpets\, Mats & Rugs > Carpets & Rugs, Homeware > Decor, Homeware",no_price
28358,65V2X328298,Kristal Elite Collection - 39670,variable,False,makokoya,,False,True,True,"Homeware > Decor > Carpets\, Mats & Rugs > Carpets & Rugs, Homeware > Decor, Homeware",no_price
28369,65V2X328298,Kristal Elite Collection - 39678,variable,False,makokoya,,False,True,True,"Homeware > Decor > Carpets\, Mats & Rugs > Carpets & Rugs, Homeware > Decor, Homeware",no_price
28380,65V2X328298,Kristal Elite Collection - 39678,variable,False,makokoya,,False,True,True,"Homeware > Decor > Carpets\, Mats & Rugs > Carpets & Rugs, Homeware > Decor, Homeware",no_price
28390,65V2X328298,Kristal Elite Collection - 39678,variable,False,makokoya,,False,True,True,"Homeware > Decor > Carpets\, Mats & Rugs > Carpets & Rugs, Homeware > Decor, Homeware",no_price
28601,65V2X328298,Kristal Elite Collection -39678,variable,True,makokoya,,False,True,True,"Homeware > Decor > Carpets\, Mats & Rugs > Carpets & Rugs, Homeware > Decor, Homeware",no_price
28611,65V2X328298,Kristal Elite Collection - 39682,variable,True,makokoya,,False,True,True,"Homeware > Decor > Carpets\, Mats & Rugs > Carpets & Rugs, Homeware > Decor, Homeware",no_price
28621,65V2X328298,Kristal Elite Collection - 39682,variable,True,makokoya,,False,True,True,"Homeware > Decor > Carpets\, Mats & Rugs > Carpets & Rugs, Homeware > Decor, Homeware",no_price
28634,65V2X328298,Kristal Elite Collection - 39682,variable,True,makokoya,,False,True,True,"Homeware > Decor > Carpets\, Mats & Rugs > Carpets & Rugs, Homeware > Decor, Homeware",no_price
28644,65V2X328298,Kristal Elite Collection - 39682,variable,True,makokoya,,False,True,True,"Homeware > Decor > Carpets\, Mats & Rugs > Carpets & Rugs, Homeware > Decor, Homeware",no_price
28657,65V2X328298,Kristal Elite Collection - 39675,variable,True,makokoya,,False,True,True,"Homeware > Decor > Carpets\, Mats & Rugs > Carpets & Rugs, Homeware > Decor, Homeware",no_price
28670,65V2X328298,Kristal Elite Collection - 39675,variable,True,makokoya,,False,True,True,"Homeware > Decor > Carpets\, Mats & Rugs > Carpets & Rugs, Homeware > Decor, Homeware",no_price
28680,65V2X328298,Kristal Elite Collection - 39675,variable,True,makokoya,,False,True,True,"Homeware, Homeware > Decor, Homeware > Decor > Carpets\, Mats & Rugs > Carpets & Rugs",no_price
28692,65V2X328298,Kristal Elite Collection - 39675,variable,True,makokoya,,False,True,True,"Homeware > Decor > Carpets\, Mats & Rugs > Carpets & Rugs, Homeware > Decor, Homeware",no_price
28722,65V2X328298,Kristal Elite Collection - 39675,variable,True,makokoya,,False,True,True,"Homeware > Decor > Carpets\, Mats & Rugs > Carpets & Rugs, Homeware > Decor, Homeware",no_price
28731,65V2X328298,Kristal Elite Collection - 39675,variable,True,makokoya,,False,True,True,"Homeware > Decor > Carpets\, Mats & Rugs > Carpets & Rugs, Homeware > Decor, Homeware",no_price
28744,65V2X328298,Kristal Elite Collection - 39684A,variable,True,makokoya,,False,True,True,"Homeware > Decor > Carpets\, Mats & Rugs > Carpets & Rugs, Homeware > Decor, Homeware",no_price
28754,65V2X328298,Kristal Elite Collection - 39684,variable,True,makokoya,,False,True,True,"Homeware > Decor > Carpets\, Mats & Rugs > Carpets & Rugs, Homeware > Decor, Homeware",no_price
28764,65V2X328298,Kristal Elite Collection - 39684,variable,True,makokoya,,False,True,True,"Homeware > Decor > Carpets\, Mats & Rugs > Carpets & Rugs, Homeware > Decor, Homeware",no_price
28801,9902062725963,3.52sqm Peel & Stick Vinyl Tiles- CL2041,simple,True,unknown,580,True,True,False,"All Products, Hardware, Hardware > Peel and Stick Tiles > Peel & Stick Vinyl Tiles, Hardware > Peel and Stick Tiles",no_description
28973,65V2X328298,Kristal Elite Collection - 39684,variable,True,makokoya,,False,True,True,"Homeware > Decor > Carpets\, Mats & Rugs > Carpets & Rugs, Homeware > Decor, Homeware",no_price
28983,65V2X328298,Kristal Elite Collection - 39679,variable,True,makokoya,,False,True,True,"Homeware > Decor > Carpets\, Mats & Rugs > Carpets & Rugs, Homeware > Decor, Homeware",no_price
28993,65V2X328298,Kristal Elite Collection - 39679,variable,True,makokoya,,False,True,True,"Homeware > Decor > Carpets\, Mats & Rugs > Carpets & Rugs, Homeware > Decor, Homeware",no_price
29009,65V2X328298,Kristal Elite Collection - 39679,variable,True,makokoya,,False,True,True,"Homeware > Decor > Carpets\, Mats & Rugs > Carpets & Rugs, Homeware > Decor, Homeware",no_price
29053,65V2X328298,Kristal Elite Collection - 39679,variable,True,makokoya,,False,True,True,"Homeware > Decor > Carpets\, Mats & Rugs > Carpets & Rugs, Homeware > Decor, Homeware",no_price
29063,65V2X328298,Kristal Elite Collection - 39679,variable,True,makokoya,,False,True,True,"Homeware > Decor > Carpets\, Mats & Rugs > Carpets & Rugs, Homeware > Decor, Homeware",no_price
29073,65V2X328298,Kristal Elite Collection - 39669,variable,True,makokoya,,False,True,True,"Homeware > Decor > Carpets\, Mats & Rugs > Carpets & Rugs, Homeware > Decor, Homeware",no_price
29094,65V2X328298,Kristal Elite Collection - 39669,variable,True,makokoya,,False,True,True,"Homeware > Decor > Carpets\, Mats & Rugs > Carpets & Rugs, Homeware > Decor, Homeware",no_price
29104,65V2X328298,Kristal Elite Collection - 39669,variable,True,makokoya,,False,True,True,"Homeware > Decor > Carpets\, Mats & Rugs > Carpets & Rugs, Homeware > Decor, Homeware",no_price
29114,65V2X328298,Kristal Elite Collection - 39677,variable,True,makokoya,,False,True,True,"Homeware > Decor > Carpets\, Mats & Rugs > Carpets & Rugs, Homeware > Decor, Homeware",no_price
29124,65V2X328298,Kristal Elite Collection - 39677,variable,True,makokoya,,False,True,True,"Homeware > Decor > Carpets\, Mats & Rugs > Carpets & Rugs, Homeware > Decor, Homeware",no_price
29134,65V2X328298,Kristal Elite Collection - 39677,variable,True,makokoya,,False,True,True,"Homeware > Decor > Carpets\, Mats & Rugs > Carpets & Rugs, Homeware > Decor, Homeware",no_price
29144,65V2X328298,Kristal Elite Collection - 39677,variable,True,makokoya,,False,True,True,"Homeware > Decor > Carpets\, Mats & Rugs > Carpets & Rugs, Homeware > Decor, Homeware",no_price
29155,65V2X328298,Kristal Elite Collection - 39662,variable,True,makokoya,,False,True,True,"Homeware > Decor > Carpets\, Mats & Rugs > Carpets & Rugs, Homeware > Decor, Homeware",no_price
29165,65V2X328298,Kristal Elite Collection - 39662,variable,True,makokoya,,False,True,True,"Homeware > Decor > Carpets\, Mats & Rugs > Carpets & Rugs, Homeware > Decor, Homeware",no_price
29175,65V2X328298,Kristal Elite Collection - 39662,variable,True,makokoya,,False,True,True,"Homeware > Decor > Carpets\, Mats & Rugs > Carpets & Rugs, Homeware > Decor, Homeware",no_price
29239,65V2X328298,Kristal Elite Collection - 39679,variable,True,makokoya,,False,True,True,"Homeware > Decor > Carpets\, Mats & Rugs > Carpets & Rugs, Homeware > Decor, Homeware",no_price
29249,65V2X328298,Kristal Elite Collection - 39679,variable,True,makokoya,,False,True,True,"Homeware > Decor > Carpets\, Mats & Rugs > Carpets & Rugs, Homeware > Decor, Homeware",no_price
29259,65V2X328298,Kristal Elite Collection - 39679,variable,True,makokoya,,False,True,True,"Homeware > Decor > Carpets\, Mats & Rugs > Carpets & Rugs, Homeware > Decor, Homeware",no_price
29269,65V2X328298,Kristal Elite Collection - 39669,variable,True,makokoya,,False,True,True,"Homeware > Decor > Carpets\, Mats & Rugs > Carpets & Rugs, Homeware > Decor, Homeware",no_price
29279,65V2X328298,Kristal Elite Collection - 39669,variable,True,makokoya,,False,True,True,"Homeware > Decor > Carpets\, Mats & Rugs > Carpets & Rugs, Homeware > Decor, Homeware",no_price
29289,65V2X328298,Kristal Elite Collection - 39669,variable,True,makokoya,,False,True,True,"Homeware > Decor > Carpets\, Mats & Rugs > Carpets & Rugs, Homeware > Decor, Homeware",no_price
29299,65V2X328298,Kristal Elite Collection - 39669,variable,True,makokoya,,False,True,True,"Homeware > Decor > Carpets\, Mats & Rugs > Carpets & Rugs, Homeware > Decor, Homeware",no_price
29309,65V2X328298,Kristal Elite Collection - 39669,variable,True,makokoya,,False,True,True,"Homeware > Decor > Carpets\, Mats & Rugs > Carpets & Rugs, Homeware > Decor, Homeware",no_price
29319,65V2X328298,Kristal Elite Collection - 39677,variable,True,makokoya,,False,True,True,"Homeware > Decor > Carpets\, Mats & Rugs > Carpets & Rugs, Homeware > Decor, Homeware",no_price
29329,65V2X328298,Kristal Elite Collection - 39677,variable,True,makokoya,,False,True,True,"Homeware > Decor > Carpets\, Mats & Rugs > Carpets & Rugs, Homeware > Decor, Homeware",no_price
29339,65V2X328298,Kristal Elite Collection - 39677,variable,True,makokoya,,False,True,True,"Homeware > Decor > Carpets\, Mats & Rugs > Carpets & Rugs, Homeware > Decor, Homeware",no_price
29349,65V2X328298,Kristal Elite Collection - 39677,variable,True,makokoya,,False,True,True,"Homeware > Decor > Carpets\, Mats & Rugs > Carpets & Rugs, Homeware > Decor, Homeware",no_price
29359,65V2X328298,Kristal Elite Collection - 39677,variable,True,makokoya,,False,True,True,"Homeware > Decor > Carpets\, Mats & Rugs > Carpets & Rugs, Homeware > Decor, Homeware",no_price
29375,65V2X328298,Kristal Elite Collection - 39670,variable,True,makokoya,,False,True,True,"Homeware > Decor > Carpets\, Mats & Rugs > Carpets & Rugs, Homeware > Decor, Homeware",no_price
29385,65V2X328298,Kristal Elite Collection - 39670,variable,True,makokoya,,False,True,True,"Homeware > Decor > Carpets\, Mats & Rugs > Carpets & Rugs, Homeware > Decor, Homeware",no_price
29399,65V2X328298,Kristal Elite Collection - 39676,variable,True,makokoya,,False,True,True,"Homeware > Decor > Carpets\, Mats & Rugs > Carpets & Rugs, Homeware > Decor, Homeware",no_price
29409,65V2X328298,Kristal Elite Collection - 39676,variable,True,makokoya,,False,True,True,"Homeware > Decor > Carpets\, Mats & Rugs > Carpets & Rugs, Homeware > Decor, Homeware",no_price
29419,65V2X328298,Kristal Elite Collection - 39676,variable,True,makokoya,,False,True,True,"Homeware > Decor > Carpets\, Mats & Rugs > Carpets & Rugs, Homeware > Decor, Homeware",no_price
29429,65V2X328298,Kristal Elite Collection - 39676,variable,True,makokoya,,False,True,True,"Homeware > Decor > Carpets\, Mats & Rugs > Carpets & Rugs, Homeware > Decor, Homeware",no_price
29439,65V2X328298,Kristal Elite Collection - 39676,variable,True,makokoya,,False,True,True,"Homeware > Decor > Carpets\, Mats & Rugs > Carpets & Rugs, Homeware > Decor, Homeware",no_price
29449,65V2X328298,Kristal Elite Collection - 39689,variable,True,makokoya,,False,True,True,"Homeware > Decor > Carpets\, Mats & Rugs > Carpets & Rugs, Homeware > Decor, Homeware",no_price
29461,65V2X328298,Kristal Elite Collection - 39689,variable,True,makokoya,,False,True,True,"Homeware > Decor > Carpets\, Mats & Rugs > Carpets & Rugs, Homeware > Decor, Homeware",no_price
29471,65V2X328298,Kristal Elite Collection - 39689,variable,True,makokoya,,False,True,True,"Homeware > Decor > Carpets\, Mats & Rugs > Carpets & Rugs, Homeware > Decor, Homeware",no_price
29481,65V2X328298,Kristal Elite Collection - 39689,variable,True,makokoya,,False,True,True,"Homeware > Decor > Carpets\, Mats & Rugs > Carpets & Rugs, Homeware > Decor, Homeware",no_price
29491,65V2X328298,Kristal Elite Collection - 39689,variable,True,makokoya,,False,True,True,"Homeware > Decor > Carpets\, Mats & Rugs > Carpets & Rugs, Homeware > Decor, Homeware",no_price
29501,65V2X328298,Kristal Elite Collection - 39689 (Copy),variable,True,makokoya,,False,True,True,"Homeware > Decor > Carpets\, Mats & Rugs > Carpets & Rugs, Homeware > Decor, Homeware",no_price
29510,65V2X328298,Kristal Elite Collection -39666,variable,True,makokoya,,False,True,True,"Homeware > Decor > Carpets\, Mats & Rugs > Carpets & Rugs, Homeware > Decor, Homeware",no_price
29520,65V2X328298,Kristal Elite Collection -39666,variable,True,makokoya,,False,True,True,"Homeware > Decor > Carpets\, Mats & Rugs > Carpets & Rugs, Homeware > Decor, Homeware",no_price
29530,65V2X328298,Kristal Elite Collection -39666,variable,True,makokoya,,False,True,True,"Homeware > Decor > Carpets\, Mats & Rugs > Carpets & Rugs, Homeware > Decor, Homeware",no_price
29542,65V2X328298,Kristal Elite Collection -39667,variable,True,makokoya,,False,True,True,"Homeware > Decor > Carpets\, Mats & Rugs > Carpets & Rugs, Homeware > Decor, Homeware",no_price
29552,65V2X328298,Kristal Elite Collection -39667,variable,True,makokoya,,False,True,True,"Homeware > Decor > Carpets\, Mats & Rugs > Carpets & Rugs, Homeware > Decor, Homeware",no_price
29562,65V2X328298,Kristal Elite Collection -39667,variable,True,makokoya,,False,True,True,"Homeware > Decor > Carpets\, Mats & Rugs > Carpets & Rugs, Homeware > Decor, Homeware",no_price
29572,65V2X328298,Kristal Elite Collection -39667,variable,True,makokoya,,False,True,True,"Homeware > Decor > Carpets\, Mats & Rugs > Carpets & Rugs, Homeware > Decor, Homeware",no_price
29582,65V2X328298,Kristal Elite Collection -39667,variable,True,makokoya,,False,True,True,"Homeware > Decor > Carpets\, Mats & Rugs > Carpets & Rugs, Homeware > Decor, Homeware",no_price
29592,65V2X328298,Kristal Elite Collection -39683,variable,True,makokoya,,False,True,True,"Homeware > Decor > Carpets\, Mats & Rugs > Carpets & Rugs, Homeware > Decor, Homeware",no_price
29602,65V2X328298,Kristal Elite Collection -39683,variable,True,makokoya,,False,True,True,"Homeware > Decor > Carpets\, Mats & Rugs > Carpets & Rugs, Homeware > Decor, Homeware",no_price
29612,65V2X328298,Kristal Elite Collection -39683,variable,True,makokoya,,False,True,True,"Homeware > Decor > Carpets\, Mats & Rugs > Carpets & Rugs, Homeware > Decor, Homeware",no_price
29622,65V2X328298,Kristal Elite Collection -39683,variable,True,makokoya,,False,True,True,"Homeware > Decor > Carpets\, Mats & Rugs > Carpets & Rugs, Homeware > Decor, Homeware",no_price
29632,65V2X328298,Kristal Elit Collection -39683,variable,True,makokoya,,False,True,True,"Homeware > Decor > Carpets\, Mats & Rugs > Carpets & Rugs, Homeware > Decor, Homeware",no_price
29683,65V2X328298,Kristal Elite Collection - 39672,variable,True,makokoya,,False,True,True,"Homeware > Decor > Carpets\, Mats & Rugs > Carpets & Rugs, Homeware > Decor, Homeware",no_price
29703,65V2X328298,Kristal Elite Collection - 39672,variable,True,makokoya,,False,True,True,"Homeware > Decor > Carpets\, Mats & Rugs > Carpets & Rugs, Homeware > Decor, Homeware",no_price
29714,65V2X328298,Kristal Elite Collection - 39672,variable,True,makokoya,,False,True,True,"Homeware > Decor > Carpets\, Mats & Rugs > Carpets & Rugs, Homeware > Decor, Homeware",no_price
29724,65V2X328298,Kristal Elite Collection - 39672,variable,True,makokoya,,False,True,True,"Homeware > Decor > Carpets\, Mats & Rugs > Carpets & Rugs, Homeware > Decor, Homeware",no_price
29734,65V2X328298,Kristal Elite Collection - 39672,variable,True,makokoya,,False,True,True,"Homeware > Decor > Carpets\, Mats & Rugs > Carpets & Rugs, Homeware > Decor, Homeware",no_price
29744,65V2X328298,Kristal Elite Collection - 39663,variable,True,makokoya,,False,True,True,"Homeware > Decor > Carpets\, Mats & Rugs > Carpets & Rugs, Homeware > Decor, Homeware",no_price
29782,65V2X328298,Kristal Elite Collection - 39663,variable,True,makokoya,,False,True,True,"Homeware > Decor > Carpets\, Mats & Rugs > Carpets & Rugs, Homeware > Decor, Homeware",no_price
29795,65V2X328298,Kristal Elite Collection - 39663,variable,True,makokoya,,False,True,True,"Homeware > Decor > Carpets\, Mats & Rugs > Carpets & Rugs, Homeware > Decor, Homeware",no_price
29806,65V2X328298,Kristal Elite Collection - 39663,variable,True,makokoya,,False,True,True,"Homeware > Decor > Carpets\, Mats & Rugs > Carpets & Rugs, Homeware > Decor, Homeware",no_price
29816,65V2X328298,Kristal Elite Collection - 39685,variable,True,makokoya,,False,True,True,"Homeware > Decor > Carpets\, Mats & Rugs > Carpets & Rugs, Homeware > Decor, Homeware",no_price
29826,65V2X328298,Kristal Elite Collection - 39685,variable,True,makokoya,,False,True,True,"Homeware > Decor > Carpets\, Mats & Rugs > Carpets & Rugs, Homeware > Decor, Homeware",no_price
29836,65V2X328298,Kristal Elite Collection - 39685,variable,True,makokoya,,False,True,True,"Homeware > Decor > Carpets\, Mats & Rugs > Carpets & Rugs, Homeware > Decor, Homeware",no_price
29846,65V2X328298,Kristal Elite Collection - 39685,variable,True,makokoya,,False,True,True,"Homeware > Decor > Carpets\, Mats & Rugs > Carpets & Rugs, Homeware > Decor, Homeware",no_price
29856,65V2X328298,Kristal Elite Collection - 39685,variable,True,makokoya,,False,True,True,"Homeware > Decor > Carpets\, Mats & Rugs > Carpets & Rugs, Homeware > Decor, Homeware",no_price
29866,65V2X328298,Kristal Elite Collection - 39681,variable,True,makokoya,,False,True,True,"Homeware > Decor > Carpets\, Mats & Rugs > Carpets & Rugs, Homeware > Decor, Homeware",no_price
29876,65V2X328298,Kristal Elite Collection - 39681,variable,True,makokoya,,False,True,True,"Homeware > Decor > Carpets\, Mats & Rugs > Carpets & Rugs, Homeware > Decor, Homeware",no_price
29886,65V2X328298,Kristal Elite Collection - 39681,variable,True,makokoya,,False,True,True,"Homeware > Decor > Carpets\, Mats & Rugs > Carpets & Rugs, Homeware > Decor, Homeware",no_price
29896,65V2X328298,Kristal Elite Collection - 39681,variable,True,makokoya,,False,True,True,"Homeware > Decor > Carpets\, Mats & Rugs > Carpets & Rugs, Homeware > Decor, Homeware",no_price
29906,65V2X328298,Kristal Elite Collection - 39674,variable,True,makokoya,,False,True,True,"Homeware > Decor > Carpets\, Mats & Rugs > Carpets & Rugs, Homeware > Decor, Homeware",no_price
29928,65V2X328298,Kristal Elite Collection - 39674,variable,True,makokoya,,False,True,True,"Homeware > Decor > Carpets\, Mats & Rugs > Carpets & Rugs, Homeware > Decor, Homeware",no_price
29939,65V2X328298,Kristal Elite Collection - 39674,variable,True,makokoya,,False,True,True,"Homeware > Decor > Carpets\, Mats & Rugs > Carpets & Rugs, Homeware > Decor, Homeware",no_price
29949,65V2X328298,Kristal Elite Collection - 39674,variable,True,makokoya,,False,True,True,"Homeware > Decor > Carpets\, Mats & Rugs > Carpets & Rugs, Homeware > Decor, Homeware",no_price
29959,65V2X328298,Kristal Elite Collection - 39678,variable,True,makokoya,,False,True,True,"Homeware > Decor > Carpets\, Mats & Rugs > Carpets & Rugs, Homeware > Decor, Homeware",no_price
29969,65V2X328298,Kristal Elite Collection - 39688,variable,True,makokoya,,False,True,True,"Homeware > Decor > Carpets\, Mats & Rugs > Carpets & Rugs, Homeware > Decor, Homeware",no_price
29995,65V2X328298,Kristal Elite Collection - 39688,variable,True,makokoya,,False,True,True,"Homeware > Decor > Carpets\, Mats & Rugs > Carpets & Rugs, Homeware > Decor, Homeware",no_price
30006,65V2X328298,Kristal Elite Collection - 39688,variable,True,makokoya,,False,True,True,"Homeware > Decor > Carpets\, Mats & Rugs > Carpets & Rugs, Homeware > Decor, Homeware",no_price
30016,65V2X328298,Kristal Elite Collection - 39688,variable,True,makokoya,,False,True,True,"Homeware > Decor > Carpets\, Mats & Rugs > Carpets & Rugs, Homeware > Decor, Homeware",no_price
30026,65V2X328298,Kristal Elite Collection - 39688,variable,True,makokoya,,False,True,True,"Homeware > Decor > Carpets\, Mats & Rugs > Carpets & Rugs, Homeware > Decor, Homeware",no_price
30036,65V2X328298,Kristal Elite Collection - 39680,variable,True,makokoya,,False,True,True,"Homeware > Decor > Carpets\, Mats & Rugs > Carpets & Rugs, Homeware > Decor, Homeware",no_price
30056,65V2X328298,Kristal Elite Collection - 39680,variable,True,makokoya,,False,True,True,"Homeware > Decor > Carpets\, Mats & Rugs > Carpets & Rugs, Homeware > Decor, Homeware",no_price
30066,65V2X328298,Kristal Elite Collection - 39680,variable,True,makokoya,,False,True,True,"Homeware > Decor > Carpets\, Mats & Rugs > Carpets & Rugs, Homeware > Decor, Homeware",no_price
30076,65V2X328298,Kristal Elite Collection - 39680,variable,True,makokoya,,False,True,True,"Homeware > Decor > Carpets\, Mats & Rugs > Carpets & Rugs, Homeware > Decor, Homeware",no_price
30086,65V2X328298,Kristal Elite Collection - 39680,variable,True,makokoya,,False,True,True,"Homeware > Decor > Carpets\, Mats & Rugs > Carpets & Rugs, Homeware > Decor, Homeware",no_price
30096,65V2X328298,Kristal Elite Collection - 39671,variable,True,makokoya,,False,True,True,"Homeware > Decor > Carpets\, Mats & Rugs > Carpets & Rugs, Homeware > Decor, Homeware",no_price
30118,65V2X328298,Kristal Elite Collection - 39671,variable,True,makokoya,,False,True,True,"Homeware > Decor > Carpets\, Mats & Rugs > Carpets & Rugs, Homeware > Decor, Homeware",no_price
30128,65V2X328298,Kristal Elite Collection - 39671,variable,True,makokoya,,False,True,True,"Homeware > Decor > Carpets\, Mats & Rugs > Carpets & Rugs, Homeware > Decor, Homeware",no_price
30138,65V2X328298,Kristal Elite Collection - 39671,variable,True,makokoya,,False,True,True,"Homeware > Decor > Carpets\, Mats & Rugs > Carpets & Rugs, Homeware > Decor, Homeware",no_price
30148,65V2X328298,Kristal Elite Collection - 39671,variable,True,makokoya,,False,True,True,"Homeware > Decor > Carpets\, Mats & Rugs > Carpets & Rugs, Homeware > Decor, Homeware",no_price
30158,65V2X328298,Kristal Elite Collection - 39673,variable,True,makokoya,,False,True,True,"Homeware > Decor > Carpets\, Mats & Rugs > Carpets & Rugs, Homeware > Decor, Homeware",no_price
30176,65V2X328298,Kristal Elite Collection - 39673,variable,True,makokoya,,False,True,True,"Homeware > Decor > Carpets\, Mats & Rugs > Carpets & Rugs, Homeware > Decor, Homeware",no_price
30186,65V2X328298,Kristal Elite Collection - 39668,variable,True,makokoya,,False,True,True,"Homeware > Decor > Carpets\, Mats & Rugs > Carpets & Rugs, Homeware > Decor, Homeware",no_price
30198,65V2X328298,Kristal Elite Collection - 39668,variable,True,makokoya,,False,True,True,"Homeware > Decor > Carpets\, Mats & Rugs > Carpets & Rugs, Homeware > Decor, Homeware",no_price
30208,65V2X328298,Kristal Elite Collection - 39668,variable,True,makokoya,,False,True,True,"Homeware > Decor > Carpets\, Mats & Rugs > Carpets & Rugs, Homeware > Decor, Homeware",no_price
30218,YS432A30218,Kristal Plush Collection - 44,simple,True,makokoya,1599,True,True,True,"Homeware > Decor > Carpets\, Mats & Rugs > Carpets & Rugs, Homeware > Decor, Homeware",
30230,YS432A30218,Kristal Plush Collection - 0063A,simple,True,makokoya,1599,True,True,True,"Homeware > Decor > Carpets\, Mats & Rugs > Carpets & Rugs, Homeware > Decor, Homeware",
30233,YS432A30218,Kristal Plush Collection - 040,simple,True,makokoya,1599,True,True,True,"Homeware > Decor > Carpets\, Mats & Rugs > Carpets & Rugs, Homeware > Decor, Homeware",
30235,YS432A30218,Kristal Plush Collection - 001,simple,True,makokoya,1599,True,True,True,"Homeware > Decor > Carpets\, Mats & Rugs > Carpets & Rugs, Homeware > Decor, Homeware",
30237,YS432A30218,Kristal Plush Collection - 013,simple,True,makokoya,1599,True,True,True,"Homeware > Decor > Carpets\, Mats & Rugs > Carpets & Rugs, Homeware > Decor, Homeware",
30239,VA86VO30239,Kristal Faux Fur Collection - 01,variable,True,makokoya,,False,True,True,"Homeware > Decor > Carpets\, Mats & Rugs > Carpets & Rugs, Homeware > Decor, Homeware",no_price
30258,VA86VO30239,Kristal Faux Fur Collection - 02,variable,True,makokoya,,False,True,True,"Homeware > Decor > Carpets\, Mats & Rugs > Carpets & Rugs, Homeware > Decor, Homeware",no_price
30266,VA86VO30239,Kristal Faux Fur Collection - 03,variable,True,makokoya,,False,True,True,"Homeware > Decor > Carpets\, Mats & Rugs > Carpets & Rugs, Homeware > Decor, Homeware",no_price
30274,VA86VO30239,Kristal Faux Fur Collection - 04,variable,True,makokoya,,False,True,True,"Homeware > Decor > Carpets\, Mats & Rugs > Carpets & Rugs, Homeware > Decor, Homeware",no_price
30282,VA86VO30239,Kristal Faux Fur Collection - 05,variable,True,makokoya,,False,True,True,"Homeware > Decor > Carpets\, Mats & Rugs > Carpets & Rugs, Homeware > Decor, Homeware",no_price
30290,YCN5JJ30290,Kristal Royal Post Collection - 02,variable,True,makokoya,,False,True,True,"Homeware > Decor > Carpets\, Mats & Rugs > Carpets & Rugs, Homeware > Decor, Homeware",no_price
30318,YCN5JJ30290,Kristal Royal Post Collection - 01,variable,True,makokoya,,False,True,True,"Homeware > Decor > Carpets\, Mats & Rugs > Carpets & Rugs, Homeware > Decor, Homeware",no_price
30326,YCN5JJ30290,Kristal Royal Post Collection - 03,variable,True,makokoya,,False,True,True,"Homeware > Decor > Carpets\, Mats & Rugs > Carpets & Rugs, Homeware > Decor, Homeware",no_price
30334,YCN5JJ30290,Kristal Royal Post Collection - 04,variable,True,makokoya,,False,True,True,"Homeware > Decor > Carpets\, Mats & Rugs > Carpets & Rugs, Homeware > Decor, Homeware",no_price
30342,YCN5JJ30290,Kristal Royal Post Collection - 05,variable,True,makokoya,,False,True,True,"Homeware > Decor > Carpets\, Mats & Rugs > Carpets & Rugs, Homeware > Decor, Homeware",no_price
30350,YCN5JJ30290,Kristal Royal Post Collection - 06,variable,True,makokoya,,False,True,True,"Homeware > Decor > Carpets\, Mats & Rugs > Carpets & Rugs, Homeware > Decor, Homeware",no_price
30358,YCN5JJ30290,Kristal Royal Post Collection - 07,variable,True,makokoya,,False,True,True,"Homeware > Decor > Carpets\, Mats & Rugs > Carpets & Rugs, Homeware > Decor, Homeware",no_price
30366,YCN5JJ30290,Kristal Royal Post Collection - 08,variable,True,makokoya,,False,True,True,"Homeware > Decor > Carpets\, Mats & Rugs > Carpets & Rugs, Homeware > Decor, Homeware",no_price
30374,YCN5JJ30290,Kristal Royal Post Collection - 09,variable,True,makokoya,,False,True,True,"Homeware > Decor > Carpets\, Mats & Rugs > Carpets & Rugs, Homeware > Decor, Homeware",no_price
30382,RSGWMM30382,Kristal Star Collection - LLP423,variable,True,makokoya,,False,True,True,"Homeware > Decor > Carpets\, Mats & Rugs > Carpets & Rugs, Homeware > Decor, Homeware",no_price
30449,RSGWMM30382,Kristal Star Collection - LP207,variable,True,makokoya,,False,True,True,"Homeware > Decor > Carpets\, Mats & Rugs > Carpets & Rugs, Homeware > Decor, Homeware",no_price
30462,RSGWMM30382,Kristal Star Collection - LP407,variable,True,makokoya,,False,True,True,"Homeware > Decor > Carpets\, Mats & Rugs > Carpets & Rugs, Homeware > Decor, Homeware",no_price
30475,RSGWMM30382,Kristal Star Collection - LP441,variable,True,makokoya,,False,True,True,"Homeware > Decor > Carpets\, Mats & Rugs > Carpets & Rugs, Homeware > Decor, Homeware",no_price
30488,RSGWMM30382,Kristal Star Collection - LP418,variable,True,makokoya,,False,True,True,"Homeware > Decor > Carpets\, Mats & Rugs > Carpets & Rugs, Homeware > Decor, Homeware",no_price
30501,RSGWMM30382,Kristal Star Collection - LP206,variable,True,makokoya,,False,True,True,"Homeware > Decor > Carpets\, Mats & Rugs > Carpets & Rugs, Homeware > Decor, Homeware",no_price
30514,RSGWMM30382,Kristal Star Collection - LP208,variable,True,makokoya,,False,True,True,"Homeware > Decor > Carpets\, Mats & Rugs > Carpets & Rugs, Homeware > Decor, Homeware",no_price
30528,RSGWMM30382,Kristal Star Collection - LP217,variable,True,makokoya,,False,True,True,"Homeware > Decor > Carpets\, Mats & Rugs > Carpets & Rugs, Homeware > Decor, Homeware",no_price
30541,RSGWMM30382,Kristal Star Collection - LP222,variable,True,makokoya,,False,True,True,"Homeware > Decor > Carpets\, Mats & Rugs > Carpets & Rugs, Homeware > Decor, Homeware",no_price
30554,RSGWMM30382,Kristal Star Collection - LP407,variable,True,makokoya,,False,True,True,"Homeware > Decor > Carpets\, Mats & Rugs > Carpets & Rugs, Homeware > Decor, Homeware",no_price
30567,RSGWMM30382,Kristal Star Collection - LP441,variable,True,makokoya,,False,True,True,"Homeware > Decor > Carpets\, Mats & Rugs > Carpets & Rugs, Homeware > Decor, Homeware",no_price
30580,RSGWMM30382,Kristal Star Collection -LP407,variable,True,makokoya,,False,True,True,"Homeware > Decor > Carpets\, Mats & Rugs > Carpets & Rugs, Homeware > Decor, Homeware",no_price
30594,RSGWMM30382,Kristal Star Collection -LP418,variable,True,makokoya,,False,True,True,"Homeware > Decor > Carpets\, Mats & Rugs > Carpets & Rugs, Homeware > Decor, Homeware",no_price
30607,RSGWMM30382,Kristal Star Collection -LP432,variable,True,makokoya,,False,True,True,"Homeware > Decor > Carpets\, Mats & Rugs > Carpets & Rugs, Homeware > Decor, Homeware",no_price
30620,RSGWMM30382,Kristal Star Collection -LP438,variable,True,makokoya,,False,True,True,"Homeware > Decor > Carpets\, Mats & Rugs > Carpets & Rugs, Homeware > Decor, Homeware",no_price
30633,RSGWMM30382,Kristal Star Collection -LP407,variable,True,makokoya,,False,True,True,"Homeware > Decor > Carpets\, Mats & Rugs > Carpets & Rugs, Homeware > Decor, Homeware",no_price
30646,RSGWMM30382,Kristal Star Collection -LP441,variable,True,makokoya,,False,True,True,"Homeware > Decor > Carpets\, Mats & Rugs > Carpets & Rugs, Homeware > Decor, Homeware",no_price
30659,RSGWMM30382,Kristal Star Collection -LP418,variable,True,makokoya,,False,True,True,"Homeware > Decor > Carpets\, Mats & Rugs > Carpets & Rugs, Homeware > Decor, Homeware",no_price
30672,RSGWMM30382,Kristal Star Collection -LP438,variable,True,makokoya,,False,True,True,"Homeware > Decor > Carpets\, Mats & Rugs > Carpets & Rugs, Homeware > Decor, Homeware",no_price
30685,RSGWMM30382,Kristal Star Collection -LP432,variable,True,makokoya,,False,True,True,"Homeware > Decor > Carpets\, Mats & Rugs > Carpets & Rugs, Homeware > Decor, Homeware",no_price
30698,RSGWMM30382,Kristal Star Collection -LP208,variable,True,makokoya,,False,True,True,"Homeware > Decor > Carpets\, Mats & Rugs > Carpets & Rugs, Homeware > Decor, Homeware",no_price
30711,RSGWMM30382,Kristal Star Collection -LP407,variable,True,makokoya,,False,True,True,"Homeware > Decor > Carpets\, Mats & Rugs > Carpets & Rugs, Homeware > Decor, Homeware",no_price
30725,RSGWMM30382,Kristal Star Collection -LP438,variable,True,makokoya,,False,True,True,"Homeware > Decor > Carpets\, Mats & Rugs > Carpets & Rugs, Homeware > Decor, Homeware",no_price
30738,RSGWMM30382,Kristal Star Collection -LP407,variable,True,makokoya,,False,True,True,"Homeware > Decor > Carpets\, Mats & Rugs > Carpets & Rugs, Homeware > Decor, Homeware",no_price
30751,RSGWMM30382,Kristal Star Collection -LP438,variable,True,makokoya,,False,True,True,"Homeware > Decor > Carpets\, Mats & Rugs > Carpets & Rugs, Homeware > Decor, Homeware",no_price
30812,2QQ7MC30812,Kristal Sila Collection - SL 707,simple,True,makokoya,1450,True,True,True,"Homeware > Decor > Carpets\, Mats & Rugs > Carpets & Rugs, Homeware > Decor, Homeware",
30826,2QQ7MC30812,Kristal Sila Collection -SL 707,simple,True,makokoya,1450,True,True,True,"Homeware > Decor > Carpets\, Mats & Rugs > Carpets & Rugs, Homeware > Decor, Homeware",
30828,2QQ7MC30812,Kristal Sila Collection -SL 707,simple,True,makokoya,1450,True,True,True,"Homeware > Decor > Carpets\, Mats & Rugs > Carpets & Rugs, Homeware > Decor, Homeware",
30831,2QQ7MC30812,Kristal Sila Collection -SL 718,simple,True,makokoya,1450,True,True,True,"Homeware > Decor > Carpets\, Mats & Rugs > Carpets & Rugs, Homeware > Decor, Homeware",
30833,2QQ7MC30812,Kristal Sila Collection -SL 718,simple,True,makokoya,1450,True,True,True,"Homeware > Decor > Carpets\, Mats & Rugs > Carpets & Rugs, Homeware > Decor, Homeware",
30835,2QQ7MC30812,Kristal Sila Collection -SL 707,simple,True,makokoya,1450,True,True,True,"Homeware > Decor > Carpets\, Mats & Rugs > Carpets & Rugs, Homeware > Decor, Homeware",
30837,MA1XCJ30837,Kristal Royal Toilet Set - 01,variable,True,makokoya,,False,True,True,"Homeware > Decor > Carpets\, Mats & Rugs, Homeware > Decor, Homeware",no_price
30851,MA1XCJ30837,Kristal Royal Toilet Set - 02,variable,True,makokoya,,False,True,True,"Homeware > Decor > Carpets\, Mats & Rugs, Homeware > Decor, Homeware",no_price
30855,MA1XCJ30837,Kristal Royal Toilet Set - 03,variable,True,makokoya,,False,True,True,"Homeware > Decor > Carpets\, Mats & Rugs, Homeware > Decor, Homeware",no_price
30859,MA1XCJ30837,Kristal Royal Toilet Set - 04,variable,True,makokoya,,False,True,True,"Homeware > Decor > Carpets\, Mats & Rugs, Homeware > Decor, Homeware",no_price
30863,MA1XCJ30837,Kristal Royal Toilet Set - 05,variable,True,makokoya,,False,True,True,"Homeware > Decor > Carpets\, Mats & Rugs, Homeware > Decor, Homeware",no_price
30867,MA1XCJ30837,Kristal Royal Toilet Set - 06,variable,True,makokoya,,False,True,True,"Homeware > Decor > Carpets\, Mats & Rugs, Homeware > Decor, Homeware",no_price
30871,MA1XCJ30837,Kristal Royal Toilet Set - 07,variable,True,makokoya,,False,True,True,"Homeware > Decor > Carpets\, Mats & Rugs, Homeware > Decor, Homeware",no_price
30879,MA1XCJ30837,Kristal Royal Toilet Set - 09,variable,True,makokoya,,False,True,True,"Homeware > Decor > Carpets\, Mats & Rugs, Homeware > Decor, Homeware",no_price
30883,MA1XCJ30837,Kristal Royal Toilet Set - 10,variable,True,makokoya,,False,True,True,"Homeware > Decor > Carpets\, Mats & Rugs, Homeware > Decor, Homeware",no_price
30887,MA1XCJ30837,Kristal Royal Toilet Set - 08,variable,True,makokoya,,False,True,True,"Homeware > Decor > Carpets\, Mats & Rugs, Homeware > Decor, Homeware",no_price
30908,MA1XCJ30837,Kristal Antislip Toilet Set - 01,variable,True,makokoya,,False,True,True,"Homeware > Decor > Carpets\, Mats & Rugs, Homeware > Decor, Homeware",no_price
30922,MA1XCJ30837,Kristal Antislip Toilet Set - 02,variable,True,makokoya,,False,True,True,"Homeware > Decor > Carpets\, Mats & Rugs, Homeware > Decor, Homeware",no_price
30926,MA1XCJ30837,Kristal Antislip Toilet Set - 03,variable,True,makokoya,,False,True,True,"Homeware > Decor > Carpets\, Mats & Rugs, Homeware > Decor, Homeware",no_price
30932,MA1XCJ30837,Kristal Antislip Toilet Set - 04,variable,True,makokoya,,False,True,True,"Homeware > Decor > Carpets\, Mats & Rugs, Homeware > Decor, Homeware",no_price
30936,MA1XCJ30837,Kristal Antislip Toilet Set - 05,variable,True,makokoya,,False,True,True,"Homeware > Decor > Carpets\, Mats & Rugs, Homeware > Decor, Homeware",no_price
30942,MA1XCJ30837,Kristal Antislip Toilet Set - 06,variable,True,makokoya,,False,True,True,"Homeware > Decor > Carpets\, Mats & Rugs, Homeware > Decor, Homeware",no_price
30946,MA1XCJ30837,Kristal Antislip Toilet Set - 07,variable,True,makokoya,,False,True,True,"Homeware > Decor > Carpets\, Mats & Rugs, Homeware > Decor, Homeware",no_price
30950,MA1XCJ30837,Kristal Antislip Toilet Set - 08,variable,True,makokoya,,False,True,True,"Homeware > Decor > Carpets\, Mats & Rugs, Homeware > Decor, Homeware",no_price
30954,MA1XCJ30837,Kristal Antislip Toilet Set - 09,variable,True,makokoya,,False,True,True,"Homeware > Decor > Carpets\, Mats & Rugs, Homeware > Decor, Homeware",no_price
30958,MA1XCJ30837,Kristal Antislip Toilet Set - 10,variable,True,makokoya,,False,True,True,"Homeware > Decor > Carpets\, Mats & Rugs, Homeware > Decor, Homeware",no_price
30962,7V5HTY30962,Condere Y-9001 Blender,simple,True,unknown,590,True,True,True,"Homeware > Appliances > Small Appliances > Blenders & Mixers, Homeware",
30983,QW4P7930983,Condere Induction Cooker - C-Cpsf35b,simple,True,unknown,1299,True,True,True,"Homeware > Appliances > Small Appliances > Cookers, Homeware, Homeware > Appliances > Small Appliances",
30996,QW4P7930983,Condere Induction cooker - C-cpsf20A,simple,True,unknown,850,True,True,True,"Homeware > Appliances > Small Appliances > Cookers, Homeware, Homeware > Appliances > Small Appliances",
30998,QW4P7930983,Condere Induction cooker - C-ctsf15A,simple,True,unknown,650,True,True,True,"Homeware > Appliances > Small Appliances > Cookers, Homeware, Homeware > Appliances > Small Appliances",
31006,5ZUQ8M31006,7 Piece Cast Iron Dutch Oven Cookware Set,simple,True,unknown,1550,True,True,True,"Homeware > Kitchenware > Cookware & Bakeware, Homeware, Homeware > Kitchenware",
31012,MQSG7C31012,Condere Remote-Controlled Pedestal Mist Fan - p18 A,simple,True,unknown,1650,True,True,True,"Homeware > Fans & Heaters, Homeware",
31015,OCH91331015,"Solar Electric Fan Rechargeable Fan (Solar Fan) 16""",simple,True,power_warehouse,1050,True,True,False,"Homeware > Fans & Heaters, Homeware, Hardware > Electrical > Loadshedding > Solar",no_description
31018,D6AI2H31018,Countertop 4 Burner Gas Hob - RH-4004,simple,True,unknown,1450,True,True,True,"Homeware, Homeware > Appliances > Stoves",
31021,4Y3PVR31021,Aucma Stand Mixer - SC-209,simple,True,unknown,1550,True,True,True,"Homeware > Appliances > Small Appliances > Blenders & Mixers, Homeware",
31024,JQH6YD31024,Aucma Slow Juicer - ASJP-AE003,simple,True,unknown,1450,True,True,True,"Homeware > Appliances, Homeware > Appliances > Small Appliances > Blenders & Mixers, Homeware",
31028,4Y3PVR31021,Aucma Stand Mixer - SC-223,simple,True,unknown,1750,True,True,True,"Homeware > Appliances > Small Appliances > Blenders & Mixers, Homeware",
31038,6P9M2P31038,Kristal Istanbul Collection - 8548A,simple,True,makokoya,3050,True,True,True,"Homeware > Decor > Carpets\, Mats & Rugs > Carpets & Rugs, Homeware > Decor, Homeware",
31057,KHMLXR31057,12 ACS (10407 BTU) Alaska SH Series Midwall Split Unit Airconditioner – Complete Set,simple,True,unknown,6500,True,True,True,"Homeware > Air Conditioners, Homeware",
31068,6P9M2P31038,Kristal Istanbul Collection - 8656A,simple,True,makokoya,3050,True,True,True,"Homeware > Decor > Carpets\, Mats & Rugs > Carpets & Rugs, Homeware > Decor, Homeware",
31072,6P9M2P31038,Kristal Istanbul Collection - 8465A,simple,True,makokoya,3050,True,True,True,"Homeware > Decor > Carpets\, Mats & Rugs > Carpets & Rugs, Homeware > Decor, Homeware",
31076,6P9M2P31038,Kristal Istanbul Collection - 8564A,simple,True,makokoya,3050,True,True,True,"Homeware > Decor > Carpets\, Mats & Rugs > Carpets & Rugs, Homeware > Decor, Homeware",
31080,6P9M2P31038,Kristal Istanbul Collection - 8564A,simple,True,makokoya,3050,True,True,True,"Homeware > Decor > Carpets\, Mats & Rugs > Carpets & Rugs, Homeware > Decor, Homeware",
31084,6P9M2P31038,Kristal Istanbul Collection - 8620A,simple,True,makokoya,3050,True,True,True,"Homeware > Decor > Carpets\, Mats & Rugs > Carpets & Rugs, Homeware > Decor, Homeware",
31088,6P9M2P31038,Kristal Istanbul Collection - 8556A,simple,True,makokoya,3050,True,True,True,"Homeware > Decor > Carpets\, Mats & Rugs > Carpets & Rugs, Homeware > Decor, Homeware",
31092,6P9M2P31038,Kristal Istanbul Collection - 8083A,simple,True,makokoya,3050,True,True,True,"Homeware > Decor > Carpets\, Mats & Rugs > Carpets & Rugs, Homeware > Decor, Homeware",
31096,6P9M2P31038,Kristal Istanbul Collection - 8546A,simple,True,makokoya,3050,True,True,True,"Homeware > Decor > Carpets\, Mats & Rugs > Carpets & Rugs, Homeware > Decor, Homeware",
31100,6P9M2P31038,Kristal Istanbul Collection - 11,simple,True,makokoya,3050,True,True,True,"Homeware > Decor > Carpets\, Mats & Rugs > Carpets & Rugs, Homeware > Decor, Homeware",
31104,6P9M2P31038,Kristal Istanbul Collection - 12,simple,True,makokoya,3050,True,True,True,"Homeware > Decor > Carpets\, Mats & Rugs > Carpets & Rugs, Homeware > Decor, Homeware",
31106,6P9M2P31038,Kristal Istanbul Collection - 8610A,simple,True,makokoya,3050,True,True,True,"Homeware > Decor > Carpets\, Mats & Rugs > Carpets & Rugs, Homeware > Decor, Homeware",
31112,6P9M2P31038,Kristal Istanbul Collection - 8610A,simple,True,makokoya,3050,True,True,True,"Homeware > Decor > Carpets\, Mats & Rugs > Carpets & Rugs, Homeware > Decor, Homeware",
31114,6P9M2P31038,Kristal Istanbul Collection - 8078A,simple,True,makokoya,3050,True,True,True,"Homeware > Decor > Carpets\, Mats & Rugs > Carpets & Rugs, Homeware > Decor, Homeware",
31128,6P9M2P31038,Kristal Istanbul Collection - 8564A,simple,True,makokoya,3050,True,True,True,"Homeware > Decor > Carpets\, Mats & Rugs > Carpets & Rugs, Homeware > Decor, Homeware",
31130,6P9M2P31038,Kristal Istanbul Collection - 8556A,simple,True,makokoya,3050,True,True,True,"Homeware > Decor > Carpets\, Mats & Rugs > Carpets & Rugs, Homeware > Decor, Homeware",
31132,6P9M2P31038,Kristal Istanbul Collection - 8038A,simple,True,makokoya,3050,True,True,True,"Homeware > Decor > Carpets\, Mats & Rugs > Carpets & Rugs, Homeware > Decor, Homeware",
31134,6P9M2P31038,Kristal Istanbul Collection - 8656A,simple,True,makokoya,3050,True,True,True,"Homeware > Decor > Carpets\, Mats & Rugs > Carpets & Rugs, Homeware > Decor, Homeware",
31136,6P9M2P31038,Kristal Istanbul Collection - 8656A,simple,True,makokoya,3050,True,True,True,"Homeware > Decor > Carpets\, Mats & Rugs > Carpets & Rugs, Homeware > Decor, Homeware",
31174,TE912U31174,INAH SUPERIOR GRAPE JUICE - Cabernet Sauvignon,simple,True,unknown,85,True,True,True,Lifestyle & Everyday Essentials > Inah Superior Grape Juice,
31178,TE912U31174,INAH SUPERIOR GRAPE JUICE - Merlot,simple,True,unknown,85,True,True,True,Lifestyle & Everyday Essentials > Inah Superior Grape Juice,
31182,TE912U31174,INAH SUPERIOR GRAPE JUICE - Shiraz,simple,True,unknown,85,True,True,True,Lifestyle & Everyday Essentials > Inah Superior Grape Juice,
31186,TE912U31174,INAH SUPERIOR GRAPE JUICE - Rossore,simple,True,unknown,85,True,True,True,Lifestyle & Everyday Essentials > Inah Superior Grape Juice,
31189,TE912U31174,INAH SUPERIOR GRAPE JUICE - Sauvignon Blanc,simple,True,unknown,85,True,True,True,Lifestyle & Everyday Essentials > Inah Superior Grape Juice,
31192,34H4IF31192,Palestine Cola Original,variable,True,unknown,,False,True,True,"Lifestyle & Everyday Essentials, Lifestyle & Everyday Essentials > Palestine Cola",no_price
31201,34H4IF31192,Palestine Cola No Sugar,variable,True,unknown,,False,True,True,"Lifestyle & Everyday Essentials, Lifestyle & Everyday Essentials > Palestine Cola",no_price
31242,QCNJ9531242,Table Lamp with Textured Base,variable,True,unknown,,False,True,True,"Homeware > Decor > Candles & Holders, Hardware > Electrical > Lights",no_price
31356,PMLQ620447,SAMSUNG GALAXY TAB S9 FE+ 5G (new),simple,True,unknown,15250,True,True,True,Mobile Tech & Gadgets > Laptops,
31357,E7390,Refurbished DELL E7390 (No Touch) I5 8TH GEN Laptop,simple,True,unknown,3749,True,True,True,Mobile Tech & Gadgets > Laptops,
31358,HP430,HP 430 G3 6TH Gen,simple,True,unknown,3249,True,True,True,Mobile Tech & Gadgets > Laptops,
31359,PRO7,Refurbished SURFACE PRO 7  I5 7TH Gen Laptop,simple,True,unknown,4249,True,True,True,Mobile Tech & Gadgets > Laptops,
31360,MiniI5DESK,LENOVO MINI DESKTOP - I5 4TH GEN 4/128 SSD,simple,True,unknown,1500,True,True,True,Mobile Tech & Gadgets > Laptops,
31361,Z30A,Refurbished TOSHIBA Z30A 6th Gen i5 Lap Top,simple,True,unknown,3200,True,True,True,Mobile Tech & Gadgets > Laptops,
31362,iPad9,iPad 9th Gen 64GB WiFi (New),simple,True,unknown,6150,True,True,True,Mobile Tech & Gadgets > Laptops,
31363,iPad1064,iPad 10th Gen 64GB WiFi (New),simple,True,unknown,6900,True,True,True,Mobile Tech & Gadgets > Laptops,
31364,iPad10265,iPad 10th Gen 256GB WiFi (New),simple,True,unknown,10650,True,True,True,Mobile Tech & Gadgets > Laptops,
31365,iPad-Pro-11-M4-256GB,iPad Pro 11 M4 256GB WiFi Space Black (New),simple,True,unknown,20650,True,True,True,Mobile Tech & Gadgets > Laptops,
31366,iPad-Pro-13-M4-512GB,iPad Pro 13 M4 512GB WiFi Space Black (New),simple,True,unknown,31650,True,True,True,Mobile Tech & Gadgets > Laptops,
31367,S10Ultra,Samsung S10 Ultra Tab 256GB (New),simple,True,unknown,27150,True,True,True,Mobile Tech & Gadgets > Laptops,
31368,Pro9,Microsoft Surface Book Pro 9 (New),simple,True,unknown,20650,True,True,True,Mobile Tech & Gadgets > Laptops,
31369,P50,Refurbished Lenovo P50 INTEL CORE NUM PAD I7 6TH GEN Laptop,simple,True,unknown,4550,True,True,True,Mobile Tech & Gadgets > Laptops,
31370,L570,Refurbished Lenovo L570 INTEL CORE I5 6TH GEN NUM PAD Laptop,simple,True,unknown,3650,True,True,True,Mobile Tech & Gadgets > Laptops,
31371,L380,Refurbished Lenovo L380 (Touch) INTEL CORE I5 8TH GEN Laptop,simple,True,unknown,4350,True,True,True,Mobile Tech & Gadgets > Laptops,
31372,L390,Refurbished Lenovo L390 (Touch) INTEL CORE I5 8TH GEN Laptop,simple,True,unknown,4550,True,True,True,Mobile Tech & Gadgets > Laptops,
31373,T460,Refurbished Lenovo T460 INTEL CORE I7 6TH GEN Laptop,simple,True,unknown,4050,True,True,True,Mobile Tech & Gadgets > Laptops,
31374,T450,Refurbished Lenovo T450 INTEL CORE I5 5TH GEN Laptop,simple,True,unknown,3050,True,True,True,Mobile Tech & Gadgets > Laptops,
31375,T440,Refurbished Lenovo T440 INTEL CORE I5 4TH GEN Laptop,simple,True,unknown,2750,True,True,True,Mobile Tech & Gadgets > Laptops,
31376,T460S,Refurbished Lenovo T460S INTEL CORE I5 6TH GEN Laptop,simple,True,unknown,3350,True,True,True,Mobile Tech & Gadgets > Laptops,
31377,YOGA 260,Refurbished Lenovo YOGA 260 INTEL CORE I5 6TH GEN Laptop,simple,True,unknown,3350,True,True,True,Mobile Tech & Gadgets > Laptops,
31378,X1CARG5,Refurbished Lenovo X1 CARBON GEN5 INTEL CORE I7 8TH GEN Laptop,simple,True,unknown,5050,True,True,True,Mobile Tech & Gadgets > Laptops,
31379,L470,Refurbished Lenovo L470 INTEL CORE I3 6TH GEN Laptop,simple,True,unknown,3550,True,True,True,Mobile Tech & Gadgets > Laptops,
31380,T470,Refurbished Lenovo T470 INTEL CORE I5 6TH GEN Laptop,simple,True,unknown,3550,True,True,True,Mobile Tech & Gadgets > Laptops,
31381,11E,Refurbished Lenovo 11E INTEL CORE I3 6TH GEN Laptop,simple,True,unknown,3050,True,True,True,Mobile Tech & Gadgets > Laptops,
31382,V110,Refurbished Lenovo V110 INTEL CORE I6 6TH GEN NUM PAD Laptop,simple,True,unknown,3550,True,True,True,Mobile Tech & Gadgets > Laptops,
31383,X270,Refurbished Lenovo X270 INTEL CORE I5 6TH GEN Laptop,simple,True,unknown,3350,True,True,True,Mobile Tech & Gadgets > Laptops,
31384,X260,Refurbished Lenovo X260 INTEL CORE I7 6TH GEN Laptop,simple,True,unknown,3650,True,True,True,Mobile Tech & Gadgets > Laptops,
31385,X1CAR2G,Refurbished Lenovo X1 CARBON 2GEN INTEL CORE I7 6TH GEN Laptop,simple,True,unknown,4750,True,True,True,Mobile Tech & Gadgets > Laptops,
31386,T14G2,Refurbished Lenovo T14 GEN2 INTEL CORE I5 12TH GEN Laptop,simple,True,unknown,6050,True,True,True,Mobile Tech & Gadgets > Laptops,
31387,X250,Refurbished Lenovo X250 INTEL CORE I5 5TH GEN Laptop,simple,True,unknown,3050,True,True,True,Mobile Tech & Gadgets > Laptops,
31388,X240,Refurbished Lenovo X240 INTEL CORE I5 4TH GEN Laptop,simple,True,unknown,3050,True,True,True,Mobile Tech & Gadgets > Laptops,
31389,T490S,Refurbished Lenovo T490S INTEL CORE I7 8TH 32/256GB NVME Laptop,simple,True,unknown,5050,True,True,True,Mobile Tech & Gadgets > Laptops,
31390,T480S,Refurbished Lenovo T480S INTEL CORE I7 8TH GEN Laptop,simple,True,unknown,4550,True,True,True,Mobile Tech & Gadgets > Laptops,
31391,X1CARG1,Refurbished Lenovo X1 CARBON GEN1 INTEL CORE I7 5TH GEN Laptop,simple,True,unknown,4050,True,True,True,Mobile Tech & Gadgets > Laptops,
31392,T560,Refurbished Lenovo T560 INTEL CORE I5 6TH GEN NUM PAD Laptop,simple,True,unknown,4150,True,True,True,Mobile Tech & Gadgets > Laptops,
31393,L540,Refurbished Lenovo L540 INTEL CORE I5 4TH GEN NUM PAD Laptop,simple,True,unknown,3050,True,True,True,Mobile Tech & Gadgets > Laptops,
31394,A475,Refurbished Lenovo A475 AMD A12 Laptop,simple,True,unknown,2550,True,True,True,Mobile Tech & Gadgets > Laptops,
31395,W540,Refurbished Lenovo W540 INTEL CORE I5 4TH GEN NUM PAD Laptop,simple,True,unknown,3050,True,True,True,Mobile Tech & Gadgets > Laptops,
31396,T570,Refurbished Lenovo T570 INTEL CORE I5 6TH GEN NUM PAD Laptop,simple,True,unknown,3999,True,True,True,Mobile Tech & Gadgets > Laptops,
31397,L440,Refurbished Lenovo L440 INTEL CORE I3 4TH GEN Laptop,simple,True,unknown,2850,True,True,True,Mobile Tech & Gadgets > Laptops,
31398,T410,Refurbished Lenovo T410 INTEL CORE I5 1ST GEN Laptop,simple,True,unknown,2550,True,True,True,Mobile Tech & Gadgets > Laptops,
31399,X200S,"Refurbished Lenovo X200S COUR 2 DUO, 2GB 160HDD Laptop",simple,True,unknown,2300,True,True,True,Mobile Tech & Gadgets > Laptops,
31400,E5250,Refurbished Lenovo E5250 INTEL CORE I7 5TH GEN Laptop,simple,True,unknown,3800,True,True,True,Mobile Tech & Gadgets > Laptops,
31401,E7290,Refurbished Dell E7290 INTEL CORE I7 8TH GEN Laptop,simple,True,unknown,4700,True,True,True,Mobile Tech & Gadgets > Laptops,
31402,E5450,Refurbished Lenovo E5450 INTEL CORE I5 5TH GEN Laptop,simple,True,unknown,2999,True,True,True,Mobile Tech & Gadgets > Laptops,
31403,E7390T,Refurbished Dell E7390 (Touch) INTEL CORE I5 8TH GEN Laptop,simple,True,unknown,4750,True,True,True,Mobile Tech & Gadgets > Laptops,
31404,E5480,Refurbished Dell E5480 INTEL CORE I5 6TH GEN Laptop,simple,True,unknown,3600,True,True,True,Mobile Tech & Gadgets > Laptops,
31405,E7490,Refurbished Dell E7490 INTEL CORE I7 8TH GEN Laptop,simple,True,unknown,4699,True,True,True,Mobile Tech & Gadgets > Laptops,
31406,E5470,Refurbished Dell E5470 INTEL CORE I5 6TH GEN Laptop,simple,True,unknown,3550,True,True,True,Mobile Tech & Gadgets > Laptops,
31407,E5490,Refurbished Dell E5490 INTEL CORE I5 7TH GEN Laptop,simple,True,unknown,3199,True,True,True,Mobile Tech & Gadgets > Laptops,
31408,E7480,Refurbished Dell E7480 INTEL CORE I7 7TH GEN Laptop,simple,True,unknown,3999,True,True,True,Mobile Tech & Gadgets > Laptops,
31409,E3580,Refurbished Dell E3580 INTEL CORE I3 6TH GEN Laptop,simple,True,unknown,3900,True,True,True,Mobile Tech & Gadgets > Laptops,
31410,E5550,Refurbished Dell E5550 INTEL CORE I5 5TH GEN Laptop,simple,True,unknown,3800,True,True,True,Mobile Tech & Gadgets > Laptops,
31411,E5580,Refurbished Dell E5580 INTEL CORE I5 6TH GEN Laptop,simple,True,unknown,3600,True,True,True,Mobile Tech & Gadgets > Laptops,
31412,E3480,Refurbished Dell E3480 INTEL CORE I3 6TH GEN Laptop,simple,True,unknown,3500,True,True,True,Mobile Tech & Gadgets > Laptops,
31413,E5400,Refurbished Dell E5400 INTEL CORE I5 8TH GEN Laptop,simple,True,unknown,4600,True,True,True,Mobile Tech & Gadgets > Laptops,
31414,E5440,Refurbished Dell E5440 INTEL CORE I5 4TH GEN/120GB SSD Laptop,simple,True,unknown,2999,True,True,True,Mobile Tech & Gadgets > Laptops,
31415,E7270,Refurbished Dell E7270 INTEL CORE I7 6TH GEN Laptop,simple,True,unknown,4250,True,True,True,Mobile Tech & Gadgets > Laptops,
31416,E5410,Refurbished Dell E5410 INTEL CORE I5 10TH GEN Laptop,simple,True,unknown,5200,True,True,True,Mobile Tech & Gadgets > Laptops,
31417,VOSTRO 3568,Refurbished Dell VOSTRO 3568 INTEL CORE I5 7TH GEN NUM PAD Laptop,simple,True,unknown,4299,True,True,True,Mobile Tech & Gadgets > Laptops,
31418,E5290,Refurbished DELL E5290 2IN1 INTEL CORE I5 7TH GEN Laptop,simple,True,unknown,3900,True,True,True,Mobile Tech & Gadgets > Laptops,
31419,E5285,Refurbished DELL E5285 2IN1 INTEL CORE I5 7TH GEN Laptop,simple,True,unknown,3950,True,True,True,Mobile Tech & Gadgets > Laptops,
31420,INSI58G,Refurbished Dell INSPIRON INTEL CORE I5 8TH GEN Laptop,simple,True,unknown,4650,True,True,True,Mobile Tech & Gadgets > Laptops,
31421,E7440,Refurbished Dell E7440 INTEL CORE I5 4TH GEN Laptop,simple,True,unknown,3200,True,True,True,Mobile Tech & Gadgets > Laptops,
31422,E5300,Refurbished Dell E5300 (No Touch) INTEL CORE I7 8TH GEN Laptop,simple,True,unknown,4800,True,True,True,Mobile Tech & Gadgets > Laptops,
31423,E5300T,Refurbished Dell E5300 2IN1 (Touch) INTEL CORE I5 8TH GEN Laptop,simple,True,unknown,4600,True,True,True,Mobile Tech & Gadgets > Laptops,
31424,E7280,Refurbished Dell E7280 INTEL CORE I5 6TH GEN Laptop,simple,True,unknown,3550,True,True,True,Mobile Tech & Gadgets > Laptops,
31425,Z30C,Refurbished Z30C INTEL CORE I5 6TH GEN Laptop,simple,True,unknown,3999,True,True,True,Mobile Tech & Gadgets > Laptops,
31426,RM MOBI 300,Refurbished RM MOBI 300 INTEL CORE I5 6TH GEN Laptop,simple,True,unknown,4200,True,True,True,Mobile Tech & Gadgets > Laptops,
31427,FUJITSU U745,Refurbished Fujitsu  U745 INTEL CORE I5 8TH GEN 8GB/256 NVME Laptop,simple,True,unknown,5500,True,True,True,Mobile Tech & Gadgets > Laptops,
31428,DELL 3070,Refurbished Dell 3070 INTEL CORE I5 9TH GEN 4/128SSD Desktop,simple,True,unknown,3999,True,True,True,Mobile Tech & Gadgets > Desktops,
31429,DELL 5060,Refurbished Dell 5060 INTEL CORE  Desktop,simple,True,unknown,3499,True,True,True,Mobile Tech & Gadgets > Desktops,
31430,DELL 5070,Refurbished Dell 5070 INTEL CORE  Desktop,simple,True,unknown,3599,True,True,True,Mobile Tech & Gadgets > Desktops,
31431,DELL 7070,Refurbished Dell 7070 INTEL CORE  Desktop,simple,True,unknown,3999,True,True,True,Mobile Tech & Gadgets > Desktops,
31432,DELL 7060,Refurbished Dell 7060 INTEL CORE  Desktop,simple,True,unknown,3980,True,True,True,Mobile Tech & Gadgets > Desktops,
31433,HP PRO,Refurbished HP PRO INTEL CORE I5 9TH GEN Desktop,simple,True,unknown,4800,True,True,True,Mobile Tech & Gadgets > Desktops,
31434,DELL3060,Refurbished Dell 3060 INTEL CORE I5 8TH GEN Desktop,simple,True,unknown,3950,True,True,True,Mobile Tech & Gadgets > Desktops,
31601,XRN2I731601,50Pc Round Air Fryer Paper,simple,True,unknown,90,True,True,True,"Homeware > Kitchenware > Cookware & Bakeware, Homeware > Kitchenware",
31607,XRN2I731601,50Pc Square Air Fryer Paper,variable,True,unknown,,False,True,True,"Homeware > Kitchenware > Cookware & Bakeware, Homeware > Kitchenware",no_price
31616,MSQ82431616,6L Condere Air Fryer,simple,True,unknown,599,True,True,True,"Homeware > Appliances > Small Appliances > Cookers, Homeware, Homeware > Appliances > Small Appliances",
31620,5523A831620,12L Condere Air Fryer,simple,True,unknown,1299,True,True,True,"Homeware > Appliances > Small Appliances > Cookers, Homeware, Homeware > Appliances > Small Appliances",
31623,14Q95O31623,5L Condere Electric Pressure Cooker - HD60-1005,simple,True,unknown,1200,True,True,True,"Homeware > Appliances > Small Appliances > Cookers, Homeware, Homeware > Slow Cookers, Homeware > Appliances > Small Appliances",
31627,3XE28T31627,Condere Chafing Dish with Two Double Pan Burners,simple,True,unknown,650,True,True,False,"Homeware, Homeware > Kitchenware",no_description
31630,5MWSQ331630,Conder Energy 3KVA 2.4KW 24V Solar Inverter S-2830,simple,True,power_warehouse,3200,True,True,False,"Hardware, Hardware > Electrical > Loadshedding > Inverters, Hardware > Electrical > Loadshedding > Solar",no_description
31634,1X3JE331634,Itel  LifePO4 Battery 100Ah,simple,True,power_warehouse,3850,True,True,False,"Hardware > Electrical > Loadshedding > Batteries & Power Banks, Hardware > Electrical, Hardware",no_description
31636,CI42X931636,Gold/Black Chandelier,simple,False,unknown,,False,True,False,"Homeware > Decor, Homeware",no_price|no_description
31640,CI42X931636,Gold Chandelier,simple,False,unknown,,False,True,False,"Homeware > Decor, Homeware",no_price|no_description
31643,CI42X931636,White/ Gold Chandelier,simple,False,unknown,,False,True,False,"Homeware > Decor, Homeware",no_price|no_description
31646,WXRT5731646,Electric Frying Pan,simple,True,unknown,650,True,True,False,"Homeware > Appliances > Small Appliances > Cookers, Homeware, Homeware > Appliances > Small Appliances",no_description
31650,MVE8U731650,Vacuum Cleaner,simple,True,unknown,2899,True,True,False,"Homeware > Cleaning & Organization > Cleaning, Homeware, Homeware > Appliances > Small Appliances",no_description
31653,5DM4VE31653,Non Stick Pan Caker Maker/Tawa,variable,True,unknown,,False,True,True,"Homeware > Appliances > Small Appliances > Cookers, Homeware, Homeware > Appliances > Small Appliances",no_price
31656,LDWQ9V31656,Silicon 2Pc Collapsing Filter Baskets/Colanders,simple,True,unknown,250,True,True,False,"Homeware, Homeware > Kitchenware > Kitchen Organization",no_description
31659,L3885531659,Glass Clip Lock Storage Container,simple,True,unknown,250,True,True,False,"Homeware > Kitchenware > Food Storage Containers, Homeware, Homeware > Kitchenware",no_description
31662,F03413,7Pc Food Storage Container,simple,True,impulse,300,True,True,False,"Homeware > Kitchenware > Food Storage Containers, Homeware, Homeware > Kitchenware",no_description
31665,L3885531659,Purple Food Storage Container,simple,False,unknown,,False,True,False,"Homeware > Kitchenware > Food Storage Containers, Homeware, Homeware > Kitchenware",no_price|no_description
31668,L3885531659,Green Food Storage Container,simple,False,unknown,,False,True,False,"Homeware > Kitchenware > Food Storage Containers, Homeware, Homeware > Kitchenware",no_price|no_description
31675,L3885531659,Food Storage Container,simple,False,unknown,,False,True,False,"Homeware > Kitchenware > Food Storage Containers, Homeware, Homeware > Kitchenware",no_price|no_description
31677,U149WL31677,Oven Bake Tray,simple,True,unknown,500,True,True,False,"Homeware > Kitchenware > Cookware & Bakeware, Homeware, Homeware > Kitchenware",no_description
31679,L3885531659,Blue Food Storage Container,simple,False,unknown,,False,True,False,"Homeware > Kitchenware > Food Storage Containers, Homeware, Homeware > Kitchenware",no_price|no_description
31683,3W319531683,Premium Sneaker Solution,simple,True,unknown,199,True,True,True,"Homeware > Cleaning & Organization > Cleaning, Homeware",
31691,RX3EL131691,Shoe Laundry Bag,simple,True,unknown,300,True,True,True,"Homeware > Cleaning & Organization > Cleaning, Homeware, Homeware > Cleaning & Organization > Laundry",
31727,76W9OB31727,Eid Mubarak Yellow Portable Tumbler,simple,True,unknown,300,True,True,False,"Homeware > Dining > Drinkware, Lifestyle & Everyday Essentials > Novelty, Homeware > Dining > Drinkware > Tumblers",no_description
31786,UQV1WG31786,Electric Pressure Cooker,simple,True,unknown,1999,True,True,True,"Homeware > Appliances > Small Appliances > Cookers, Homeware, Homeware > Appliances > Small Appliances",
31793,Q4BDPF31793,Condere Plus Ice Maker,simple,True,unknown,2200,True,True,True,"Homeware > Appliances > Small Appliances > Ice Makers, Homeware > Appliances > Small Appliances",
31801,TX98XA31801,"Lexuco 55"" UHD 4K Frameless Google TV",simple,True,unknown,6999,True,True,True,"Mobile Tech & Gadgets, Mobile Tech & Gadgets > Tv's",
31984,F02549-01,Circular Saw Blade - 24 Teeth,variable,True,unknown,,False,True,True,"Hardware > Cutting Tools > Circular Saw Blade, Hardware > Cutting Tools, Hardware",no_price
32066,F02553-01,40 Teeth Circular Saw,variable,False,unknown,,False,True,True,Hardware > Cutting Tools,no_price
32092,,General Work Gloves,simple,False,unknown,,False,True,True,Hardware > Safety Gear,no_price|no_sku
32096,F02566-01,General Purpose Blue Work Gloves,simple,False,unknown,,False,True,True,Hardware > Safety Gear,no_price
32102,F03158,General Purpose Gloves Cray fish 80G,simple,False,impulse,,False,True,True,Hardware > Safety Gear,no_price
32105,F02570,Industrial Gloves - Yellow Comarex,simple,False,impulse,,False,True,True,Hardware > Safety Gear,no_price
32119,F03155,Anti-cut Gloves,simple,False,impulse,,False,True,True,Hardware > Safety Gear,no_price
32122,F03156,Heavy Duty Reflective all purpose gloves,simple,False,impulse,,False,True,True,Hardware > Safety Gear,no_price
32126,,Lantern,variable,False,power_warehouse,,False,True,True,Hardware > Electrical > Loadshedding,no_price|no_sku
32132,F01293,Chimney Lamp,simple,False,impulse,,False,True,True,"Lifestyle & Everyday Essentials, Hardware > Electrical > Loadshedding",no_price
32135,F00486,Lamp Base and Burner with Holder,simple,True,impulse,27.50,True,True,True,Lifestyle & Everyday Essentials > Christmas > Festive Decor,
32138,F02157,Candle Holder (Metal),simple,False,impulse,,False,True,True,Lifestyle & Everyday Essentials > Christmas > Festive Decor,no_price
32141,,Hot Water Bottle,variable,False,unknown,,False,True,True,"All Products, Homeware > Appliances > Small Appliances > Personal Care",no_price|no_sku
32148,F02260,Multipurpose cloth - 5 Pack,simple,False,impulse,,False,True,True,Homeware > Cleaning & Organization > Cleaning,no_price
32151,F00050-01,Vaccum Flask,variable,False,unknown,,False,True,True,All Products,no_price
32165,F00343,Table mat,variable,True,impulse,,False,True,True,"Homeware > Decor, Homeware > Decor > Kitchen & Table Accessories",no_price
32174,F01760,Funnel,simple,False,impulse,,False,True,True,Homeware > Kitchenware,no_price
32184,,Table Mat (perforated),simple,False,makokoya,,False,True,True,Homeware > Kitchenware,no_price|no_sku
32186,F00201- Silver,Table Mat (perforated) Silver,simple,True,makokoya,85.95,True,True,True,Homeware > Kitchenware,
32188,F00201-Black,Table Mat (perforated) Black,simple,True,makokoya,85.95,True,True,True,Homeware > Kitchenware,
32191,F00201-White,Table Mat (perforated) White,simple,True,makokoya,85.95,True,True,True,Homeware > Kitchenware,
32201,F02811,Clear veg packet (500's),simple,False,impulse,,False,True,True,Homeware > Kitchenware,no_price
32206,F02874,10PK + Foil Lid - 450ML,simple,False,impulse,,False,True,True,"Homeware > Kitchenware > Cookware & Bakeware, Homeware > Kitchenware > Food Storage Containers, Homeware > Kitchenware > Kitchen Organization",no_price
32212,F02758,10 PK + Foil Lid - 1100ML,simple,False,impulse,,False,True,True,"Homeware > Kitchenware > Cookware & Bakeware, Homeware > Kitchenware > Food Storage Containers, Homeware > Kitchenware > Kitchen Organization",no_price
32214,F02787,5 PK + Aluminium  Lid - 3500 ML (Copy),simple,False,impulse,,False,True,True,"Homeware > Kitchenware > Cookware & Bakeware, Homeware > Kitchenware > Food Storage Containers, Homeware > Kitchenware > Kitchen Organization",no_price
32216,F02788,5 PK + Plastic Lid - 4900 ML,simple,False,impulse,,False,True,True,"Homeware > Kitchenware > Cookware & Bakeware, Homeware > Kitchenware > Food Storage Containers, Homeware > Kitchenware > Kitchen Organization",no_price
32218,F02788-1,2 PK + Plastic Lid - 9700 ML,simple,False,unknown,,False,True,True,"Homeware > Kitchenware > Cookware & Bakeware, Homeware > Kitchenware > Food Storage Containers, Homeware > Kitchenware > Kitchen Organization",no_price
32235,F01761,Wicks (large),simple,False,impulse,,False,True,True,Homeware > Decor > Candles & Holders,no_price
32245,F02251,Catering Table - Black,simple,False,impulse,,False,True,True,Homeware > Decor > Kitchen & Table Accessories,no_price
32248,F00417,Catering Table - White,simple,True,impulse,399,True,True,True,Homeware > Kitchenware,
32252,F020351,Dustpan and Brush Set BG,simple,False,unknown,,False,True,True,Homeware > Cleaning & Organization > Brushware,no_price
32255,F02004,Dustpan and Brush Set Assorted,simple,False,impulse,,False,True,True,Homeware > Cleaning & Organization > Brushware,no_price
32259,F02416,Bin Funky Col 65LT BG,simple,False,impulse,,False,True,True,Homeware > Kitchenware,no_price
32263,F02364,Bin Funky Col 25LT BG,simple,False,impulse,,False,True,True,Homeware > Kitchenware,no_price
32265,F02359,Hangers 10's Plastic Virgin High Quality BG,simple,False,impulse,,False,True,True,Homeware,no_price
32268,F02369,Ekamba Black,simple,False,impulse,,False,True,True,Homeware > Kitchenware,no_price
32273,F02093,Laundry basket (assorted colours),simple,False,impulse,,False,True,True,Homeware > Cleaning & Organization > Laundry,no_price
32277,F02082,Laundry basket (Lucy),simple,False,impulse,,False,True,True,Homeware > Cleaning & Organization > Laundry,no_price
32280,F02354,Linen Basket rectangular plastic assorted colours,simple,False,impulse,,False,True,True,Homeware > Cleaning & Organization > Laundry,no_price
32283,,Container set (3 in 1) Apple Assorted colours,simple,False,unknown,,False,False,True,,no_price|no_image|no_sku
32285,F02360,Cont. set Apple (3-in-1) assorted colours,simple,False,impulse,,False,True,True,Homeware > Kitchenware > Food Storage Containers,no_price
32289,F02370,Cont. set Oval (3-in-1) assorted colours (Copy),simple,False,unknown,,False,True,True,Homeware > Kitchenware > Food Storage Containers,no_price
32292,F02414,"5L Multi-Purpose Plastic Bucket – Durable, Heavy-Duty Utility for Home, Cleaning & Storage",simple,False,impulse,,False,True,True,"Homeware > Cleaning & Organization, Homeware > Cleaning & Organization > Storage Baskets & Bins",no_price
32298,F02361,Biscuit Barrel 500G (assorted colours),simple,False,impulse,,False,True,True,"Homeware > Kitchenware > Food Storage Containers, Homeware > Kitchenware > Food Storage Containers > Tupperware",no_price
32302,F02297,Microwave cover (assorted colours),simple,False,impulse,,False,True,True,Homeware > Kitchenware,no_price
32305,F02362,Bowl plastic assorted colours,simple,False,impulse,,False,True,True,"Homeware > Cleaning & Organization > Cleaning, Homeware > Cleaning & Organization",no_price
32308,F02323,Basin plastic 64cm - assorted,simple,False,impulse,,False,True,True,"Homeware > Cleaning & Organization > Cleaning, Homeware > Cleaning & Organization",no_price
32316,F01996,Bath Oval 50LT Buzz,simple,False,impulse,,False,True,True,Homeware > Kitchenware,no_price
32319,F01998,Bath Oval 90LT Buzz (Copy),simple,False,impulse,,False,True,True,Homeware > Kitchenware,no_price
32321,F02367,Bath Oval 120LT,simple,True,impulse,102.50,True,True,True,Homeware > Kitchenware,
32323,F02367-1,Baby bath,simple,False,unknown,,False,True,True,Homeware > Kitchenware,no_price
32505,,Electric Induction Cooker,simple,False,unknown,,False,False,False,,no_price|no_image|no_description|no_sku
32640,SawKit-1,Hole Saw Kit (Copy),variable,False,unknown,,False,True,True,"Hardware > Cutting Tools, Hardware, Lifestyle & Everyday Essentials > Under R99",no_price
