ID,Type,SKU,Name,Published,Is featured?,Visibility in catalog,Short description,Description,Date sale price starts,Date sale price ends,Tax status,Tax class,In stock?,Stock,Low stock amount,Backorders allowed?,Sold individually?,Weight (kg),Length (cm),Width (cm),Height (cm),Allow customer reviews?,Purchase note,Sale price,Regular price,Categories,Tags,Shipping class,Images,Download limit,Download expiry days,Parent,Grouped products,Upsells,Cross-sells,External URL,Button text,Position,Attribute 1 name,Attribute 1 value(s),Attribute 1 visible,Attribute 1 global,Attribute 2 name,Attribute 2 value(s),Attribute 2 visible,Attribute 2 global,Attribute 3 name,Attribute 3 value(s),Attribute 3 visible,Attribute 3 global,Meta: title,Meta: description,Meta: keywords,_yoast_wpseo_title,_yoast_wpseo_metadesc,_yoast_wpseo_focuskw,Meta: _yoast_wpseo_metadesc,Brands
9562,simple,F00273,Sad Iron Chrome,1,0,visible,"The Sad Iron Chrome is a classic, reliable iron perfect for pressing clothes without electricity. Its chrome finish ensures durability and even heat distribution. An essential addition to any South African home, especially during loadshedding periods.","<p>The Sad Iron Chrome is a traditional, non-electric iron that delivers excellent pressing results the old-fashioned way. This versatile appliance is ideal for South African households looking to reduce electricity consumption during loadshedding or simply preferring a chemical-free pressing method.</p><p><strong>Key Features:</strong></p><ul><li>Chrome finish for durability and corrosion resistance</li><li>No electricity required - perfect for loadshedding</li><li>Lightweight and easy to handle</li><li>Even heat distribution for professional results</li><li>Suitable for all fabric types</li><li>Low maintenance and long-lasting</li><li>Compact storage footprint</li><li>Environmentally friendly alternative to electric irons</li></ul><p>Simply heat on your stove or over an open flame and enjoy wrinkle-free clothes. The Sad Iron Chrome combines nostalgia with practicality, making it an excellent backup iron or primary choice for eco-conscious households. Whether you're dealing with load shedding or embracing sustainable living, this chrome iron is a smart investment for your home laundry needs.</p>",,,taxable,,1,,,0,0,,,,,1,,,180.0,"All Products, Homeware > Appliances, Homeware > Cleaning & Organization, Homeware > Decor, Homeware, Homeware > Appliances > Small Appliances > Irons, Homeware > Cleaning & Organization > Laundry, Hardware > Electrical > Loadshedding, Homeware > Appliances > Small Appliances",,,,,,,,,,,,,,,,,,,,,,,,,Sad Iron Chrome - Non-Electric Pressing Iron,"Classic Sad Iron Chrome for pressing clothes without electricity. Perfect for loadshedding. Durable, reliable and affordable at R180. Shop now!",sad iron chrome non-electric,Sad Iron Chrome - Non-Electric Pressing Iron,"Classic Sad Iron Chrome for pressing clothes without electricity. Perfect for loadshedding. Durable, reliable and affordable at R180. Shop now!",sad iron chrome non-electric,,Impulse Imports
9640,simple,F01989,Feather Duster Short,0,0,visible,"Keep your home dust-free with our practical Feather Duster Short. Perfect for quick cleanups on shelves, furniture, and hard-to-reach corners, this lightweight cleaning essential is a must-have for every South African household. Affordable quality at just R120.","<p>The Feather Duster Short is your go-to cleaning companion for everyday dust removal around the home. Lightweight and easy to maneuver, it's perfect for dusting shelves, picture frames, furniture, and decorative items without breaking a sweat.</p><p><strong>Key Features:</strong></p><ul><li>Compact short handle design for easy control</li><li>Soft feathers effectively capture dust particles</li><li>Ideal for delicate surfaces and items</li><li>Lightweight and comfortable to use</li><li>Perfect for quick daily cleaning tasks</li><li>Great value at an affordable price</li><li>Essential for every South African home</li></ul><p>Whether you're maintaining a tidy lounge, bedroom, or office space, this feather duster makes cleaning effortless. Its soft bristles are gentle enough for ornaments and collectibles while being tough enough on dust. At just R120, it's an unbeatable addition to your cleaning supplies. Order yours from Happy Harvesting today and keep your home sparkling clean.</p>",,,taxable,,1,31,,0,0,,,,,1,,,120.0,"All Products, Homeware > Cleaning & Organization > Cleaning, Homeware, Lifestyle & Everyday Essentials > Under R99",,,,,,,,,,,,,,,,,,,,,,,,,Feather Duster Short | Home Cleaning Essentials,Shop our affordable Feather Duster Short for R120. Perfect for dusting shelves and furniture. Quick delivery across South Africa.,feather duster short,Feather Duster Short | Home Cleaning Essentials,Shop our affordable Feather Duster Short for R120. Perfect for dusting shelves and furniture. Quick delivery across South Africa.,feather duster short,,Impulse Imports
9895,simple,F02072,C-Breaker Din Rail Black 10A,0,0,visible,"The C-Breaker Din Rail Black 10A is an essential electrical safety device designed to protect your home or business from earth leakage hazards. This compact din rail circuit breaker offers reliable overcurrent and earth fault protection, making it ideal for residential and light commercial applications. Trust Impulse Imports for quality electrical hardware at an affordable price.","<p>The C-Breaker Din Rail Black 10A is a professional-grade circuit breaker that combines safety, reliability, and affordability. Whether you're upgrading your electrical panel or building a new installation, this 10-amp earth leakage breaker is the smart choice for South African homes and businesses.</p><p><strong>Key Features:</strong></p><ul><li>10A rated capacity for optimal load protection</li><li>Din rail mounted design for easy installation</li><li>Earth leakage detection and automatic disconnection</li><li>Compact black finish fits modern electrical enclosures</li><li>Durable construction meets local safety standards</li><li>Cost-effective protection for your property</li><li>Suitable for residential and light commercial use</li></ul><p>This breaker automatically disconnects power when it detects dangerous earth faults, preventing electrical shocks and fires. The din rail mounting system makes installation straightforward, saving you time and money on professional fitting. Backed by Impulse Imports' reputation for quality electrical components, the C-Breaker Din Rail 10A provides peace of mind and reliable performance year after year.</p>",,,taxable,,1,120,,0,0,,,,,1,,,135.0,"All Products, Hardware > Electrical > Earth Leakage, Hardware > Electrical, Lifestyle & Everyday Essentials > Under R99",,,,,,,,,,,,,,,,,,,,,,,,,C-Breaker Din Rail Black 10A | Earth Leakage Protection,Buy C-Breaker Din Rail Black 10A circuit breaker online in South Africa. Earth leakage protection for homes & businesses. Only R135 at Happy Harvesting.,C-Breaker Din Rail 10A earth leakage,C-Breaker Din Rail Black 10A | Earth Leakage Protection,Buy C-Breaker Din Rail Black 10A circuit breaker online in South Africa. Earth leakage protection for homes & businesses. Only R135 at Happy Harvesting.,C-Breaker Din Rail 10A earth leakage,,Impulse Imports
9402,simple,SMGBLENDBLK,Smeg Retro Jug Blender - Black,0,0,visible,"Blend in style with the iconic Smeg Retro Jug Blender in sleek black. This premium Italian-designed blender combines vintage aesthetics with modern performance, perfect for smoothies, soups, and sauces. A timeless kitchen essential that looks as good as it performs.","<p>Experience the perfect blend of retro charm and contemporary functionality with the Smeg Retro Jug Blender in sophisticated black. This stunning kitchen appliance brings Italian design excellence to your countertop, making blending an absolute pleasure.</p><p><strong>Key Features:</strong></p><ul><li>Iconic retro design with modern performance</li><li>Powerful motor for smooth blending results</li><li>Durable glass jug with measurement markings</li><li>Multiple speed settings and pulse function</li><li>Stainless steel blades for superior cutting</li><li>Anti-slip feet for stability</li><li>Easy-to-clean design</li><li>Premium Italian engineering and craftsmanship</li><li>Ideal for smoothies, soups, sauces, and more</li><li>Elegant black finish complements any kitchen decor</li></ul><p>Whether you're creating nutrient-packed smoothies, velvety soups, or homemade nut butters, this blender delivers consistent, professional results. The timeless retro aesthetic makes it a stylish addition to modern and classic kitchens alike. Invest in quality and design with Smeg.</p>",,,taxable,,1,,,0,0,,,,,1,,,5300.0,"All Products, Homeware > Appliances, Homeware > Appliances > Small Appliances > Blenders & Mixers, Homeware > Appliances > Small Appliances",,,,,,,,,,,,,,,,,,,,,,,,,Smeg Retro Jug Blender Black | Premium Kitchen Blender,"Shop the iconic Smeg Retro Jug Blender in black. Premium Italian design with powerful performance. Perfect for smoothies and soups. R5,300.",Smeg retro jug blender black,Smeg Retro Jug Blender Black | Premium Kitchen Blender,"Shop the iconic Smeg Retro Jug Blender in black. Premium Italian design with powerful performance. Perfect for smoothies and soups. R5,300.",Smeg retro jug blender black,,Hirschs
9403,simple,9902044216519,Smeg Retro Jug Blender - Blue,0,0,visible,"Blend in style with the iconic Smeg Retro Jug Blender in gorgeous blue. This Italian-designed kitchen powerhouse combines vintage aesthetics with modern performance, perfect for smoothies, soups, and sauces. A statement piece that elevates your kitchen décor while delivering professional-grade blending results.","<p>Experience the perfect fusion of retro charm and contemporary functionality with the Smeg Retro Jug Blender in stunning blue. This iconic Italian-designed appliance brings timeless style to your kitchen while delivering powerful blending performance for all your culinary needs.</p><p><strong>Key Features:</strong></p><ul><li>Iconic retro design in vibrant blue finish</li><li>Powerful motor for smooth blending of fruits, vegetables, and ice</li><li>1.5-litre glass jug with measurement markings</li><li>Multiple speed settings for precise control</li><li>Durable stainless steel blades</li><li>Compact footprint ideal for countertop display</li><li>Easy-to-clean removable jug and blade assembly</li><li>Italian engineering and design excellence</li><li>Perfect for smoothies, soups, nut butters, and cocktails</li></ul><p>Make every blend count with this stunning kitchen essential that doubles as décor. Supplied by Hirschs, a trusted name in quality appliances across South Africa.</p>",,,taxable,,1,,,0,0,,,,,1,,,5300.0,"All Products, Homeware > Appliances, Homeware > Appliances > Small Appliances > Blenders & Mixers, Homeware, Homeware > Appliances > Small Appliances",,,,,,,,,,,,,,,,,,,,,,,,,Smeg Retro Jug Blender Blue | Happy Harvesting,Iconic Smeg Retro Jug Blender in blue. Powerful Italian-designed blender combining vintage style with modern performance. Shop now at Happy Harvesting.,Smeg retro jug blender blue,Smeg Retro Jug Blender Blue | Happy Harvesting,Iconic Smeg Retro Jug Blender in blue. Powerful Italian-designed blender combining vintage style with modern performance. Shop now at Happy Harvesting.,Smeg retro jug blender blue,,Hirschs
9404,simple,9902044216526,Smeg Retro Jug Blender - Mint,0,0,visible,"Blend in style with the iconic Smeg Retro Jug Blender in mint. This vintage-inspired kitchen essential combines stunning aesthetics with powerful blending performance, perfect for smoothies, soups, and sauces. A statement piece that brings retro charm to any South African kitchen.","<p>The Smeg Retro Jug Blender in mint is the perfect fusion of nostalgic design and modern functionality. With its distinctive 1950s silhouette and vibrant mint finish, this blender isn't just a kitchen appliance—it's a style statement.</p><p><strong>Key Features:</strong></p><ul><li>Iconic retro design with authentic Smeg styling</li><li>Powerful motor for smooth blending results</li><li>Large 1.5L glass jug capacity</li><li>Multiple speed settings for precise control</li><li>Stainless steel blades for durability</li><li>Non-slip rubber feet for stability</li><li>Easy-to-clean removable components</li><li>Stylish mint green finish</li><li>Compact footprint perfect for any countertop</li></ul><p>Ideal for creating delicious smoothies, crushing ice, pureeing vegetables, and making creamy soups. The robust construction ensures years of reliable performance, while the timeless design complements both modern and traditional kitchen décor. Invest in a blender that's as beautiful as it is functional.</p>",,,taxable,,1,,,0,0,,,,,1,,,5300.0,"All Products, Homeware > Appliances, Homeware > Appliances > Small Appliances > Blenders & Mixers, Homeware > Appliances > Small Appliances",,,,,,,,,,,,,,,,,,,,,,,,,Smeg Retro Jug Blender Mint | Happy Harvesting,"Shop the iconic Smeg Retro Jug Blender in mint. Vintage design meets powerful performance. R5,300. Free delivery on orders over R500.",Smeg retro jug blender mint,Smeg Retro Jug Blender Mint | Happy Harvesting,"Shop the iconic Smeg Retro Jug Blender in mint. Vintage design meets powerful performance. R5,300. Free delivery on orders over R500.",Smeg retro jug blender mint,,Hirschs
10031,simple,9902054135039,Alco Roofing Screws 75mm,1,0,visible,"Heavy-duty Alco roofing screws measuring 75mm, designed for secure fastening of roofing materials, metal sheets, and cladding. These corrosion-resistant screws provide reliable holding power for both residential and commercial applications. Pack of quality screws at an unbeatable price under R99.","<p>The Alco Roofing Screws 75mm are professional-grade fasteners engineered for superior performance in roofing and metal sheet applications. Whether you're replacing roof panels, installing metal cladding, or securing corrugated iron sheets, these screws deliver exceptional holding power and durability.</p><ul><li>Length: 75mm - ideal for penetrating through metal sheets and securing into timber or steel substrates</li><li>Corrosion-resistant coating to withstand harsh South African weather conditions</li><li>Self-drilling design for easy installation without pre-drilling</li><li>Sharp, aggressive thread pattern for secure fastening</li><li>Suitable for metal roofing, cladding, and industrial applications</li><li>Manufactured to strict quality standards by trusted supplier Makokoya</li><li>Affordable pricing - excellent value for builders and DIY enthusiasts</li></ul><p>Stock these reliable roofing screws for your next project. Fast delivery available across South Africa through Happy Harvesting.</p>",,,taxable,,1,,,0,0,,,,,1,,,40.0,"Hardware > Buidling Materials, Hardware, Hardware > Locks & Clamps, Lifestyle & Everyday Essentials > Under R99",,,,,,,,,,,,,,,,,,,,,,,,,Alco Roofing Screws 75mm | Quality Hardware SA,"Buy Alco Roofing Screws 75mm online at Happy Harvesting. Durable, corrosion-resistant fasteners for roofing & cladding. Only R40!",roofing screws 75mm,Alco Roofing Screws 75mm | Quality Hardware SA,"Buy Alco Roofing Screws 75mm online at Happy Harvesting. Durable, corrosion-resistant fasteners for roofing & cladding. Only R40!",roofing screws 75mm,,Makokoya
10032,simple,9902054135046,Alco Roofing Screws 90mm,1,0,visible,"Durable Alco Roofing Screws 90mm designed for secure fastening of roofing materials, metal sheets, and cladding. These heavy-duty screws offer excellent grip and corrosion resistance, making them ideal for South African weather conditions. Perfect for DIY projects and professional installations.","<p>Alco Roofing Screws 90mm are professional-grade fasteners engineered for reliable performance in demanding roofing applications. Whether you're securing corrugated iron sheets, metal cladding, or other roofing materials, these screws deliver superior holding power and durability.</p><ul><li>Length: 90mm for deep penetration and secure anchoring</li><li>Corrosion-resistant coating protects against rust and weathering</li><li>Self-drilling design simplifies installation without pre-drilling</li><li>Wide washer head distributes load evenly across surfaces</li><li>Suitable for metal-to-metal and metal-to-timber applications</li><li>Ideal for residential and commercial roofing projects</li><li>Excellent value at under R100</li></ul><p>These high-quality roofing screws are manufactured to withstand South Africa's harsh climate conditions, including intense sun, heavy rains, and strong winds. The robust construction ensures long-lasting performance and reduces the need for maintenance or replacement. Stock your toolbox with Alco Roofing Screws for all your building and construction needs.</p>",,,taxable,,1,,,0,0,,,,,1,,,60.0,"Hardware > Buidling Materials, Hardware, Hardware > Locks & Clamps, Lifestyle & Everyday Essentials > Under R99",,,,,,,,,,,,,,,,,,,,,,,,,Alco Roofing Screws 90mm | Hardware & Building,"Buy Alco Roofing Screws 90mm online at Happy Harvesting. Durable, corrosion-resistant fasteners for roofing. Only R60 from Makokoya.",roofing screws 90mm,Alco Roofing Screws 90mm | Hardware & Building,"Buy Alco Roofing Screws 90mm online at Happy Harvesting. Durable, corrosion-resistant fasteners for roofing. Only R60 from Makokoya.",roofing screws 90mm,,Makokoya
,simple,OLED65S85,LG OLED65S85 EVO AI 4K 120Hz Smart TV 65 Inch,1,0,visible,"Experience cinematic brilliance with LG's OLED65S85 EVO AI Smart TV—4K resolution, 120Hz refresh rate, and AI-powered picture enhancement for stunning home entertainment.","<h2>Overview</h2><p>The LG OLED65S85 is a premium 65-inch OLED EVO AI Smart TV that delivers exceptional picture quality with perfect blacks, infinite contrast, and vibrant colours. Engineered with advanced AI technology, this television intelligently upscales content and optimises picture settings in real-time, ensuring every scene looks breathtaking whether you're watching movies, sports, or gaming.</p><p>With 4K resolution and a blazing-fast 120Hz refresh rate, the OLED65S85 is perfect for serious gamers and film enthusiasts who demand the best. The EVO panel technology provides superior brightness and energy efficiency, whilst the smart TV platform offers seamless access to your favourite streaming services and apps.</p><h3>Key Features</h3><ul><li>OLED EVO AI technology with real-time picture optimisation</li><li>4K Ultra HD resolution (3840 x 2160 pixels)</li><li>120Hz refresh rate for ultra-smooth motion and gaming</li><li>Perfect blacks and infinite contrast ratio</li><li>AI upscaling for enhanced clarity on standard content</li><li>Smart TV platform with built-in streaming apps</li><li>Variable refresh rate (VRR) support for gaming</li><li>Dolby Vision and Dolby Atmos support</li><li>Voice control compatibility</li><li>Premium metal stand with sleek design</li></ul><h3>Specifications</h3><ul><li>Screen Size: 65 inches</li><li>Resolution: 4K UHD (3840 x 2160)</li><li>Panel Type: OLED EVO</li><li>Refresh Rate: 120Hz</li><li>Smart TV: Yes with webOS</li><li>HDMI Ports: 4 (HDMI 2.1 compatible)</li><li>Connectivity: Wi-Fi, Bluetooth, Ethernet</li><li>Audio: Stereo speakers with Dolby Atmos</li><li>Power Consumption: Approximately 150W (typical)</li><li>Energy Rating: A-rated efficiency</li><li>Warranty: 3-year manufacturer's warranty</li></ul><p>Upgrade your home entertainment experience with the LG OLED65S85—where cutting-edge technology meets stunning visual performance. Order yours today and enjoy free delivery and installation across South Africa.</p>",,,taxable,,1,10,2,0,0,18.5,145.2,83.4,8.7,1,,,34998.75,Electronics > Televisions > 4K OLED TVs,"LG, OLED TV, 4K Smart TV, 65 inch television, Premium Entertainment",,https://pisces.bbystatic.com/image2/BestBuy_US/images/products/180a34c7-337b-4f52-827e-294d5cc718c2.jpg,,,,,,,,,,Brand,LG,1,1,Model,OLED65S85,1,,,,,,"LG OLED65S85 4K 120Hz OLED Smart TV 65"" | SA",LG OLED65S85 65-inch 4K OLED TV with 120Hz refresh rate and AI picture enhancement. Premium picture quality for movies and gaming. Shop now!,"LG OLED65S85, 65 inch OLED TV, 4K Smart TV, 120Hz television, EVO OLED, premium TV South Africa, gaming TV, 4K UHD television",%%title%% - %%sitename%%,LG OLED65S85 65-inch 4K OLED TV with 120Hz refresh rate and AI picture enhancement. Premium picture quality for movies and gaming. Shop now!,LG OLED65S85 65 inch 4K OLED TV South Africa,,LG
,simple,QA85Q7FAALXXA,"Samsung QA85Q7FAALXXA 85"" 4K QLED AI TV",1,0,visible,Experience stunning 4K picture quality with Samsung's advanced QLED technology and AI upscaling on this massive 85-inch display.,"<h2>Overview</h2><p>The Samsung QA85Q7FAALXXA is a premium 85-inch 4K QLED television that brings cinema-quality entertainment into your home. Featuring Samsung's proprietary Quantum Dot technology and AI-powered picture enhancement, this flagship model delivers breathtaking colour accuracy and brightness levels that rival professional displays. Whether you're streaming your favourite content, gaming, or watching live sports, the expansive 85-inch screen immerses you in every moment.</p><p>Designed for modern households that demand premium performance, the QA85Q7FAALXXA combines sleek aesthetics with intelligent processing power. The advanced AI upscaling technology enhances lower-resolution content to near-4K quality, ensuring everything you watch looks exceptional. Perfect for large living spaces and entertainment enthusiasts across South Africa who refuse to compromise on visual excellence.</p><h3>Key Features</h3><ul><li>85-inch 4K QLED display with Quantum Dot technology</li><li>AI-powered picture upscaling and enhancement</li><li>High brightness levels for superior contrast and colour depth</li><li>Smart TV functionality with multiple streaming apps</li><li>Smooth motion handling ideal for sports and gaming</li><li>Premium audio output for immersive sound</li><li>Sleek modern design with minimal bezels</li></ul><h3>Specifications</h3><ul><li>Screen Size: 85 inches</li><li>Resolution: 4K Ultra HD (3840 x 2160)</li><li>Panel Type: QLED (Quantum Dot LED)</li><li>Model Number: QA85Q7FAALXXA</li><li>Smart TV: Yes with built-in apps</li><li>HDR Support: Yes</li><li>Refresh Rate: 60Hz native</li><li>Connectivity: HDMI, USB, WiFi, Bluetooth</li></ul><p>Don't miss out on this exceptional entertainment upgrade. Order the Samsung QA85Q7FAALXXA 85"" 4K QLED AI TV today and transform your viewing experience. With prices this competitive in South Africa, stocks are moving fast—secure yours now!</p>",,,taxable,,1,10,2,0,0,42.5,190.5,110.2,6.8,1,,,24998.75,Electronics > Televisions > 4K TVs,"85-inch-tv, 4K-QLED-television, Samsung-premium-TV, AI-upscaling-TV, large-screen-entertainment",,https://images.samsung.com/is/image/samsung/p6pim/us/qn85qn1efafxza/gallery/us-neo-qled-qn85qn1efafxza-qn--qn-efafxza-546228314?$product-details-thumbnail-jpg$,,,,,,,,,,Brand,Samsung,1,1,Model,QA85Q7FAALXXA,1,,,,,,"Samsung 85"" 4K QLED AI TV QA85Q7FAALXXA","Samsung QA85Q7FAALXXA 85"" 4K QLED AI TV with quantum dot technology and AI upscaling. Premium entertainment for South African homes. Shop now!","Samsung QLED TV, 85 inch 4K TV, QA85Q7FAALXXA, quantum dot television, AI TV South Africa, ultra HD TV, large screen TV, premium QLED",%%title%% - %%sitename%%,"Samsung QA85Q7FAALXXA 85"" 4K QLED AI TV with quantum dot technology and AI upscaling. Premium entertainment for South African homes. Shop now!",Samsung 85 inch 4K QLED TV South Africa,,Samsung
,simple,H2219,Samsung 12000BTU Non Inverter Aircon - Cooling Solution,1,0,visible,Samsung 12000BTU non-inverter air conditioner delivers powerful cooling for medium rooms with energy-efficient performance and reliable temperature control.,"<h2>Overview</h2><p>The Samsung 12000BTU Non Inverter Aircon (Model H2219) is a robust cooling solution designed for South African homes and offices. This unit combines reliable performance with straightforward operation, making it an ideal choice for medium-sized rooms up to 35m². With its non-inverter compressor technology, this air conditioner provides consistent cooling power when you need it most, ensuring your space stays comfortable throughout hot summer months.</p><p>Built with Samsung's reputation for quality and durability, this 12000BTU unit offers excellent value for money. Whether you're cooling a bedroom, lounge, or office space, this aircon delivers the performance you expect from a trusted brand, backed by professional installation and after-sales support across South Africa.</p><h3>Key Features</h3><ul><li>12000BTU cooling capacity suitable for rooms up to 35m²</li><li>Non-inverter compressor technology for reliable, consistent performance</li><li>Energy-efficient operation helps reduce electricity costs</li><li>Easy-to-use controls and remote operation</li><li>Durable Samsung engineering and build quality</li><li>Suitable for bedrooms, living rooms, and office spaces</li></ul><h3>Specifications</h3><ul><li><strong>Brand:</strong> Samsung</li><li><strong>Model:</strong> H2219</li><li><strong>Cooling Capacity:</strong> 12000BTU</li><li><strong>Compressor Type:</strong> Non-Inverter</li><li><strong>Room Size Coverage:</strong> Up to 35m²</li><li><strong>Energy Efficiency:</strong> Non-inverter technology</li><li><strong>Installation:</strong> Professional installation recommended</li></ul><p><strong>Ready to beat the heat?</strong> Order your Samsung 12000BTU Non Inverter Aircon today and enjoy reliable cooling comfort. With our fast delivery across South Africa and professional installation options, staying cool has never been easier. Shop now and save with our competitive pricing!</p>",,,taxable,,1,10,2,0,0,35,75,23,18,1,,,8748.75,Home Appliances > Cooling & Heating > Air Conditioners,"aircon, air-conditioning, cooling, samsung, 12000btu",,https://airconworld.b-cdn.net/wp-content/uploads/2022/10/Samsung-AR3000-Wall-Split-9000-Btu-Non-Inverter-Air-Conditioner-outdoor.jpg,,,,,,,,,,Brand,Samsung,1,1,Model,H2219,1,,,,,,Samsung 12000BTU Non Inverter Aircon H2219 SA,Samsung 12000BTU non-inverter air conditioner (H2219) - powerful cooling for medium rooms. Shop now and enjoy reliable performance at great prices in South Africa.,"Samsung aircon, 12000BTU air conditioner, non-inverter aircon, H2219 aircon, cooling unit South Africa, window aircon, room air conditioner, energy-efficient cooling",%%title%% - %%sitename%%,Samsung 12000BTU non-inverter air conditioner (H2219) - powerful cooling for medium rooms. Shop now and enjoy reliable performance at great prices in South Africa.,Samsung 12000BTU non-inverter aircon South Africa,,Samsung
,simple,H3319,Samsung 12000BTU R32 Inverter Air Conditioner,1,0,visible,Beat the heat with Samsung's efficient 12000BTU R32 inverter aircon—whisper-quiet cooling and lower energy bills for year-round comfort.,"<h2>Overview</h2><p>Stay cool and comfortable all year round with the Samsung 12000BTU R32 Inverter Air Conditioner. This energy-efficient unit combines advanced inverter technology with eco-friendly R32 refrigerant to deliver powerful cooling performance while keeping your electricity costs down. Perfect for bedrooms, living rooms, and small offices across South Africa.</p><p>The inverter compressor adjusts cooling capacity based on demand, ensuring optimal comfort without wasting energy. With its sleek design and whisper-quiet operation, this Samsung aircon integrates seamlessly into any space while maintaining consistent temperature control even during load-shedding challenges.</p><h3>Key Features</h3><ul><li>12000BTU cooling capacity—ideal for rooms up to 20m²</li><li>R32 eco-friendly refrigerant—environmentally responsible cooling</li><li>Inverter technology—reduces energy consumption by up to 40%</li><li>Whisper-quiet operation—as low as 22dB for undisturbed comfort</li><li>Smart temperature control—maintains your desired setting automatically</li><li>Durable Samsung engineering—built to last in South African climate</li></ul><h3>Specifications</h3><ul><li>Brand: Samsung</li><li>Cooling Capacity: 12000BTU/hour</li><li>Refrigerant: R32 (environmentally friendly)</li><li>Compressor Type: Inverter</li><li>Energy Efficiency: A+ rated</li><li>Noise Level: 22dB (indoor unit)</li><li>Warranty: 2 years manufacturer</li><li>Installation: Professional installation recommended</li></ul><p><strong>Invest in reliable, efficient cooling today.</strong> Order your Samsung 12000BTU R32 Inverter Air Conditioner online and enjoy superior comfort backed by Samsung's trusted quality. Free delivery on orders over R500. Contact our team for professional installation quotes.</p>",,,taxable,,1,10,2,0,0,35,84,25,18,1,,,11248.75,Home & Garden > Cooling & Heating > Air Conditioning Units,"airconditioning, cooling, energy-efficient, inverter-technology, samsung",,,,,,,,,,,,Brand,Samsung,1,1,Model,H3319,1,,,,,,Samsung 12000BTU R32 Inverter Aircon | Energy Efficient,"Samsung 12000BTU R32 inverter aircon—eco-friendly, energy-efficient cooling for R11,248.75. Save on electricity. Fast delivery & installation available.","Samsung aircon, 12000BTU air conditioner, R32 inverter aircon, energy efficient cooling, South Africa aircon, inverter air conditioner, eco-friendly cooling, bedroom AC unit",%%title%% - %%sitename%%,"Samsung 12000BTU R32 inverter aircon—eco-friendly, energy-efficient cooling for R11,248.75. Save on electricity. Fast delivery & installation available.",Samsung 12000BTU R32 inverter aircon South Africa,,Samsung
,simple,,Samsung 60W Black Side by Side Bespoke Food Showcase Fridge,1,0,visible,Premium Samsung Bespoke side-by-side fridge with food showcase glass doors and sophisticated black finish. Energy-efficient cooling for modern kitchens.,"<h2>Overview</h2><p>Experience luxury refrigeration with the Samsung 60W Black Side by Side Food Showcase Bespoke Fridge, designed for homeowners who demand both style and functionality. This premium appliance features elegant glass showcase doors that display your fresh groceries while maintaining optimal temperature control. The Bespoke design seamlessly integrates into contemporary kitchen spaces, offering a sophisticated black finish that complements any décor.</p><p>Perfect for large South African families, this side-by-side configuration provides ample storage capacity with dedicated compartments for fresh produce, beverages, and frozen goods. The innovative food showcase technology allows you to view contents at a glance, reducing energy waste from prolonged door openings while keeping your kitchen looking stunning.</p><h3>Key Features</h3><ul><li>60W capacity with side-by-side refrigerator and freezer sections</li><li>Food Showcase glass doors for elegant display and visibility</li><li>Bespoke black finish for modern aesthetic appeal</li><li>Energy-efficient cooling system to reduce electricity costs</li><li>Smart temperature management for optimal food preservation</li><li>Spacious shelving and compartments for organised storage</li><li>Quiet operation suitable for open-plan living spaces</li></ul><h3>Specifications</h3><ul><li>Brand: Samsung</li><li>Type: Side by Side Refrigerator with Food Showcase</li><li>Capacity: 60W configuration</li><li>Colour: Black</li><li>Design Range: Bespoke Series</li><li>Door Type: Glass Showcase Doors</li><li>Energy Rating: High efficiency</li><li>Warranty: Samsung standard domestic warranty</li></ul><p>Upgrade your kitchen with this stunning Samsung Bespoke fridge. Shop now and enjoy premium cooling technology combined with contemporary design. Limited stock available at exceptional value.</p>",,,taxable,,1,10,2,0,0,95,91,73,178,1,,,37498.75,Home Appliances > Kitchen Appliances > Refrigerators,"Samsung, Bespoke Fridge, Side by Side, Food Showcase, Black Appliances",,https://img.global.news.samsung.com/in/wp-content/uploads/2023/01/14471_SBS-KV_Body_3000x2000.jpg,,,,,,,,,,Brand,Samsung,1,1,,,,,,,,,Samsung 60W Black Bespoke Side by Side Fridge,"Samsung 60W Black Bespoke Side by Side Food Showcase Fridge. Premium glass doors, energy-efficient cooling. Shop now at best prices in South Africa.","Samsung Bespoke fridge, side by side refrigerator, food showcase fridge, black fridge South Africa, premium refrigerator, energy efficient fridge, luxury appliances",%%title%% - %%sitename%%,"Samsung 60W Black Bespoke Side by Side Food Showcase Fridge. Premium glass doors, energy-efficient cooling. Shop now at best prices in South Africa.",Samsung Bespoke side by side food showcase fridge,,Samsung
,simple,,Smeg 90cm Cooker with Gas Hob - Premium Stainless Steel,1,0,visible,Smeg 90cm gas cooker combines Italian design with professional performance. Ideal for serious home chefs seeking reliability and style.,"<h2>Overview</h2><p>The Smeg 90cm Cooker with Gas Hob is the ultimate centrepiece for modern kitchens. This premium appliance merges authentic Italian craftsmanship with contemporary cooking technology, delivering exceptional performance for everyday meals and entertaining. Built to last, Smeg cookers are trusted by home chefs across South Africa for their durability and striking aesthetic appeal.</p><p>With its generous 90cm width, this gas cooker offers ample cooking space and multiple burners for simultaneous meal preparation. The robust stainless steel construction ensures years of reliable use, whilst the sleek design complements any kitchen style—from contemporary to traditional décor.</p><h3>Key Features</h3><ul><li>90cm professional-grade gas hob with multiple burners</li><li>Durable stainless steel construction</li><li>Italian-engineered performance and reliability</li><li>Spacious cooking surface for family meals</li><li>Contemporary design that enhances kitchen aesthetics</li><li>Premium quality build for long-term value</li></ul><h3>Specifications</h3><ul><li>Brand: Smeg</li><li>Cooker Width: 90cm</li><li>Hob Type: Gas</li><li>Finish: Stainless Steel</li><li>Origin: Italian Design & Engineering</li><li>Ideal for: Family kitchens and home entertaining</li></ul><p>Upgrade your kitchen with the Smeg 90cm Cooker with Gas Hob. Experience superior cooking performance and timeless design. Shop now and enjoy premium European appliance quality at unbeatable prices. Free delivery available on selected areas.</p>",,,taxable,,1,10,2,0,0,85,90,60,90,1,,,31248.75,Kitchen Appliances > Cookers & Stoves > Gas Cookers,"Smeg, 90cm Cooker, Gas Hob, Kitchen Appliances, Premium Cookers",,,,,,,,,,,,Brand,Smeg,1,1,,,,,,,,,Smeg 90cm Gas Cooker - Premium Kitchen Appliance SA,Smeg 90cm Gas Cooker with stainless steel construction. Premium Italian design meets professional performance. Shop now at South Africa's best prices.,"Smeg 90cm cooker, gas hob cooker, 90cm gas cooker South Africa, Smeg appliances, premium cooker, stainless steel cooker, kitchen cooker, Italian cooker",%%title%% - %%sitename%%,Smeg 90cm Gas Cooker with stainless steel construction. Premium Italian design meets professional performance. Shop now at South Africa's best prices.,Smeg 90cm gas cooker South Africa,,Smeg
,simple,85454,Hisense 12kg Wash Block 2 in 1 Washer Dryer Combo,1,0,visible,Save space and money with Hisense's 12kg 2-in-1 washer dryer. Complete laundry in one machine with advanced wash block technology.,"<h2>Overview</h2><p>The Hisense 12kg Wash Block 2 in 1 Washer Dryer is the ultimate space-saving solution for modern South African homes. Combining powerful washing and efficient drying in a single unit, this innovative appliance eliminates the need for separate machines while delivering professional laundry results. Perfect for families, apartments, and homes with limited space.</p><p>With advanced wash block technology and a generous 12kg capacity, you can handle larger loads with ease. Whether you're washing delicate fabrics or heavy-duty items, this washer dryer adapts to your needs, delivering clean, dry clothes ready to wear in one convenient cycle.</p><h3>Key Features</h3><ul><li>12kg washing capacity for larger households</li><li>2-in-1 wash and dry functionality in one appliance</li><li>Advanced wash block technology for superior cleaning</li><li>Space-saving design ideal for compact homes and apartments</li><li>Energy-efficient operation reduces power consumption</li><li>Multiple wash programs for all fabric types</li><li>Quick dry cycles for everyday convenience</li><li>User-friendly digital controls</li></ul><h3>Specifications</h3><ul><li>Brand: Hisense</li><li>Capacity: 12kg</li><li>Type: 2-in-1 Washer Dryer Combo</li><li>Wash Block Technology: Yes</li><li>Control Type: Digital</li><li>Dimensions: Standard front-loader size</li><li>Energy Rating: A-class efficiency</li><li>Warranty: Manufacturer warranty included</li></ul><p><strong>Upgrade your laundry routine today.</strong> Order the Hisense 12kg Wash Block 2 in 1 Washer Dryer now and enjoy convenient, space-saving laundry solutions delivered to your door across South Africa.</p>",,,taxable,,1,10,2,0,0,85,60,60,85,1,,,10623.75,Appliances > Laundry > Washer Dryer Combos,"washer-dryer-combo, space-saving-appliances, 12kg-capacity, hisense, laundry-appliances, energy-efficient, home-appliances, wash-block-technology",,,,,,,,,,,,Brand,Hisense,1,1,Model,85454,1,,,,,,Hisense 12kg 2-in-1 Washer Dryer | Space-Saving,"Hisense 12kg 2-in-1 washer dryer with wash block technology. Save space & energy. Shop now for fast delivery across South Africa. R10,623.75","Hisense washer dryer, 12kg combo washer dryer, 2 in 1 washing machine, wash block technology, space-saving laundry appliance, front loader washer dryer, energy efficient washer dryer South Africa, apartment washer dryer",%%title%% - %%sitename%%,"Hisense 12kg 2-in-1 washer dryer with wash block technology. Save space & energy. Shop now for fast delivery across South Africa. R10,623.75",Hisense 12kg washer dryer South Africa,,Hisense
,simple,86029,LG 14Pl Matte Black QuadWash Steam Dishwasher,1,0,visible,LG's 14-place QuadWash steam dishwasher with matte black finish delivers superior cleaning power and modern elegance for your kitchen.,"<h2>Overview</h2><p>Experience next-generation dishwashing with the LG 14-place QuadWash Steam Dishwasher. This premium matte black appliance combines cutting-edge cleaning technology with sophisticated design, making it the ideal choice for modern South African homes. The QuadWash system uses four spray arms to ensure every dish, glass and plate emerges spotlessly clean, whilst the integrated steam function tackles stubborn food residue effortlessly.</p><p>Built for families who demand performance without compromise, this dishwasher handles large loads efficiently whilst maintaining energy-conscious operation. The sleek matte black exterior complements contemporary kitchen designs, whilst its whisper-quiet operation keeps your home tranquil during wash cycles.</p><h3>Key Features</h3><ul><li>QuadWash technology with four intelligent spray arms for superior coverage</li><li>Steam sanitisation function for hygienic, streak-free results</li><li>14-place capacity – ideal for families and entertainer households</li><li>Matte black finish – modern aesthetic that resists fingerprints</li><li>Quiet operation – minimal noise disruption</li><li>Multiple wash cycles for flexibility and efficiency</li><li>Delay start function for off-peak electricity usage</li><li>LED interior lighting for easy loading and unloading</li></ul><h3>Specifications</h3><ul><li>Brand: LG</li><li>Capacity: 14 place settings</li><li>Colour: Matte Black</li><li>Wash System: QuadWash with steam</li><li>Energy Rating: A-class efficiency</li><li>Noise Level: Approximately 42dB</li><li>Dimensions: Standard built-in size (approx. 85cm H × 60cm W × 57cm D)</li><li>Control Type: Touch controls with digital display</li><li>Warranty: 2-year manufacturer's warranty</li></ul><p>Upgrade your kitchen with the LG QuadWash Steam Dishwasher today. Enjoy pristine dishes, reduced water consumption, and modern design – all backed by LG's trusted quality. Shop now and take advantage of exceptional pricing on premium home appliances in South Africa.</p>",,,taxable,,1,10,2,0,0,85,57,60,85,1,,,21248.75,Home Appliances > Kitchen Appliances > Dishwashers,"LG, QuadWash, Steam Dishwasher, Matte Black, Kitchen Appliances, Premium Dishwashers, Energy Efficient, Built-in Dishwasher",,https://www.hirschs.co.za/media/catalog/product/cache/5650c527889287cec4d241f33ee3fa4b/6/6/66095_f58ab6aa088a1f4d13f5d64a1991f02f.jpg,,,,,,,,,,Brand,LG,1,1,Model,86029,1,,,,,,LG QuadWash Steam Dishwasher 14Pl Matte Black,"LG 14-place QuadWash steam dishwasher in matte black. Superior cleaning, hygienic steam function & energy-efficient. Shop South Africa's top appliances today.","LG dishwasher, QuadWash steam dishwasher, 14 place dishwasher, matte black dishwasher, premium dishwasher South Africa, built-in dishwasher, energy efficient dishwasher, kitchen appliance",%%title%% - %%sitename%%,"LG 14-place QuadWash steam dishwasher in matte black. Superior cleaning, hygienic steam function & energy-efficient. Shop South Africa's top appliances today.",LG QuadWash steam dishwasher 14 place,,LG
,simple,87593,Russell Hobbs 11L Dual Stack Digital Air Fryer,1,0,visible,"Cook twice as much with Russell Hobbs' 11L Dual Stack Digital Air Fryer. Perfect for families seeking healthier, faster meals with crispy results every time.","<h2>Overview</h2><p>The Russell Hobbs 11L Dual Stack Digital Air Fryer revolutionises your kitchen with dual independent cooking chambers, allowing you to prepare two different meals simultaneously or double your batch capacity. With 11 litres of total cooking space, this innovative air fryer is ideal for busy South African families and entertaining guests. Experience the convenience of digital temperature control and intuitive preset functions that take the guesswork out of air frying.</p><p>Say goodbye to unhealthy deep-fried foods and embrace faster, cleaner cooking with up to 80% less oil. The dual stack design maximises your counter space while delivering professional-quality results with minimal effort. Whether you're preparing crispy chips, juicy chicken, or roasted vegetables, this Russell Hobbs air fryer ensures consistent, delicious results every time.</p><h3>Key Features</h3><ul><li>11 litre dual stack cooking capacity for two independent meals</li><li>Digital temperature control with precise heating</li><li>Multiple preset cooking functions for convenience</li><li>Energy-efficient design reduces electricity consumption</li><li>Easy-to-clean removable baskets and components</li><li>Cool-touch exterior for safe kitchen use</li><li>Compact dual-chamber design saves counter space</li><li>Rapid air circulation technology for crispy results</li></ul><h3>Specifications</h3><ul><li>Brand: Russell Hobbs</li><li>Total Capacity: 11 Litres</li><li>Design: Dual Stack with Independent Chambers</li><li>Temperature Range: Adjustable digital control</li><li>Power: Standard household plug</li><li>Finish: Sleek black with stainless steel accents</li><li>Basket Type: Non-stick removable baskets</li><li>Ideal For: Families, meal prep, entertaining</li></ul><p>Invest in healthier cooking today. Order your Russell Hobbs 11L Dual Stack Digital Air Fryer from South Africa's trusted online appliance store and enjoy fast, reliable delivery straight to your door. Cook smarter, eat better.</p>",,,taxable,,1,10,2,0,0,4.5,35,28,32,1,,,2498.75,Kitchen Appliances > Cooking Appliances > Air Fryers,"Russell Hobbs, Air Fryer, Dual Stack, Kitchen Appliances, Healthy Cooking",,https://www.makro.co.za/asset/rukmini/fccp/300/300/ng-fkpublic-ui-user-fbbe/air-fryer/r/v/d/-original-imahd2mpkvrhezjk.jpeg,,,,,,,,,,Brand,Russell Hobbs,1,1,Model,87593,1,,,,,,Russell Hobbs 11L Dual Stack Digital Air Fryer,"Russell Hobbs 11L Dual Stack Digital Air Fryer delivers crispy, healthy meals with dual independent chambers. Shop now at unbeatable prices with fast SA delivery.","Russell Hobbs air fryer, 11L dual stack air fryer, digital air fryer South Africa, family air fryer, healthy cooking appliance, dual chamber air fryer, crispy air fryer, kitchen appliance",%%title%% - %%sitename%%,"Russell Hobbs 11L Dual Stack Digital Air Fryer delivers crispy, healthy meals with dual independent chambers. Shop now at unbeatable prices with fast SA delivery.",Russell Hobbs 11L Dual Stack Air Fryer,,Russell Hobbs
,simple,86697,DeLonghi PrimaDonna Aromatic Bean-to-Cup Coffee Machine,1,0,visible,Experience barista-quality espresso at home with DeLonghi's PrimaDonna Aromatic bean-to-cup machine featuring automated milk frothing and customizable brewing.,"<h2>Overview</h2><p>The DeLonghi PrimaDonna Aromatic Bean-to-Cup Coffee Machine is the ultimate addition to any South African kitchen, delivering café-quality espresso and speciality coffee drinks with the touch of a button. This premium automatic coffee maker grinds fresh beans and froths milk automatically, eliminating the need for separate equipment and barista skills.</p><p>Ideal for coffee enthusiasts who demand convenience without compromising on taste, the PrimaDonna Aromatic combines Italian engineering with user-friendly technology. Whether you prefer a rich espresso, creamy cappuccino, or silky flat white, this machine adapts to your preferences and delivers consistent results every time.</p><h3>Key Features</h3><ul><li>Fully automatic bean-to-cup grinding and brewing system</li><li>Integrated milk frothing technology for creamy coffee drinks</li><li>Customizable coffee strength and temperature settings</li><li>User-friendly touchscreen interface with preset drink options</li><li>Compact stainless steel design fits modern kitchens</li><li>Self-cleaning and descaling programmes for easy maintenance</li><li>Energy-efficient operation with auto-shutoff function</li></ul><h3>Specifications</h3><ul><li>Brand: DeLonghi</li><li>Type: Automatic Bean-to-Cup Espresso Machine</li><li>Bean Hopper Capacity: 110g</li><li>Water Tank Capacity: 1.3 litres</li><li>Pressure: 15 bar for optimal extraction</li><li>Milk Frother: Integrated automatic steam wand</li><li>Dimensions: Approximately 19cm (W) x 28cm (D) x 43cm (H)</li><li>Weight: Approximately 7kg</li><li>Power: 1450W</li><li>Warranty: 2 years manufacturer's warranty</li></ul><p><strong>Upgrade your daily coffee routine today.</strong> Order the DeLonghi PrimaDonna Aromatic Bean-to-Cup Coffee Machine and enjoy café-quality drinks at home. Shop now with fast delivery across South Africa and secure payment options.</p>",,,taxable,,1,10,2,0,0,7,28,19,43,1,,,34998.75,Kitchen & Dining > Coffee Machines & Makers > Espresso Machines,"bean-to-cup, espresso-machine, automatic-coffee-maker, milk-frother, delonghi",,,,,,,,,,,,Brand,DeLonghi,1,1,Model,86697,1,,,,,,DeLonghi PrimaDonna Bean-to-Cup Coffee Machine SA,DeLonghi PrimaDonna Aromatic bean-to-cup coffee machine delivers barista-quality espresso and automatic milk frothing. Shop online in South Africa today.,"DeLonghi PrimaDonna coffee machine, bean-to-cup espresso machine, automatic coffee maker South Africa, cappuccino machine, home espresso machine, coffee grinder, milk frother, premium coffee machine",%%title%% - %%sitename%%,DeLonghi PrimaDonna Aromatic bean-to-cup coffee machine delivers barista-quality espresso and automatic milk frothing. Shop online in South Africa today.,DeLonghi PrimaDonna bean-to-cup coffee machine South Africa,,DeLonghi
,simple,85339,Miele Guard L1 Bagged Cylinder Vacuum Cleaner,1,0,visible,Premium Miele Guard L1 bagged cylinder vacuum with superior filtration and powerful suction for pristine carpets and hard floors.,"<h2>Miele Guard L1 Bagged Cylinder Vacuum Cleaner</h2><p>The Miele Guard L1 represents German engineering excellence in home cleaning. This robust bagged cylinder vacuum delivers powerful, consistent suction across all floor types, from plush carpets to hard floors. With Miele's renowned reliability and build quality, the Guard L1 is engineered to provide years of dependable performance for South African homes.</p><p>Designed for households that demand thorough cleaning results without compromise, this cylinder vacuum features advanced filtration technology that captures allergens and fine dust particles, promoting a healthier indoor environment for your family. The thoughtfully designed chassis and ergonomic handle ensure comfortable operation during extended cleaning sessions.</p><h3>Key Features</h3><ul><li>Powerful bagged cylinder design with consistent suction performance</li><li>Advanced multi-stage filtration system captures dust and allergens</li><li>Suitable for carpets, rugs and hard floor surfaces</li><li>Durable Miele construction built for longevity</li><li>Hygienic bag disposal system minimises dust exposure</li><li>Compact, manoeuvreable design for easy storage</li><li>Energy-efficient motor technology</li><li>Comprehensive warranty and local support</li></ul><h3>Specifications</h3><ul><li>Brand: Miele</li><li>Model: Guard L1</li><li>Type: Bagged Cylinder Vacuum</li><li>Power Source: Electric (mains powered)</li><li>Suitable Flooring: Carpets, rugs, hard floors</li><li>Filtration: Multi-stage HEPA filtration</li><li>Dust Capacity: Standard Miele bag system</li><li>Warranty: Miele manufacturer warranty included</li><li>Country of Origin: Germany</li></ul><p>Invest in the Miele Guard L1 bagged cylinder vacuum today and experience the difference quality German engineering brings to your home cleaning routine. Order now from South Africa's trusted online appliance retailer and enjoy fast, reliable delivery nationwide.</p>",,,taxable,,1,10,2,0,0,8.5,35,32,48,1,,,11873.75,Home & Kitchen > Cleaning > Vacuum Cleaners,"Miele, cylinder-vacuum, bagged-vacuum, home-cleaning, German-appliances",,,,,,,,,,,,Brand,Miele,1,1,Model,85339,1,,,,,,Miele Guard L1 Bagged Cylinder Vacuum | SA,Miele Guard L1 bagged cylinder vacuum cleaner. Powerful German-engineered suction for carpets and hard floors. Shop now at South Africa's leading electronics store.,"Miele Guard L1, bagged cylinder vacuum, vacuum cleaner South Africa, Miele vacuum, carpet cleaning, household vacuum, German vacuum cleaner, home appliances",%%title%% - %%sitename%%,Miele Guard L1 bagged cylinder vacuum cleaner. Powerful German-engineered suction for carpets and hard floors. Shop now at South Africa's leading electronics store.,Miele Guard L1 bagged cylinder vacuum South Africa,,Miele
,simple,83958,Cloud Nine 152cm Spine-Flex ET Base Set,1,0,visible,Cloud Nine Spine-Flex ET Base Set delivers superior spinal support and comfort with advanced ergonomic technology for restful sleep.,"<h2>Cloud Nine 152cm Spine-Flex ET Base Set Overview</h2><p>The Cloud Nine 152cm Spine-Flex ET Base Set is engineered to provide exceptional support and alignment for your spine, combining premium comfort with innovative technology. This robust base set features the exclusive Spine-Flex ET system, designed to conform to your body's natural curves and distribute weight evenly across the entire surface.</p><p>Perfect for South African homes, this 152cm bed base delivers reliable performance night after night, ensuring you wake up refreshed and free from discomfort. The ET base mechanism works seamlessly with compatible mattresses to enhance overall sleep quality and durability.</p><h3>Key Features</h3><ul><li>152cm Spine-Flex ET technology for superior spinal support</li><li>Ergonomic design reduces pressure points and improves alignment</li><li>Durable construction built to last</li><li>Compatible with most standard mattresses</li><li>Trusted Cloud Nine quality and craftsmanship</li></ul><h3>Specifications</h3><ul><li>Brand: Cloud Nine</li><li>Model: 152cm Spine-Flex ET Base Set</li><li>Size: 152cm (Queen)</li><li>Base Type: Spine-Flex ET System</li><li>SKU: 83958</li></ul><p>Invest in quality sleep and spinal health with the Cloud Nine 152cm Spine-Flex ET Base Set. Order today and experience the difference superior support makes to your rest and wellbeing.</p>",,,taxable,,1,10,2,0,0,35,203,152,25,1,,,12498.75,Furniture > Beds & Bases > Bed Bases,"bed-bases, cloud-nine, spinal-support, ergonomic-beds, queen-bed",,,,,,,,,,,,Brand,Cloud Nine,1,1,Model,83958,1,,,,,,Cloud Nine 152cm Spine-Flex ET Base Set,Cloud Nine 152cm Spine-Flex ET Base Set offers advanced spinal support and ergonomic comfort. Buy online in South Africa. Premium quality bed base.,"Cloud Nine bed base, Spine-Flex ET base, 152cm bed base, ergonomic base set, spinal support bed, queen bed base, Cloud Nine South Africa, bed base online",%%title%% - %%sitename%%,Cloud Nine 152cm Spine-Flex ET Base Set offers advanced spinal support and ergonomic comfort. Buy online in South Africa. Premium quality bed base.,Cloud Nine 152cm Spine-Flex ET Base Set,,Cloud Nine
,simple,116UX,Hisense 116UX RGB MiniLED TV - Premium 4K Smart Display,1,0,visible,Experience stunning visuals with the Hisense 116UX RGB MiniLED display. Premium picture quality meets cutting-edge technology for ultimate entertainment.,"<h2>Overview</h2><p>The Hisense 116UX RGB MiniLED is a premium large-format display engineered for discerning buyers who demand exceptional picture quality and advanced colour accuracy. This flagship model features MiniLED backlighting technology that delivers superior contrast, deeper blacks, and more vibrant colours compared to standard LED displays. Perfect for home cinema enthusiasts, professional applications, and anyone seeking the ultimate visual experience.</p><p>With its 116-inch screen size and RGB colour technology, the 116UX offers an immersive viewing experience that transforms your entertainment space. The advanced MiniLED technology provides precise zoning control, ensuring each scene is perfectly lit with exceptional detail and clarity. This is display excellence redefined for the South African market.</p><h3>Key Features</h3><ul><li>116-inch RGB MiniLED display with premium picture quality</li><li>Advanced MiniLED backlighting for superior contrast and colour accuracy</li><li>Stunning 4K resolution with HDR support</li><li>Smart TV functionality with streaming app integration</li><li>Immersive audio-visual experience for home theatre</li><li>Premium build quality and elegant design</li><li>Energy-efficient operation</li></ul><h3>Specifications</h3><ul><li>Brand: Hisense</li><li>Model: 116UX</li><li>Screen Size: 116 inches</li><li>Display Technology: RGB MiniLED</li><li>Resolution: 4K Ultra HD (3840 x 2160)</li><li>HDR Support: Yes</li><li>Smart TV: Yes</li><li>Refresh Rate: 120Hz</li><li>Colour Gamut: Wide colour spectrum</li></ul><p>Transform your viewing experience with the Hisense 116UX RGB MiniLED. Order now from South Africa's trusted electronics retailer and enjoy premium picture quality delivered to your home.</p>",,,taxable,,1,10,2,0,0,85.0,260.0,150.0,88.0,1,,,374998.75,Electronics > Televisions & Displays > Premium Large Format Displays,"Hisense, MiniLED, 4K TV, Premium Display, 116 inch",,,,,,,,,,,,Brand,Hisense,1,1,Model,116UX,1,,,,,,Hisense 116UX RGB MiniLED TV - 4K Premium Display,Hisense 116UX RGB MiniLED offers premium 4K picture quality with advanced backlighting. Experience stunning colours and contrast. Shop now in South Africa.,"Hisense 116UX, RGB MiniLED TV, 116 inch display, 4K television, premium TV South Africa, MiniLED technology, home theatre display, luxury TV",%%title%% - %%sitename%%,Hisense 116UX RGB MiniLED offers premium 4K picture quality with advanced backlighting. Experience stunning colours and contrast. Shop now in South Africa.,Hisense 116UX RGB MiniLED TV,,Hisense
,simple,100UX,Hisense 100UX RGB MiniLED Smart TV 100 inch,1,0,visible,"Experience cinematic brilliance with the Hisense 100UX RGB MiniLED, featuring advanced colour technology and stunning 4K resolution for ultimate entertainment.","<h2>Overview</h2><p>The Hisense 100UX RGB MiniLED is a premium 100-inch smart television engineered for those who demand extraordinary picture quality and immersive viewing. With cutting-edge MiniLED backlighting technology and vibrant RGB colour accuracy, this flagship model transforms your living space into a personal cinema.</p><p>Designed for modern South African homes, the 100UX delivers exceptional brightness, contrast control, and colour depth across movies, sports, and gaming. Its expansive screen real estate and advanced processing make every frame visually stunning, whether you're streaming content or watching live broadcasts.</p><h3>Key Features</h3><ul><li>100-inch Ultra HD display with MiniLED backlighting technology</li><li>RGB colour enhancement for superior colour accuracy and vibrancy</li><li>Advanced dimming zones for precise contrast control</li><li>4K resolution with HDR support for cinematic visuals</li><li>Smart TV platform with integrated streaming apps</li><li>Low-latency gaming mode for competitive performance</li><li>Quantum Dot colour technology for extended colour gamut</li><li>Dolby Atmos audio support for immersive sound</li></ul><h3>Specifications</h3><ul><li>Screen Size: 100 inches</li><li>Display Technology: RGB MiniLED</li><li>Resolution: 4K UHD (3840 x 2160)</li><li>Refresh Rate: 120Hz</li><li>Colour Gamut: 100% RGB</li><li>Brightness: 1000+ nits peak</li><li>Contrast Ratio: 1,000,000:1</li><li>Smart Features: Built-in WiFi, Bluetooth 5.0</li><li>Ports: 4x HDMI 2.1, 2x USB, Digital Audio Out</li><li>Power Consumption: Approximately 600W typical</li><li>Dimensions: Approximately 224cm (W) x 129cm (H) x 5.5cm (D)</li><li>Weight: Approximately 65kg</li></ul><p><strong>Upgrade your home entertainment today.</strong> The Hisense 100UX RGB MiniLED represents the pinnacle of television technology. Whether you're a film enthusiast, sports fan, or gaming devotee, this exceptional display delivers uncompromising picture quality. <strong>Order your 100UX now and enjoy premium entertainment at home.</strong></p>",,,taxable,,1,10,2,0,0,65,224,5.5,129,1,,,187498.75,Electronics > Televisions > Premium Large Screen TVs,"Hisense, MiniLED TV, 100-inch display, 4K Smart TV, Premium Electronics",,https://ss629.liverpool.com.mx/lg/1185356082_1.jpg,,,,,,,,,,Brand,Hisense,1,1,Model,100UX,1,,,,,,"Hisense 100UX RGB MiniLED 100"" TV South Africa",Hisense 100UX RGB MiniLED 100-inch TV with advanced colour technology and 4K resolution. Premium picture quality for cinema-like entertainment. Shop now.,"Hisense 100UX, 100 inch MiniLED TV, RGB smart television, 4K UHD display, premium home cinema, South Africa, large screen TV, MiniLED technology",%%title%% - %%sitename%%,Hisense 100UX RGB MiniLED 100-inch TV with advanced colour technology and 4K resolution. Premium picture quality for cinema-like entertainment. Shop now.,Hisense 100UX RGB MiniLED TV South Africa,,Hisense
,simple,100Q7Q,Hisense 100Q7Q 100-inch QLED 4K Smart TV,1,0,visible,Immerse yourself in stunning 100-inch QLED picture quality with advanced smart features for the ultimate home cinema experience.,"<h2>Overview</h2><p>The Hisense 100Q7Q is a premium 100-inch QLED television that brings cinematic excellence into your South African home. With cutting-edge quantum dot technology and 4K resolution, this flagship model delivers exceptional colour accuracy, brightness, and contrast that transforms sports, movies, and gaming into unforgettable visual experiences.</p><p>Designed for discerning entertainment enthusiasts, the 100Q7Q combines large-screen immersion with smart connectivity features, making it the centrepiece of any modern living space. Whether you're watching live sport, streaming premium content, or enjoying gaming sessions, this television offers the performance and reliability you'd expect from a trusted global electronics brand.</p><h3>Key Features</h3><ul><li>100-inch QLED display with quantum dot technology for vibrant colours</li><li>4K Ultra HD resolution (3840 x 2160) for crystal-clear picture quality</li><li>Smart TV functionality with integrated streaming apps</li><li>Advanced contrast and brightness enhancement</li><li>Multiple HDMI and connectivity options for seamless device integration</li><li>Sleek modern design suitable for any contemporary home décor</li></ul><h3>Specifications</h3><ul><li>Screen Size: 100 inches</li><li>Resolution: 4K UHD (3840 x 2160)</li><li>Display Technology: QLED (Quantum Dot LED)</li><li>Smart Features: Built-in Smart TV platform</li><li>Connectivity: HDMI, USB, Wi-Fi enabled</li><li>Refresh Rate: 60Hz</li><li>Audio: Integrated speakers with enhanced sound</li><li>Energy Efficiency: Modern power consumption design</li></ul><p>Don't miss this incredible opportunity to upgrade your home entertainment. The Hisense 100Q7Q large-screen television is now available at exceptional value. Order yours today and experience true cinema at home!</p>",,,taxable,,1,10,2,0,0,68,226,12,131,1,,,43748.75,Electronics > Televisions > Premium Large Screen TVs,"Hisense, 100-inch TV, QLED Television, 4K Smart TV, Home Entertainment",,https://hisense.co.za/wp-content/uploads/2025/04/Q7Q-100-rev02-300x300.jpg,,,,,,,,,,Brand,Hisense,1,1,Model,100Q7Q,1,,,,,,Hisense 100Q7Q 100-inch QLED TV | South Africa,Hisense 100Q7Q 100-inch QLED 4K Smart TV delivers stunning picture quality and immersive entertainment. Shop now at competitive prices in South Africa.,"Hisense 100Q7Q, 100 inch QLED TV, 4K television South Africa, large screen TV, smart TV, quantum dot display, home cinema, ultra HD television",%%title%% - %%sitename%%,Hisense 100Q7Q 100-inch QLED 4K Smart TV delivers stunning picture quality and immersive entertainment. Shop now at competitive prices in South Africa.,Hisense 100Q7Q QLED TV South Africa,,Hisense
,simple,85U8Q,"Hisense 85U8Q 85"" 4K Mini-LED Smart TV with Quantum Dot",1,0,visible,Experience cinematic brilliance with the Hisense 85U8Q's stunning 4K Mini-LED display and quantum dot technology for exceptional colour accuracy and contrast.,"<h2>Overview</h2><p>The Hisense 85U8Q represents the pinnacle of large-screen entertainment, delivering an immersive 85-inch viewing experience with cutting-edge Mini-LED backlighting technology. Perfect for home cinema enthusiasts and families seeking premium picture quality, this flagship model combines advanced quantum dot technology with sophisticated smart features to transform your lounge into a premium entertainment hub.</p><p>Engineered for South African homes, the 85U8Q offers exceptional brightness levels and local dimming zones that adapt to your content in real-time, ensuring deep blacks, vibrant colours, and stunning contrast ratios. Whether you're streaming blockbuster films, gaming, or enjoying live sports, this television delivers performance that rivals commercial cinema experiences.</p><h3>Key Features</h3><ul><li>85-inch 4K Ultra HD (3840 x 2160) Mini-LED display with quantum dot technology</li><li>Advanced local dimming with precision backlighting control</li><li>High refresh rate (120Hz) optimised for sports and gaming</li><li>HDR10+ support for enhanced dynamic range and colour grading</li><li>Smart TV platform with built-in streaming apps (Netflix, DStv Now, YouTube, Amazon Prime)</li><li>HDMI 2.1 ports with enhanced audio return channel (eARC)</li><li>Variable refresh rate (VRR) and AMD FreeSync for seamless gaming</li><li>Dolby Vision and Dolby Atmos for immersive audio-visual experience</li></ul><h3>Specifications</h3><ul><li>Screen Size: 85 inches</li><li>Resolution: 4K UHD (3840 x 2160 pixels)</li><li>Panel Technology: Mini-LED Quantum Dot</li><li>Refresh Rate: 120Hz native</li><li>Brightness: 1000+ nits peak</li><li>Contrast Ratio: 100,000:1 typical</li><li>Colour Space: 98% DCI-P3</li><li>Audio Output: Dual speakers, 20W RMS</li><li>Connectivity: WiFi 6, Bluetooth 5.0, 4x HDMI 2.1, USB 3.0</li><li>Power Consumption: Approximately 180W typical</li><li>Dimensions: Approximately 190 x 109 x 7.5 cm (with stand)</li><li>Weight: Approximately 39 kg (with stand)</li></ul><p>Upgrade your entertainment experience today. Order the Hisense 85U8Q online and enjoy premium 4K Mini-LED technology delivered to your home across South Africa. Limited stock available at our 47th Anniversary Sale price.</p>",,,taxable,,1,10,2,0,0,39,190,109,7.5,1,,,49998.75,Electronics > Televisions > Premium 4K Smart TVs,"85-inch-tv, 4K-Smart-TV, Mini-LED-Display, Hisense, Premium-Television, Home-Entertainment, Quantum-Dot-TV, Gaming-TV",,,,,,,,,,,,Brand,Hisense,1,1,Model,85U8Q,1,,,,,,"Hisense 85U8Q 85"" 4K Mini-LED Smart TV SA",Hisense 85U8Q 85-inch 4K Mini-LED Smart TV with Quantum Dot technology. Premium cinema experience at unbeatable prices. Order online in South Africa now.,"Hisense 85U8Q, 85 inch 4K TV South Africa, Mini-LED Smart TV, Quantum Dot television, Premium large screen TV, 4K cinema TV, Hisense flagship TV, gaming TV 120Hz",%%title%% - %%sitename%%,Hisense 85U8Q 85-inch 4K Mini-LED Smart TV with Quantum Dot technology. Premium cinema experience at unbeatable prices. Order online in South Africa now.,Hisense 85U8Q 85 inch 4K Smart TV South Africa,,Hisense
,simple,75U8Q,"Hisense 75U8Q 75"" 4K Mini-LED Smart TV",1,0,visible,"Experience premium picture quality with Hisense's 75U8Q Mini-LED technology, delivering stunning 4K visuals with exceptional contrast and brightness for your home theatre.","<h2>Overview</h2><p>The Hisense 75U8Q is a flagship 75-inch 4K Mini-LED smart television engineered for cinephiles and entertainment enthusiasts. This impressive display combines cutting-edge Mini-LED backlighting with quantum dot colour technology to deliver exceptional picture quality, vibrant colours, and deep blacks that bring your favourite content to life.</p><p>Featuring a high refresh rate and advanced motion processing, the 75U8Q is perfect for gaming, sports, and premium streaming content. With built-in smart TV functionality and multiple connectivity options, this television seamlessly integrates into your home entertainment setup whilst offering an intuitive viewing experience.</p><h3>Key Features</h3><ul><li>75-inch 4K UHD display with Mini-LED backlighting</li><li>Quantum dot colour technology for vibrant, lifelike imagery</li><li>High refresh rate for smooth motion and gaming performance</li><li>Built-in smart TV platform with streaming app support</li><li>Multiple HDMI and connectivity ports</li><li>Advanced upscaling technology for enhanced picture quality</li><li>Sleek modern design with minimal bezels</li></ul><h3>Specifications</h3><ul><li>Screen Size: 75 inches (diagonal)</li><li>Resolution: 4K UHD (3840 x 2160)</li><li>Display Technology: Mini-LED with quantum dot</li><li>Refresh Rate: 60Hz native</li><li>Smart Platform: Android TV or Hisense smart interface</li><li>Audio Output: Stereo speakers</li><li>Connectivity: 3x HDMI, USB, Ethernet, WiFi</li><li>Power Consumption: Typical 180W</li></ul><p>Elevate your viewing experience with the Hisense 75U8Q. Order now and enjoy premium picture quality at an exceptional price. Perfect for large living rooms and home theatres across South Africa.</p>",,,taxable,,1,10,2,0,0,26.5,168.5,97.0,9.2,1,,,34998.75,Electronics > Televisions > 4K Smart TVs,"75-inch-tv, 4k-television, mini-led-display, smart-tv, hisense",,,,,,,,,,,,Brand,Hisense,1,1,Model,75U8Q,1,,,,,,"Hisense 75U8Q 75"" 4K Mini-LED Smart TV SA","Buy the Hisense 75U8Q 75"" 4K Mini-LED Smart TV online in South Africa. Stunning picture quality with Mini-LED backlighting. Premium home theatre display.","Hisense 75U8Q, 75 inch 4K TV, Mini-LED television, smart TV South Africa, quantum dot display, ultra HD television, home theatre TV, large screen TV",%%title%% - %%sitename%%,"Buy the Hisense 75U8Q 75"" 4K Mini-LED Smart TV online in South Africa. Stunning picture quality with Mini-LED backlighting. Premium home theatre display.",Hisense 75U8Q 4K Mini-LED TV South Africa,,Hisense
,simple,65U8Q,"Hisense 65U8Q 65"" 4K Mini-LED Smart TV",1,0,visible,Experience stunning 4K picture quality with Hisense's advanced Mini-LED technology and smart features on this impressive 65-inch display.,"<h2>Overview</h2><p>The Hisense 65U8Q is a premium 65-inch 4K Ultra HD television designed for discerning South African households seeking exceptional picture quality and modern smart features. This model combines advanced Mini-LED backlighting technology with intelligent image processing to deliver vibrant colours, deep blacks, and impressive contrast that brings your favourite content to life.</p><p>Whether you're watching blockbuster films, streaming your favourite series, or enjoying live sports, the 65U8Q's high-performance display ensures every frame looks stunning. With built-in smart TV functionality, access to popular streaming apps, and multiple connectivity options, this Hisense television is your gateway to premium home entertainment.</p><h3>Key Features</h3><ul><li>65-inch 4K Ultra HD (3840 x 2160) resolution display</li><li>Mini-LED backlighting technology for superior contrast and brightness</li><li>Smart TV platform with access to popular streaming applications</li><li>High refresh rate support for smooth motion and gaming</li><li>Multiple HDMI and connectivity ports for seamless device integration</li><li>Modern bezel-less design for maximum screen immersion</li><li>Enhanced colour accuracy and HDR support</li></ul><h3>Specifications</h3><ul><li>Brand: Hisense</li><li>Model: 65U8Q</li><li>Screen Size: 65 inches</li><li>Resolution: 4K Ultra HD (3840 x 2160)</li><li>Display Technology: Mini-LED</li><li>Smart TV: Yes - Built-in Smart Platform</li><li>HDMI Ports: Multiple inputs</li><li>Energy Efficient: Yes</li></ul><p>Transform your lounge into a premium cinema experience. Order the Hisense 65U8Q today and enjoy breathtaking picture quality at an exceptional price. Fast delivery available across South Africa.</p>",,,taxable,,1,10,2,0,0,18.5,145.8,85.0,8.2,1,,,24998.75,Electronics > Televisions > 4K Smart TVs,"65-inch TV, 4K television, Hisense, smart TV, Mini-LED",,https://www.hisense.es/wp-content/uploads/2025/03/24-2-1-scaled.jpg,,,,,,,,,,Brand,Hisense,1,1,Model,65U8Q,1,,,,,,"Hisense 65U8Q 65"" 4K Mini-LED Smart TV","Hisense 65U8Q 65-inch 4K Smart TV with Mini-LED technology. Premium picture quality, streaming apps & modern design. Shop now at great SA prices!","Hisense 65U8Q, 65 inch 4K TV, Mini-LED television, smart TV South Africa, 4K ultra HD, home entertainment, Hisense TV, television online",%%title%% - %%sitename%%,"Hisense 65U8Q 65-inch 4K Smart TV with Mini-LED technology. Premium picture quality, streaming apps & modern design. Shop now at great SA prices!",Hisense 65U8Q 65 inch 4K TV South Africa,,Hisense
,simple,85U7Q,"Hisense 85U7Q 85"" 4K Smart TV - Premium UHD Display",1,0,visible,"Experience stunning 85-inch 4K picture quality with Hisense's advanced U7Q technology, perfect for immersive home entertainment.","<h2>Overview</h2><p>The Hisense 85U7Q is a premium 85-inch 4K Ultra HD smart television designed for discerning South African homes seeking cinema-quality entertainment. Featuring advanced quantum dot technology and full-array local dimming, this flagship model delivers exceptional contrast, vibrant colours, and stunning picture clarity that brings your favourite movies, sports, and games to life with breathtaking realism.</p><p>With its sleek design and smart connectivity features, the 85U7Q transforms your living space into a premium entertainment hub. Whether you're streaming content, gaming, or enjoying broadcast television, this large-screen display offers an uncompromising viewing experience backed by Hisense's reputation for innovation and reliability.</p><h3>Key Features</h3><ul><li>85-inch 4K UHD (3840 x 2160) resolution for crystal-clear detail</li><li>Quantum Dot technology for enhanced colour accuracy and vibrancy</li><li>Full-array local dimming with precise backlight control</li><li>Smart TV platform with built-in streaming apps (Netflix, YouTube, etc.)</li><li>High refresh rate support for smooth sports and gaming</li><li>Dolby Vision and HDR10+ support for premium content</li><li>Multiple HDMI and USB ports for flexible connectivity</li><li>Sleek, modern bezel design for immersive viewing</li></ul><h3>Specifications</h3><ul><li>Screen Size: 85 inches</li><li>Resolution: 4K UHD (3840 x 2160)</li><li>Panel Type: Quantum Dot</li><li>Brightness: 800+ nits peak brightness</li><li>Refresh Rate: 60Hz native / 120Hz effective</li><li>Colour Gamut: 98% DCI-P3</li><li>Inputs: 3x HDMI 2.1, 2x USB, Digital Audio Out</li><li>Smart Features: Integrated smart platform with voice control</li><li>Power Consumption: ~350W (typical)</li><li>Energy Rating: 3-Star equivalent</li></ul><p>Upgrade your home entertainment today with the Hisense 85U7Q. Order now and enjoy premium 4K viewing at an exceptional price. Fast delivery available throughout South Africa!</p>",,,taxable,,1,10,2,0,0,32.5,190.5,110.8,68.7,1,,,31248.75,Electronics > Televisions > 4K Smart TVs,"Hisense, 85-inch TV, 4K Television, Smart TV, Premium Entertainment",,https://tech.co.za/wp-content/uploads/2025/10/85U7Qa.jpg,,,,,,,,,,Brand,Hisense,1,1,Model,85U7Q,1,,,,,,"Hisense 85U7Q 85"" 4K Smart TV | Premium UHD",Discover the Hisense 85U7Q 85-inch 4K Smart TV with quantum dot technology and stunning picture quality. Shop now at unbeatable prices in South Africa.,"Hisense 85U7Q, 85 inch 4K TV, quantum dot television, UHD smart TV, large screen TV South Africa, premium television, home entertainment",%%title%% - %%sitename%%,Discover the Hisense 85U7Q 85-inch 4K Smart TV with quantum dot technology and stunning picture quality. Shop now at unbeatable prices in South Africa.,Hisense 85U7Q 85 inch 4K TV South Africa,,Hisense
,simple,75U7QPRO,"Hisense 75U7Q PRO 75"" 4K Smart TV | Premium UHD Display",1,0,visible,"Experience stunning 4K clarity on this 75"" Hisense 75U7Q PRO with advanced smart features and immersive picture quality for your home entertainment.","<h2>Overview</h2><p>The Hisense 75U7Q PRO is a premium 75-inch 4K Ultra HD smart television designed to transform your viewing experience with cutting-edge display technology and intelligent features. Built for South African homes seeking high-performance entertainment, this model combines vibrant colour reproduction, deep contrast levels, and seamless smart connectivity to deliver cinema-quality performance in your lounge.</p><p>Whether you're streaming your favourite shows, gaming, or enjoying live sports, the 75U7Q PRO's advanced processing engine ensures exceptional picture clarity and smooth motion handling. Its sleek design and intuitive smart platform make it the ideal centrepiece for modern entertainment spaces.</p><h3>Key Features</h3><ul><li>75-inch 4K UHD display with enhanced colour accuracy</li><li>Smart TV platform with built-in streaming apps</li><li>Advanced picture processing for superior clarity</li><li>Multiple HDMI and connectivity ports</li><li>Energy-efficient operation</li><li>Premium build quality and elegant design</li></ul><h3>Specifications</h3><ul><li>Screen Size: 75 inches</li><li>Resolution: 4K Ultra HD (3840 x 2160)</li><li>Display Technology: LED</li><li>Smart Platform: Integrated streaming apps</li><li>Connectivity: HDMI, USB, WiFi, Ethernet</li><li>Audio Output: Built-in speakers with surround enhancement</li><li>Power Consumption: Energy-rated for efficiency</li><li>Dimensions: Approximately 168cm W x 97cm H (without stand)</li></ul><p><strong>Upgrade your home entertainment today.</strong> Order the Hisense 75U7Q PRO now and enjoy premium 4K viewing at an exceptional price. Fast delivery available across South Africa.</p>",,,taxable,,1,10,2,0,0,28,168,9,97,1,,,24998.75,Electronics > Televisions > 4K Smart TVs,"4K Television, Hisense TV, 75 Inch Smart TV, Home Entertainment, UHD Display",,https://lcdn.altex.ro/media/catalog/product/7/5/75u7qpro_2_d317f8c8.jpg,,,,,,,,,,Brand,Hisense,1,1,Model,75U7QPRO,1,,,,,,"Hisense 75U7Q PRO 75"" 4K Smart TV SA","Buy the Hisense 75U7Q PRO 75"" 4K Smart TV online in South Africa. Premium UHD display, smart features & stunning picture quality. Order now!","Hisense 75U7Q PRO, 75 inch 4K TV, smart television, UHD display, home entertainment, TV South Africa, premium 4K television, Hisense smart TV",%%title%% - %%sitename%%,"Buy the Hisense 75U7Q PRO 75"" 4K Smart TV online in South Africa. Premium UHD display, smart features & stunning picture quality. Order now!",Hisense 75U7Q PRO 75 inch 4K TV,,Hisense
,simple,65U7QPRO,"Hisense 65U7Q PRO 65"" 4K Smart TV with Mini LED",1,0,visible,"Experience stunning 4K picture quality with Hisense's 65U7Q PRO mini-LED TV, featuring quantum dot colour and smart streaming built-in.","<h2>Overview</h2><p>The Hisense 65U7Q PRO is a premium 65-inch 4K smart television designed for home entertainment enthusiasts who demand exceptional picture quality and immersive viewing. With advanced mini-LED backlighting technology and quantum dot colour enhancement, this TV delivers vibrant, lifelike images with deeper blacks and brighter highlights than standard LED displays.</p><p>Engineered for modern living, the 65U7Q PRO combines cutting-edge display technology with smart TV functionality, giving you instant access to popular streaming services, apps, and content without additional devices. Whether you're watching sports, movies, or gaming, this television offers the performance and features serious viewers expect.</p><h3>Key Features</h3><ul><li>65-inch 4K UHD display with 3840 x 2160 resolution</li><li>Mini-LED backlighting with quantum dot colour technology</li><li>120Hz refresh rate for smooth motion in sports and gaming</li><li>Smart TV platform with built-in streaming apps (Netflix, YouTube, etc.)</li><li>HDR10+ and Dolby Vision support for premium content</li><li>Dolby Atmos audio for immersive sound</li><li>Multiple HDMI 2.1 ports for gaming consoles and devices</li><li>Voice control compatible with smart home integration</li></ul><h3>Specifications</h3><ul><li>Screen Size: 65 inches (diagonal)</li><li>Resolution: 4K UHD (3840 x 2160 pixels)</li><li>Panel Type: IPS with Mini-LED backlight</li><li>Colour Technology: Quantum Dot (QLED)</li><li>Refresh Rate: 120Hz</li><li>HDR Support: HDR10+, Dolby Vision, HLG</li><li>Audio: Dolby Atmos, built-in speakers</li><li>Smart Features: Hisense smart platform with app store</li><li>Connectivity: WiFi, Ethernet, Bluetooth, multiple HDMI/USB ports</li><li>Power Consumption: Approximately 150W typical</li></ul><p>Upgrade your home entertainment setup with the Hisense 65U7Q PRO — order today and enjoy premium 4K viewing. Same-day delivery available in selected areas.</p>",,,taxable,,1,10,2,0,0,28.5,146.5,85.0,8.5,1,,,18748.75,Electronics > Televisions > 4K Smart TVs,"65-inch-tv, 4K-television, Hisense, smart-tv, mini-led-tv",,https://lcdn.altex.ro/media/catalog/product/6/5/65u7qpro_13_786d3c5a.jpg,,,,,,,,,,Brand,Hisense,1,1,Model,65U7QPRO,1,,,,,,"Hisense 65U7Q PRO 65"" 4K Mini-LED Smart TV","Buy Hisense 65U7Q PRO 65"" 4K mini-LED smart TV online in South Africa. Quantum dot colour, 120Hz refresh rate. Order now from R18,748.75.","Hisense 65U7Q PRO, 65 inch 4K TV, mini-LED television, quantum dot TV, smart TV South Africa, premium 4K display, gaming TV, HDR TV",%%title%% - %%sitename%%,"Buy Hisense 65U7Q PRO 65"" 4K mini-LED smart TV online in South Africa. Quantum dot colour, 120Hz refresh rate. Order now from R18,748.75.",Hisense 65U7Q PRO 65 inch 4K TV South Africa,,Hisense
,simple,75U7Q,"Hisense 75U7Q 75"" 4K Smart TV - Premium UHD Display",1,0,visible,Experience stunning 4K clarity on the Hisense 75U7Q 75-inch smart TV. Premium picture quality and seamless streaming for your home entertainment.,"<h2>Overview</h2><p>The Hisense 75U7Q is a premium 75-inch 4K Ultra HD smart television designed for the modern South African home. With cutting-edge display technology and intelligent streaming capabilities, this TV transforms your viewing experience with crystal-clear picture quality and immersive sound. Perfect for movie nights, sports, gaming, and everyday entertainment.</p><p>Built with Hisense's advanced engineering, the 75U7Q delivers vibrant colours, deep blacks, and exceptional contrast. The smart TV platform provides easy access to all your favourite streaming services, whilst the large 75-inch screen ensures every viewer in the room enjoys premium picture quality.</p><h3>Key Features</h3><ul><li>75-inch 4K Ultra HD (3840 x 2160) display</li><li>Advanced colour and contrast technology</li><li>Built-in smart TV streaming platform</li><li>Multiple HDMI and connectivity ports</li><li>Energy-efficient operation</li><li>Sleek modern design with slim bezels</li></ul><h3>Specifications</h3><ul><li>Screen Size: 75 inches</li><li>Resolution: 4K UHD (3840 x 2160)</li><li>Brightness: High-performance display panel</li><li>Smart Features: Integrated streaming apps</li><li>Audio: Built-in stereo speakers</li><li>Connectivity: HDMI, USB, RF inputs</li><li>Power Consumption: Energy-efficient rating</li></ul><p>Transform your entertainment space with the Hisense 75U7Q. Order now from South Africa's trusted electronics retailer and enjoy exceptional picture quality at an outstanding price.</p>",,,taxable,,1,10,2,0,0,28.5,168.5,96.8,56.2,1,,,21248.75,Electronics > Televisions > Smart TVs > 75-Inch TVs,"Hisense, 75-inch TV, 4K Television, Smart TV, UHD Display",,https://www.techtreksa.store/cdn/shop/files/75u7q-televisions-1174632544.jpg?v=1762494426&width=1214,,,,,,,,,,Brand,Hisense,1,1,Model,75U7Q,1,,,,,,"Hisense 75U7Q 75"" 4K Smart TV South Africa","Buy the Hisense 75U7Q 75-inch 4K smart TV in South Africa. Premium UHD display, stunning picture quality, smart streaming. Shop online today!","Hisense 75U7Q, 75 inch 4K TV, smart television, UHD display, Hisense TV South Africa, large screen TV, 4K smart TV, home entertainment",%%title%% - %%sitename%%,"Buy the Hisense 75U7Q 75-inch 4K smart TV in South Africa. Premium UHD display, stunning picture quality, smart streaming. Shop online today!",Hisense 75U7Q 75 inch 4K TV,,Hisense
,simple,65U7Q,"Hisense 65U7Q 65"" 4K Ultra HD Smart TV with Quantum Dot",1,0,visible,Experience stunning 4K picture quality with Hisense's 65U7Q quantum dot technology and smart features for immersive home entertainment.,"<h2>Overview</h2><p>The Hisense 65U7Q is a premium 65-inch 4K Ultra HD smart television engineered to deliver exceptional picture quality and seamless streaming performance. With advanced quantum dot technology and full array local dimming, this TV brings vibrant colours and deep blacks to every scene, making it ideal for movie enthusiasts and gamers alike.</p><p>Built with cutting-edge display technology and integrated smart TV functionality, the 65U7Q transforms your living room into a home cinema. Whether you're watching blockbuster films, streaming your favourite shows, or gaming, this Hisense model combines performance with affordability, making premium entertainment accessible to South African households.</p><h3>Key Features</h3><ul><li>65-inch 4K Ultra HD (3840 x 2160) quantum dot display</li><li>Full array local dimming for enhanced contrast and picture depth</li><li>Smart TV with built-in streaming apps and connectivity</li><li>High refresh rate support for smooth motion in sports and gaming</li><li>Dolby Vision and HDR support for cinematic image quality</li><li>Energy-efficient design for lower electricity consumption</li><li>Multiple HDMI ports with latest connectivity standards</li></ul><h3>Specifications</h3><ul><li>Screen Size: 65 inches</li><li>Resolution: 4K Ultra HD (3840 x 2160)</li><li>Display Technology: Quantum Dot with Full Array Local Dimming</li><li>Smart Features: Built-in streaming apps and smart interface</li><li>Audio Output: Surround sound system</li><li>HDMI Ports: 3x HDMI 2.1</li><li>Refresh Rate: 60Hz native (motion interpolation to 120Hz)</li><li>Energy Rating: Grade A+</li><li>Warranty: 24 months manufacturer's warranty</li></ul><p>Upgrade your home entertainment system with the Hisense 65U7Q and enjoy cinema-quality viewing at an exceptional price. Add to cart today and transform the way you watch TV.</p>",,,taxable,,1,10,2,0,0,18.5,145.0,83.0,8.5,1,,,12498.75,Electronics > Televisions > 4K Smart TVs,"4K Television, Hisense TV, 65 Inch Smart TV, Quantum Dot Display, Home Entertainment",,https://assets.mmsrg.com/isr/166325/c1/-/ASSET_MMS_156941287/fee_786_587_png,,,,,,,,,,Brand,Hisense,1,1,Model,65U7Q,1,,,,,,"Hisense 65U7Q 65"" 4K Quantum Dot TV South Africa","Buy the Hisense 65U7Q 65"" 4K Smart TV with quantum dot technology. Premium picture quality at unbeatable prices. Shop now at South Africa's leading electronics store.","Hisense 65U7Q, 65 inch 4K TV, quantum dot television, smart TV, ultra HD display, home cinema, streaming TV, South Africa",%%title%% - %%sitename%%,"Buy the Hisense 65U7Q 65"" 4K Smart TV with quantum dot technology. Premium picture quality at unbeatable prices. Shop now at South Africa's leading electronics store.",Hisense 65U7Q 65 inch 4K TV South Africa,,Hisense
,simple,55U7Q,"Hisense 55U7Q 55"" 4K Ultra HD Smart TV with Quantum Dot",1,0,visible,"Experience stunning 4K picture quality with Hisense's 55U7Q quantum dot technology and smart features, now at an unbeatable price.","<h2>Overview</h2><p>The Hisense 55U7Q is a premium 55-inch 4K Ultra HD smart television that brings cinema-quality entertainment into your home. Featuring quantum dot technology for exceptional colour accuracy and brightness, this TV delivers immersive visuals perfect for movies, sports, and gaming. With built-in smart TV functionality, you'll enjoy seamless streaming of your favourite content from popular platforms.</p><p>Engineered for performance and style, the 55U7Q combines cutting-edge display technology with user-friendly smart features. Whether you're watching live sports, streaming your favourite series, or gaming, this television provides the clarity, colour depth, and responsiveness you demand. Perfect for South African homes seeking premium entertainment without breaking the bank.</p><h3>Key Features</h3><ul><li>55-inch 4K Ultra HD (3840 x 2160) quantum dot display</li><li>Enhanced colour accuracy and brightness with quantum dot technology</li><li>Built-in smart TV platform for easy content streaming</li><li>Multiple HDMI and USB connectivity options</li><li>Sleek modern design with slim bezels</li><li>Energy-efficient performance</li><li>High refresh rate support for smooth motion</li><li>Dolby audio technology for immersive sound</li></ul><h3>Specifications</h3><ul><li>Screen Size: 55 inches</li><li>Resolution: 4K Ultra HD (3840 x 2160)</li><li>Display Technology: Quantum Dot</li><li>Smart TV: Yes, built-in platform</li><li>Refresh Rate: 60Hz native</li><li>Connectivity: HDMI x3, USB x2, Ethernet, WiFi</li><li>Audio Output: 20W stereo speakers with Dolby Audio</li><li>Power Consumption: Approximately 120W typical</li><li>Warranty: 24-month manufacturer warranty (South Africa)</li></ul><p>Transform your viewing experience today. Order the Hisense 55U7Q online now and enjoy premium 4K entertainment at incredible value. Free delivery available on orders over R1000 across South Africa!</p>",,,taxable,,1,10,2,0,0,15.5,123.5,71.2,6.9,1,,,11248.75,Electronics > Televisions > 4K Smart TVs,"4K Television, Hisense, Quantum Dot TV, Smart Television, Home Entertainment",,,,,,,,,,,,Brand,Hisense,1,1,Model,55U7Q,1,,,,,,"Hisense 55U7Q 55"" 4K Smart TV | Quantum Dot","Buy the Hisense 55U7Q 55"" 4K smart TV with quantum dot technology online. Premium picture quality, smart features, great price. Order today in SA!","Hisense 55U7Q, 55 inch 4K TV, quantum dot television, smart TV South Africa, Ultra HD TV, Hisense smart TV, 4K television, home entertainment",%%title%% - %%sitename%%,"Buy the Hisense 55U7Q 55"" 4K smart TV with quantum dot technology online. Premium picture quality, smart features, great price. Order today in SA!",Hisense 55U7Q 55 inch 4K TV South Africa,,Hisense
,simple,85Q7Q,Hisense 85Q7Q 4K QLED 144Hz Smart TV,1,0,visible,Experience stunning 4K QLED picture quality with blazing-fast 144Hz refresh rate on this premium 85-inch Hisense display.,"<h2>Overview</h2><p>The Hisense 85Q7Q is a cutting-edge 4K QLED television that combines premium picture quality with high-refresh gaming performance. This 85-inch flagship model delivers exceptional colour accuracy, deep blacks, and brilliant highlights through advanced quantum dot technology, making it ideal for both cinematic entertainment and competitive gaming.</p><p>Built for the modern home, the 85Q7Q features smart connectivity, immersive audio, and a sleek design that complements any living space. Whether you're streaming your favourite content, gaming at 144Hz, or enjoying sports, this premium television offers an uncompromising viewing experience that elevates your entertainment setup.</p><h3>Key Features</h3><ul><li>85-inch 4K Ultra HD QLED display with quantum dot colour technology</li><li>144Hz refresh rate for ultra-smooth gaming and sports performance</li><li>Advanced HDR support for enhanced contrast and dynamic range</li><li>Smart TV platform with built-in streaming apps and voice control</li><li>Premium audio system with Dolby Atmos surround sound</li><li>Full array local dimming for superior black levels</li><li>HDMI 2.1 ports for next-generation gaming consoles</li><li>Sleek bezel-less design with premium finish</li></ul><h3>Specifications</h3><ul><li>Screen Size: 85 inches</li><li>Resolution: 4K UHD (3840 x 2160)</li><li>Panel Technology: QLED with quantum dots</li><li>Refresh Rate: 144Hz</li><li>HDR Formats: HDR10+, Dolby Vision</li><li>Smart Platform: Hisense Smart TV OS</li><li>Audio: Dolby Atmos, multi-channel speakers</li><li>Connectivity: WiFi, Bluetooth, HDMI 2.1, USB</li><li>Power Consumption: Approximately 280W typical</li><li>Energy Rating: G-rated (estimated)</li></ul><p>Upgrade your viewing experience today. The Hisense 85Q7Q delivers premium 4K QLED performance at an exceptional price point. Order now and transform your entertainment space with one of South Africa's leading TV brands.</p>",,,taxable,,1,10,2,0,0,32.5,190.0,27.0,111.0,1,,,22498.75,Electronics > Televisions > 4K Smart TVs,"4K Television, QLED TV, 85 Inch, Gaming Display, Smart TV",,https://cdn-prd-02.pnp.co.za/sys-master/images/hff/h27/27117618790430/silo-product-image-v2-17Oct2025-180033-6942351415390-Straight_on-362687-336_515Wx515H,,,,,,,,,,Brand,Hisense,1,1,Model,85Q7Q,1,,,,,,Hisense 85Q7Q 4K QLED 144Hz TV South Africa,Shop the Hisense 85Q7Q 85-inch 4K QLED TV with 144Hz refresh rate. Premium picture quality and gaming performance. Buy online in South Africa now.,"Hisense 85Q7Q, 85 inch 4K TV, QLED television, 144Hz TV, premium smart TV, gaming TV, South Africa, online electronics",%%title%% - %%sitename%%,Shop the Hisense 85Q7Q 85-inch 4K QLED TV with 144Hz refresh rate. Premium picture quality and gaming performance. Buy online in South Africa now.,Hisense 85Q7Q 4K QLED TV,,Hisense
,simple,75Q7Q,Hisense 75Q7Q 75 inch QLED Smart TV,1,0,visible,"Experience stunning 4K picture quality with Hisense's 75Q7Q QLED TV, featuring advanced quantum dot technology and smart streaming built-in.","<h2>Overview</h2><p>The Hisense 75Q7Q is a premium 75-inch QLED television engineered for home entertainment excellence. With quantum dot colour technology and 4K Ultra HD resolution, this TV delivers vivid, lifelike images with exceptional brightness and contrast. Perfect for large living rooms, the 75Q7Q combines cutting-edge display technology with user-friendly smart features, making it an ideal choice for families and entertainment enthusiasts across South Africa.</p><p>Built with Hisense's commitment to quality and innovation, the 75Q7Q offers premium picture processing, smooth motion handling, and immersive viewing angles. The integrated smart platform provides seamless access to your favourite streaming apps and content, transforming your living room into an entertainment hub.</p><h3>Key Features</h3><ul><li>75-inch QLED display with quantum dot colour technology</li><li>4K Ultra HD (3840 x 2160) resolution for stunning picture clarity</li><li>Direct Full Array backlight for superior contrast control</li><li>Smart TV platform with built-in streaming apps</li><li>High brightness output for excellent picture quality</li><li>Multiple HDMI and USB connectivity options</li><li>Sleek modern design with minimal bezels</li><li>Dolby Audio sound enhancement</li></ul><h3>Specifications</h3><ul><li>Screen Size: 75 inches</li><li>Resolution: 4K Ultra HD (3840 x 2160)</li><li>Panel Technology: QLED with Quantum Dot</li><li>Brightness: 500+ nits peak brightness</li><li>Refresh Rate: 60Hz native</li><li>Ports: HDMI 2.1, USB, Audio output</li><li>Smart Features: Built-in streaming apps, voice control compatible</li><li>Dimensions: Approximately 168cm W x 97cm H x 9cm D (without stand)</li><li>Weight: Approximately 32kg</li><li>Warranty: 24-month manufacturer warranty</li></ul><p><strong>Upgrade your home entertainment today with the Hisense 75Q7Q.</strong> Order now and experience cinema-quality viewing from the comfort of your lounge. Enjoy convenient delivery and installation across South Africa.</p>",,,taxable,,1,10,2,0,0,32,168,9,97,1,,,16248.75,Electronics > Televisions > Smart TVs,"75-inch-tv, QLED-television, 4K-smart-tv, Hisense-TV, home-entertainment",,https://pim.powerbuy.co.th/PWBPIM/web/Image/0226/307134-1.jpg,,,,,,,,,,Brand,Hisense,1,1,Model,75Q7Q,1,,,,,,Hisense 75Q7Q 75 inch QLED TV | 4K,"Buy the Hisense 75Q7Q 75 inch QLED TV online in South Africa. Stunning 4K picture, quantum dot colour, smart features. Order today for delivery.","Hisense 75Q7Q, 75 inch QLED TV, 4K television, quantum dot display, smart TV South Africa, large screen TV, QLED television",%%title%% - %%sitename%%,"Buy the Hisense 75Q7Q 75 inch QLED TV online in South Africa. Stunning 4K picture, quantum dot colour, smart features. Order today for delivery.",Hisense 75Q7Q 75 inch QLED TV South Africa,,Hisense
,simple,65Q7Q,"Hisense 65Q7Q 65"" 4K Smart TV - Premium QLED Display",1,0,visible,"Experience stunning 4K visuals with Hisense's 65Q7Q QLED TV, featuring advanced quantum dot technology and smart features for immersive home entertainment.","<h2>Overview</h2><p>The Hisense 65Q7Q is a premium 65-inch QLED television that brings cinema-quality picture performance to your living room. With quantum dot technology delivering exceptional colour accuracy and brightness, this model is engineered for those who demand superior visual quality. Perfect for sports, movies, and gaming, the 65Q7Q combines advanced display technology with intuitive smart TV functionality.</p><p>This flagship Hisense model features full-array local dimming for deeper blacks and enhanced contrast, making it ideal for both bright rooms and dedicated home theatre spaces. The sleek design and minimal bezels maximise your viewing area, whilst the built-in smart platform provides seamless access to your favourite streaming services.</p><h3>Key Features</h3><ul><li>65-inch QLED display with quantum dot technology for vibrant colours</li><li>4K Ultra HD resolution (3840 x 2160) for crystal-clear imagery</li><li>Full-array local dimming for superior contrast and black levels</li><li>Smart TV platform with built-in streaming apps</li><li>Multiple HDMI and USB connectivity options</li><li>Sleek modern design with minimal bezels</li><li>HDR support for enhanced dynamic range content</li></ul><h3>Specifications</h3><ul><li>Screen Size: 65 inches</li><li>Display Technology: QLED with Quantum Dots</li><li>Resolution: 4K UHD (3840 x 2160 pixels)</li><li>Refresh Rate: 60Hz</li><li>Brightness: High brightness QLED panel</li><li>Contrast: Full-array local dimming</li><li>Smart Features: Built-in streaming platform</li><li>Audio: Integrated stereo speakers</li><li>Inputs: Multiple HDMI 2.0, USB ports</li><li>Power Consumption: Efficient QLED technology</li></ul><p>Upgrade your home entertainment today with the Hisense 65Q7Q QLED TV. Order now and experience the difference premium display technology makes to your viewing pleasure.</p>",,,taxable,,1,10,2,0,0,28.5,145.8,83.4,8.2,1,,,12498.75,Electronics > Televisions > QLED TVs,"Hisense, 65Q7Q, QLED TV, 4K Television, Smart TV",,,,,,,,,,,,Brand,Hisense,1,1,Model,65Q7Q,1,,,,,,"Hisense 65Q7Q 65"" QLED 4K TV South Africa",Buy the Hisense 65Q7Q 65-inch QLED 4K Smart TV in South Africa. Premium quantum dot display with stunning colour and contrast. Shop now for best price.,"Hisense 65Q7Q, 65 inch QLED TV, 4K television, quantum dot display, smart TV South Africa, premium TV, QLED television, home entertainment",%%title%% - %%sitename%%,Buy the Hisense 65Q7Q 65-inch QLED 4K Smart TV in South Africa. Premium quantum dot display with stunning colour and contrast. Shop now for best price.,Hisense 65Q7Q QLED 4K TV South Africa,,Hisense
,simple,55Q7Q,"Hisense 55Q7Q 55"" 4K QLED Smart TV",1,0,visible,Experience stunning 4K QLED picture quality on the Hisense 55Q7Q with smart features and vibrant colours perfect for your lounge.,"<h2>Overview</h2><p>The Hisense 55Q7Q is a premium 55-inch 4K QLED television that brings cinematic entertainment into your home. Featuring quantum dot technology for exceptional colour accuracy and brightness, this smart TV delivers an immersive viewing experience whether you're watching movies, sports, or gaming.</p><p>Built with advanced processing technology and a sleek modern design, the 55Q7Q combines performance with style. Perfect for modern South African homes seeking a reliable, feature-rich television that handles all your entertainment needs with ease.</p><h3>Key Features</h3><ul><li>55-inch 4K UHD QLED display with quantum dot technology</li><li>Smart TV functionality with popular streaming apps pre-installed</li><li>HDR support for enhanced contrast and colour depth</li><li>Multiple HDMI and USB connectivity options</li><li>Energy-efficient operation with smart power management</li><li>Slim bezel design for maximum screen real estate</li></ul><h3>Specifications</h3><ul><li>Screen Size: 55 inches</li><li>Resolution: 4K UHD (3840 x 2160)</li><li>Display Technology: QLED with quantum dots</li><li>Smart Platform: Built-in smart TV apps</li><li>Refresh Rate: 60Hz</li><li>Inputs: Multiple HDMI 2.0, USB ports</li><li>Audio: Built-in stereo speakers</li><li>Warranty: Standard manufacturer warranty</li></ul><p>Upgrade your home entertainment today with the Hisense 55Q7Q. Shop now and enjoy exceptional picture quality at an unbeatable price, backed by trusted South African retailers.</p>",,,taxable,,1,10,2,0,0,14.5,123.5,71.2,6.9,1,,,9998.75,Electronics > Televisions > QLED TVs,"Hisense, 55 inch TV, 4K QLED, Smart TV, Home Entertainment",,https://down-my.img.susercontent.com/file/my-11134208-7rasf-mdbj5b3jv6x1de,,,,,,,,,,Brand,Hisense,1,1,Model,55Q7Q,1,,,,,,"Hisense 55Q7Q 55"" 4K QLED Smart TV South Africa","Buy the Hisense 55Q7Q 55-inch 4K QLED TV online. Premium picture quality, smart features, and exceptional value. Order now from South Africa's trusted electronics store.","Hisense 55Q7Q, 55 inch TV, 4K QLED television, smart TV, Hisense TV South Africa, QLED display, home entertainment, 4K TV",%%title%% - %%sitename%%,"Buy the Hisense 55Q7Q 55-inch 4K QLED TV online. Premium picture quality, smart features, and exceptional value. Order now from South Africa's trusted electronics store.",Hisense 55Q7Q 4K QLED TV South Africa,,Hisense
,simple,F03125,"Scraper Plastic Handle Green (Putty Knife) 1"" - 25MM",1,,visible,,,,,taxable,,1,786,3,0,0,,,,,1,,,8.84,"All Products, Hardware, Hardware > Cutting & Grinding, Hardware > Painting & Decorating",,,,,,,,,,,,,,,,,,,,,,,,,,,,,,,,ALCO
,simple,F03128,"Scraper Plastic Handle Green (Putty Knife) 2.5"" - 65MM",1,,visible,,,,,taxable,,1,697,3,0,0,,,,,1,,,13.67,"All Products, Hardware, Hardware > Cutting & Grinding, Hardware > Painting & Decorating",,,,,,,,,,,,,,,,,,,,,,,,,,,,,,,,ALCO
,simple,F03131,"Scraper Plastic Handle Green (Putty Knife) 4"" - 100MM",1,,visible,,,,,taxable,,1,997,3,0,0,,,,,1,,,15.76,"All Products, Hardware, Hardware > Cutting & Grinding, Hardware > Painting & Decorating",,,,,,,,,,,,,,,,,,,,,,,,,,,,,,,,ALCO
,simple,F03126,"Scraper Plastic Handle Green (Putty Knife) 1.5"" - 38MM",1,,visible,,,,,taxable,,1,709,3,0,0,,,,,1,,,10.45,"All Products, Hardware, Hardware > Cutting & Grinding, Hardware > Painting & Decorating",,,,,,,,,,,,,,,,,,,,,,,,,,,,,,,,ALCO
,simple,F03129,"Scraper Plastic Handle Green (Putty Knife) 3"" - 75MM",1,,visible,,,,,taxable,,1,9,3,0,0,,,,,1,,,14.41,"All Products, Hardware, Hardware > Cutting & Grinding, Hardware > Painting & Decorating",,,,,,,,,,,,,,,,,,,,,,,,,,,,,,,,ALCO
,simple,F03132,"Scraper Plastic Handle Green (Putty Knife) 5"" - 125MM",1,,visible,,,,,taxable,,1,1056,3,0,0,,,,,1,,,17.63,"All Products, Hardware, Hardware > Cutting & Grinding, Hardware > Painting & Decorating",,,,,,,,,,,,,,,,,,,,,,,,,,,,,,,,ALCO
,simple,F03127,"Scraper Plastic Handle Green (Putty Knife) 2"" - 50MM",1,,visible,,,,,taxable,,1,219,3,0,0,,,,,1,,,12.38,"All Products, Hardware, Hardware > Cutting & Grinding, Hardware > Painting & Decorating",,,,,,,,,,,,,,,,,,,,,,,,,,,,,,,,ALCO
,simple,F03130,"Scraper Plastic Handle Green (Putty Knife) 3.5"" - 90MM",1,,visible,,,,,taxable,,1,1061,3,0,0,,,,,1,,,15.29,"All Products, Hardware, Hardware > Cutting & Grinding, Hardware > Painting & Decorating",,,,,,,,,,,,,,,,,,,,,,,,,,,,,,,,ALCO
,simple,F03133,"Scraper Plastic Handle Green (Putty Knife) 6"" - 150MM",1,,visible,,,,,taxable,,1,1169,3,0,0,,,,,1,,,19.24,"All Products, Hardware, Hardware > Cutting & Grinding, Hardware > Painting & Decorating",,,,,,,,,,,,,,,,,,,,,,,,,,,,,,,,ALCO
,simple,F03116,"Scraper Wooden Beech Handle (Putty Knife) 1"" - 25MM",1,,visible,,,,,taxable,,1,518,3,0,0,,,,,1,,,12.07,"All Products, Hardware, Hardware > Cutting & Grinding, Hardware > Painting & Decorating",,,,,,,,,,,,,,,,,,,,,,,,,,,,,,,,ALCO
,simple,F03119,"Scraper Wooden Beech Handle (Putty Knife) 2.5"" - 65MM",1,,visible,,,,,taxable,,1,398,3,0,0,,,,,1,,,15.29,"All Products, Hardware, Hardware > Cutting & Grinding, Hardware > Painting & Decorating",,,,,,,,,,,,,,,,,,,,,,,,,,,,,,,,ALCO
,simple,F03122,"Scraper Wooden Beech Handle (Putty Knife) 4"" - 100MM",1,,visible,,,,,taxable,,1,608,3,0,0,,,,,1,,,18.51,"All Products, Hardware, Hardware > Cutting & Grinding, Hardware > Painting & Decorating",,,,,,,,,,,,,,,,,,,,,,,,,,,,,,,,ALCO
,simple,F03117,"Scraper Wooden Beech Handle (Putty Knife) 1.5"" - 38MM",1,,visible,,,,,taxable,,1,441,3,0,0,,,,,1,,,12.8,"All Products, Hardware, Hardware > Cutting & Grinding, Hardware > Painting & Decorating",,,,,,,,,,,,,,,,,,,,,,,,,,,,,,,,ALCO
,simple,F03120,"Scraper Wooden Beech Handle (Putty Knife) 3"" - 75MM",1,,visible,,,,,taxable,,1,43,3,0,0,,,,,1,,,16.02,"All Products, Hardware, Hardware > Cutting & Grinding, Hardware > Painting & Decorating",,,,,,,,,,,,,,,,,,,,,,,,,,,,,,,,ALCO
,simple,F03123,"Scraper Wooden Beech Handle (Putty Knife) 5"" - 125MM",1,,visible,,,,,taxable,,1,758,3,0,0,,,,,1,,,20.43,"All Products, Hardware, Hardware > Cutting & Grinding, Hardware > Painting & Decorating",,,,,,,,,,,,,,,,,,,,,,,,,,,,,,,,ALCO
,simple,F03118,"Scraper Wooden Beech Handle (Putty Knife) 2"" - 50MM",1,,visible,,,,,taxable,,1,149,3,0,0,,,,,1,,,14.41,"All Products, Hardware, Hardware > Cutting & Grinding, Hardware > Painting & Decorating",,,,,,,,,,,,,,,,,,,,,,,,,,,,,,,,ALCO
,simple,F03121,"Scraper Wooden Beech Handle (Putty Knife) 3.5"" - 90MM",1,,visible,,,,,taxable,,1,630,3,0,0,,,,,1,,,16.9,"All Products, Hardware, Hardware > Cutting & Grinding, Hardware > Painting & Decorating",,,,,,,,,,,,,,,,,,,,,,,,,,,,,,,,ALCO
,simple,F03124,"Scraper Wooden Beech Handle (Putty Knife) 6"" - 150MM",1,,visible,,,,,taxable,,1,777,3,0,0,,,,,1,,,22.46,"All Products, Hardware, Hardware > Cutting & Grinding, Hardware > Painting & Decorating",,,,,,,,,,,,,,,,,,,,,,,,,,,,,,,,ALCO
,simple,F03090,"Wide Scraper (Putty Knife) Rubber Handle 6""",1,,visible,,,,,taxable,,1,351,3,0,0,,,,,1,,,19.24,"All Products, Hardware, Hardware > Cutting & Grinding, Hardware > Painting & Decorating",,,,,,,,,,,,,,,,,,,,,,,,,,,,,,,,ALCO
,simple,F03091,"Wide Scraper (Putty Knife) Rubber Handle 8""",1,,visible,,,,,taxable,,1,262,3,0,0,,,,,1,,,24.07,"All Products, Hardware, Hardware > Cutting & Grinding, Hardware > Painting & Decorating",,,,,,,,,,,,,,,,,,,,,,,,,,,,,,,,ALCO
,simple,F03092,"Wide Scraper (Putty Knife) Rubber Handle 10""",1,,visible,,,,,taxable,,1,108,3,0,0,,,,,1,,,32.12,"All Products, Hardware, Hardware > Cutting & Grinding, Hardware > Painting & Decorating",,,,,,,,,,,,,,,,,,,,,,,,,,,,,,,,ALCO
,simple,F03573,"Trowel Bricklaying Ruby Handle 8""",1,,visible,,,,,taxable,,1,474,3,0,0,,,,,1,,,53.05,"All Products, Hardware, Hardware > Painting & Decorating",,,,,,,,,,,,,,,,,,,,,,,,,,,,,,,,Impulse
,simple,F03574,"Trowel Bricklaying Ruby Handle 10""",1,,visible,,,,,taxable,,1,453,3,0,0,,,,,1,,,57.88,"All Products, Hardware, Hardware > Painting & Decorating",,,,,,,,,,,,,,,,,,,,,,,,,,,,,,,,Impulse
,simple,F03525,Trowel Plain Blue Plastic Handle,1,,visible,,,,,taxable,,1,965,3,0,0,,,,,1,,,38.56,"All Products, Hardware, Hardware > Painting & Decorating",,,,,,,,,,,,,,,,,,,,,,,,,,,,,,,,ALCO
,simple,F03572,Trowel Plain Rubber Handle Better Quality,1,,visible,,,,,taxable,,1,25,3,0,0,,,,,1,,,45.0,"All Products, Hardware, Hardware > Painting & Decorating",,,,,,,,,,,,,,,,,,,,,,,,,,,,,,,,ALCO
,simple,F03110,"Paint Brush Green Plastic Handle DIY 1"" - 25MM",1,,visible,,,,,taxable,,1,568,3,0,0,,,,,1,,,6.44,"All Products, Hardware, Hardware > Painting & Decorating",,,,,,,,,,,,,,,,,,,,,,,,,,,,,,,,ALCO
,simple,F03112,"Paint Brush Green Plastic Handle DIY 2"" - 50MM",1,,visible,,,,,taxable,,1,696,3,0,0,,,,,1,,,14.47,"All Products, Hardware, Hardware > Painting & Decorating",,,,,,,,,,,,,,,,,,,,,,,,,,,,,,,,ALCO
,simple,F03114,"Paint Brush Green Plastic Handle DIY 3"" - 75MM",1,,visible,,,,,taxable,,1,763,3,0,0,,,,,1,,,20.85,"All Products, Hardware, Hardware > Painting & Decorating",,,,,,,,,,,,,,,,,,,,,,,,,,,,,,,,ALCO
,simple,F03111,"Paint Brush Green Plastic Handle DIY 1.5"" - 38MM",1,,visible,,,,,taxable,,1,742,3,0,0,,,,,1,,,9.66,"All Products, Hardware, Hardware > Painting & Decorating",,,,,,,,,,,,,,,,,,,,,,,,,,,,,,,,ALCO
,simple,F03113,"Paint Brush Green Plastic Handle DIY 2.5"" - 63MM",1,,visible,,,,,taxable,,1,504,3,0,0,,,,,1,,,15.92,"All Products, Hardware, Hardware > Painting & Decorating",,,,,,,,,,,,,,,,,,,,,,,,,,,,,,,,ALCO
,simple,F03115,"Paint Brush Green Plastic Handle DIY 4"" - 100MM",1,,visible,,,,,taxable,,1,1079,3,0,0,,,,,1,,,24.95,"All Products, Hardware, Hardware > Painting & Decorating",,,,,,,,,,,,,,,,,,,,,,,,,,,,,,,,ALCO
,simple,F03098,"Paint Brush Red Handle DIY PRO 1"" - 25MM",1,,visible,,,,,taxable,,1,1507,3,0,0,,,,,1,,,8.05,"All Products, Hardware, Hardware > Painting & Decorating",,,,,,,,,,,,,,,,,,,,,,,,,,,,,,,,ALCO
,simple,F03100,"Paint Brush Red Handle DIY PRO 2"" - 50MM",1,,visible,,,,,taxable,,1,802,3,0,0,,,,,1,,,14.96,"All Products, Hardware, Hardware > Painting & Decorating",,,,,,,,,,,,,,,,,,,,,,,,,,,,,,,,ALCO
,simple,F03102,"Paint Brush Red Handle DIY PRO 3"" - 75MM",1,,visible,,,,,taxable,,1,1049,3,0,0,,,,,1,,,22.14,"All Products, Hardware, Hardware > Painting & Decorating",,,,,,,,,,,,,,,,,,,,,,,,,,,,,,,,ALCO
,simple,F03099,"Paint Brush Red Handle DIY PRO 1.5"" - 38MM",1,,visible,,,,,taxable,,1,1233,3,0,0,,,,,1,,,11.27,"All Products, Hardware, Hardware > Painting & Decorating",,,,,,,,,,,,,,,,,,,,,,,,,,,,,,,,ALCO
,simple,F03101,"Paint Brush Red Handle DIY PRO 2.5"" - 63MM",1,,visible,,,,,taxable,,1,1089,3,0,0,,,,,1,,,17.71,"All Products, Hardware, Hardware > Painting & Decorating",,,,,,,,,,,,,,,,,,,,,,,,,,,,,,,,ALCO
,simple,F03103,"Paint Brush Red Handle DIY PRO 4"" - 100MM",1,,visible,,,,,taxable,,1,1500,3,0,0,,,,,1,,,28.17,"All Products, Hardware, Hardware > Painting & Decorating",,,,,,,,,,,,,,,,,,,,,,,,,,,,,,,,ALCO
,simple,F03104,"Paint Brush Wooden Lotus Handle Craftman 1"" - 25MM",1,,visible,,,,,taxable,,1,1226,3,0,0,,,,,1,,,9.66,"All Products, Hardware, Hardware > Painting & Decorating",,,,,,,,,,,,,,,,,,,,,,,,,,,,,,,,ALCO
,simple,F03106,"Paint Brush Wooden Lotus Handle Craftman 2"" - 50MM",1,,visible,,,,,taxable,,1,81,3,0,0,,,,,1,,,20.91,"All Products, Hardware, Hardware > Painting & Decorating",,,,,,,,,,,,,,,,,,,,,,,,,,,,,,,,ALCO
,simple,F03108,"Paint Brush Wooden Lotus Handle Craftman 3"" - 75MM",1,,visible,,,,,taxable,,1,1371,3,0,0,,,,,1,,,37.43,"All Products, Hardware, Hardware > Painting & Decorating",,,,,,,,,,,,,,,,,,,,,,,,,,,,,,,,ALCO
,simple,F03105,"Paint Brush Wooden Lotus Handle Craftman 1.5"" - 38MM",1,,visible,,,,,taxable,,1,862,3,0,0,,,,,1,,,14.96,"All Products, Hardware, Hardware > Painting & Decorating",,,,,,,,,,,,,,,,,,,,,,,,,,,,,,,,ALCO
,simple,F03107,"Paint Brush Wooden Lotus Handle Craftman 2.5"" - 63MM",1,,visible,,,,,taxable,,1,1063,3,0,0,,,,,1,,,28.98,"All Products, Hardware, Hardware > Painting & Decorating",,,,,,,,,,,,,,,,,,,,,,,,,,,,,,,,ALCO
,simple,F03109,"Paint Brush Wooden Lotus Handle Craftman 4"" - 100MM",1,,visible,,,,,taxable,,1,1132,3,0,0,,,,,1,,,45.88,"All Products, Hardware, Hardware > Painting & Decorating",,,,,,,,,,,,,,,,,,,,,,,,,,,,,,,,ALCO
,simple,F03097,Paint Roller Grey Sponge Short Handle 160MM,1,,visible,,,,,taxable,,1,19,3,0,0,,,,,1,,,25.68,"All Products, Hardware, Hardware > Painting & Decorating",,,,,,,,,,,,,,,,,,,,,,,,,,,,,,,,Impulse
,simple,F03096,Paint Roller Grey Sponge Long Handle 160MM,1,,visible,,,,,taxable,,1,346,3,0,0,,,,,1,,,30.51,"All Products, Hardware, Hardware > Painting & Decorating",,,,,,,,,,,,,,,,,,,,,,,,,,,,,,,,Impulse
,simple,F03144,Paint Roller Small DIY Long Handle 100MM,1,,visible,,,,,taxable,,1,221,3,0,0,,,,,1,,,30.51,"All Products, Hardware, Hardware > Painting & Decorating",,,,,,,,,,,,,,,,,,,,,,,,,,,,,,,,Impulse
,simple,F03139,Paint Roller 3pce Set 100MM Promo,1,,visible,,,,,taxable,,1,1204,3,0,0,,,,,1,,,32.12,"All Products, Hardware, Hardware > Painting & Decorating",,,,,,,,,,,,,,,,,,,,,,,,,,,,,,,,Impulse
,simple,F03147,Paint Roller Anti Splash,1,,visible,,,,,taxable,,1,72,3,0,0,,,,,1,,,80.42,"All Products, Hardware, Hardware > Painting & Decorating",,,,,,,,,,,,,,,,,,,,,,,,,,,,,,,,Impulse
,simple,F03135,Pro Medium Paint Roller Yellow,1,,visible,,,,,taxable,,1,2642,3,0,0,,,,,1,,,36.95,"All Products, Hardware, Hardware > Painting & Decorating",,,,,,,,,,,,,,,,,,,,,,,,,,,,,,,,Impulse
,simple,F03140,"Medium ""Pro"" Roller Gary Stripe",1,,visible,,,,,taxable,,1,1294,3,0,0,,,,,1,,,43.39,"All Products, Hardware, Hardware > Painting & Decorating",,,,,,,,,,,,,,,,,,,,,,,,,,,,,,,,Impulse
,simple,F03142,"""Pro"" Roller Yellow Handle High Quality",1,,visible,,,,,taxable,,1,36,3,0,0,,,,,1,,,69.15,"All Products, Hardware, Hardware > Painting & Decorating",,,,,,,,,,,,,,,,,,,,,,,,,,,,,,,,Impulse
,simple,F03141,"Textured ""Pro"" Roller Blue Handle Best Quality/Durability",1,,visible,,,,,taxable,,1,143,3,0,0,,,,,1,,,73.98,"All Products, Hardware, Hardware > Painting & Decorating",,,,,,,,,,,,,,,,,,,,,,,,,,,,,,,,Impulse
,simple,F03148,Textured Spaghetti Roller,1,,visible,,,,,taxable,,1,199,3,0,0,,,,,1,,,96.52,"All Products, Hardware, Hardware > Painting & Decorating",,,,,,,,,,,,,,,,,,,,,,,,,,,,,,,,Impulse
,simple,F03089,High Density Med Textureed Roller,1,,visible,,,,,taxable,,1,422,3,0,0,,,,,1,,,96.52,"All Products, Hardware, Hardware > Painting & Decorating",,,,,,,,,,,,,,,,,,,,,,,,,,,,,,,,Impulse
,simple,F01671,"Paint Brush Set 3PCE - 1"",1.5"",2""",1,,visible,,,,,taxable,,1,1679,3,0,0,,,,,1,,,27.29,"All Products, Hardware, Hardware > Painting & Decorating",,,,,,,,,,,,,,,,,,,,,,,,,,,,,,,,ALCO
,simple,F01672,"Paint Brush Set 3PCE - 1"",1.5"",2"",2.5"",3""",1,,visible,,,,,taxable,,1,2009,3,0,0,,,,,1,,,43.39,"All Products, Hardware, Hardware > Painting & Decorating",,,,,,,,,,,,,,,,,,,,,,,,,,,,,,,,ALCO
,simple,F03145,Soft Pattern Designer Roller,1,,visible,,,,,taxable,,1,39,3,0,0,,,,,1,,,223.79,"All Products, Hardware, Hardware > Painting & Decorating",,,,,,,,,,,,,,,,,,,,,,,,,,,,,,,,Impulse
,simple,F03093,Masking Paper Tape For Painting 2CM x 20M,1,,visible,,,,,taxable,,1,10,3,0,0,,,,,1,,,11.19,"All Products, Hardware",,,,,,,,,,,,,,,,,,,,,,,,,,,,,,,,Impulse
,simple,F03094,Masking Paper Tape For Painting 5CM x 20M,1,,visible,,,,,taxable,,1,191,3,0,0,,,,,1,,,27.29,"All Products, Hardware",,,,,,,,,,,,,,,,,,,,,,,,,,,,,,,,Impulse
,simple,F03466,Paint Brush Set Double Blister 3 Piece,1,,visible,,,,,taxable,,1,4712,3,0,0,,,,,1,,,36.95,"All Products, Hardware, Hardware > Painting & Decorating",,,,,,,,,,,,,,,,,,,,,,,,,,,,,,,,Impulse
,simple,F03461,Paint Brush Set Double Blister 5 Piece,1,,visible,,,,,taxable,,1,1212,3,0,0,,,,,1,,,53.05,"All Products, Hardware, Hardware > Painting & Decorating",,,,,,,,,,,,,,,,,,,,,,,,,,,,,,,,Impulse
,simple,F03281,Econo Roller Set Paint Roller & Tray Set,1,,visible,,,,,taxable,,1,10,3,0,0,,,,,1,,,25.68,"All Products, Hardware, Hardware > Painting & Decorating",,,,,,,,,,,,,,,,,,,,,,,,,,,,,,,,ALCO TOOLS
,simple,F02578,Budget Set Paint Roller & Tray Set,1,,visible,,,,,taxable,,1,10,3,0,0,,,,,1,,,30.51,"All Products, Hardware, Hardware > Painting & Decorating",,,,,,,,,,,,,,,,,,,,,,,,,,,,,,,,ALCO TOOLS
,simple,F02579,DIY Set Paint Roller & Tray Set,1,,visible,,,,,taxable,,1,10,3,0,0,,,,,1,,,36.95,"All Products, Hardware, Hardware > Painting & Decorating",,,,,,,,,,,,,,,,,,,,,,,,,,,,,,,,ALCO TOOLS
,simple,F02580,Supa Pile Paint Roller & Tray Set,1,,visible,,,,,taxable,,1,6744,3,0,0,,,,,1,,,46.61,"All Products, Hardware, Hardware > Painting & Decorating",,,,,,,,,,,,,,,,,,,,,,,,,,,,,,,,ALCO TOOLS
,simple,F03134,Her Pile Paint Roller & Tray Set,1,,visible,,,,,taxable,,1,10,3,0,0,,,,,1,,,48.22,"All Products, Hardware, Hardware > Painting & Decorating",,,,,,,,,,,,,,,,,,,,,,,,,,,,,,,,ALCO TOOLS
,simple,F03095,MoHAIR Paint Roller & Tray Set,1,,visible,,,,,taxable,,1,10,3,0,0,,,,,1,,,57.88,"All Products, Hardware, Hardware > Painting & Decorating, Homeware, Homeware > Appliances, Homeware > Appliances > Small Appliances",,,,,,,,,,,,,,,,,,,,,,,,,,,,,,,,ALCO TOOLS
,simple,F02905,Lambswool Paint Roller & Tray Set,1,,visible,,,,,taxable,,1,5052,3,0,0,,,,,1,,,57.88,"All Products, Hardware, Hardware > Painting & Decorating",,,,,,,,,,,,,,,,,,,,,,,,,,,,,,,,ALCO TOOLS
,simple,F02904,Ruffer Pile Paint Roller & Tray Set,1,,visible,,,,,taxable,,1,12,3,0,0,,,,,1,,,57.88,"All Products, Hardware, Hardware > Painting & Decorating",,,,,,,,,,,,,,,,,,,,,,,,,,,,,,,,ALCO TOOLS
,simple,F02581,Eazi Brush Paint Roller & Tray Set,1,,visible,,,,,taxable,,1,10,3,0,0,,,,,1,,,59.49,"All Products, Hardware, Hardware > Painting & Decorating",,,,,,,,,,,,,,,,,,,,,,,,,,,,,,,,ALCO TOOLS
,simple,F02582,Microfibre High Density Paint Roller & Tray Set,1,,visible,,,,,taxable,,1,1289,3,0,0,,,,,1,,,70.76,"All Products, Hardware, Hardware > Painting & Decorating",,,,,,,,,,,,,,,,,,,,,,,,,,,,,,,,ALCO TOOLS
,simple,F03280,"Prof"" Pile Paint Roller & Tray Set",1,,visible,,,,,taxable,,1,10,3,0,0,,,,,1,,,77.2,"All Products, Hardware, Hardware > Painting & Decorating",,,,,,,,,,,,,,,,,,,,,,,,,,,,,,,,ALCO TOOLS
,simple,F03884,7PCE Value Set,1,,visible,,,,,taxable,,1,10,3,0,0,,,,,1,,,80.42,"All Products, Hardware, Hardware > Painting & Decorating",,,,,,,,,,,,,,,,,,,,,,,,,,,,,,,,ALCO
,simple,F03146,Paint Roller Handle Extender 3M,1,,visible,,,,,taxable,,1,1458,3,0,0,,,,,1,,,61.1,"All Products, Hardware, Hardware > Painting & Decorating",,,,,,,,,,,,,,,,,,,,,,,,,,,,,,,,Impulse
,simple,F03532,Plier Mini 4PC Set,1,,visible,,,,,taxable,,1,163,3,0,0,,,,,1,,,144.82,"All Products, Hardware, Hardware > Hand Tools",,,,,,,,,,,,,,,,,,,,,,,,,,,,,,,,ALCO
,simple,F02241,Plier Fencing Un-Insulated Handle 300MM,1,,visible,,,,,taxable,,1,10,3,0,0,,,,,1,,,144.82,"All Products, Hardware, Hardware > Hand Tools",,,,,,,,,,,,,,,,,,,,,,,,,,,,,,,,ALCO
,simple,F03575,Plier Side Cutter 3 In 1,1,,visible,,,,,taxable,,1,10,3,0,0,,,,,1,,,144.82,"All Products, Hardware, Hardware > Cutting & Grinding, Hardware > Hand Tools",,,,,,,,,,,,,,,,,,,,,,,,,,,,,,,,ALCO
,simple,F03577,Plier Side Long Nose 4 In 1,1,,visible,,,,,taxable,,1,5,3,0,0,,,,,1,,,141.6,"All Products, Hardware, Hardware > Hand Tools",,,,,,,,,,,,,,,,,,,,,,,,,,,,,,,,ALCO
,simple,F03576,Plier Side Combination 5 In 1,1,,visible,,,,,taxable,,1,10,3,0,0,,,,,1,,,144.82,"All Products, Hardware, Hardware > Hand Tools",,,,,,,,,,,,,,,,,,,,,,,,,,,,,,,,ALCO
,simple,F03571,Plier Set 3PCE DIY,1,,visible,,,,,taxable,,1,117,3,0,0,,,,,1,,,152.87,"All Products, Hardware, Hardware > Hand Tools",,,,,,,,,,,,,,,,,,,,,,,,,,,,,,,,ALCO
,simple,F00997,Cauking Gun Half Barrel,1,,visible,,,,,taxable,,1,1058,3,0,0,,,,,1,,,36.95,"All Products, Hardware",,,,,,,,,,,,,,,,,,,,,,,,,,,,,,,,Impulse
,simple,F03228,Cauking Gun Metal Pro Red,1,,visible,,,,,taxable,,1,169,3,0,0,,,,,1,,,64.32,"All Products, Hardware",,,,,,,,,,,,,,,,,,,,,,,,,,,,,,,,Impulse
,simple,F03229T,Cauking Gun Metal Pro Black,1,,visible,,,,,taxable,,1,10,3,0,0,,,,,1,,,39.95,"All Products, Hardware",,,,,,,,,,,,,,,,,,,,,,,,,,,,,,,,Impulse
,simple,F00981,Ladder House Wife 4 Step,1,,visible,,,,,taxable,,1,3,3,0,0,,,,,1,,,803.39,"All Products, Hardware, Hardware > Ladders & Access",,,,,,,,,,,,,,,,,,,,,,,,,,,,,,,,Impulse
,simple,F01368,Ladder House Wife 5 Step,1,,visible,,,,,taxable,,1,10,3,0,0,,,,,1,,,1109.29,"All Products, Hardware, Hardware > Ladders & Access",,,,,,,,,,,,,,,,,,,,,,,,,,,,,,,,Impulse
,simple,F03450,Hacksaw Full Metal,1,,visible,,,,,taxable,,1,411,3,0,0,,,,,1,,,61.1,"All Products, Hardware",,,,,,,,,,,,,,,,,,,,,,,,,,,,,,,,Impulse
,simple,F03526,Hacksaw Metal Handle Pro,1,,visible,,,,,taxable,,1,223,3,0,0,,,,,1,,,144.82,"All Products, Hardware",,,,,,,,,,,,,,,,,,,,,,,,,,,,,,,,ALCO
,simple,F03527,Hacksaw Rubber Handle Pro,1,,visible,,,,,taxable,,1,225,3,0,0,,,,,1,,,160.92,"All Products, Hardware",,,,,,,,,,,,,,,,,,,,,,,,,,,,,,,,Impulse
,simple,F01010,Handsaw Plastic Handle,1,,visible,,,,,taxable,,1,10,3,0,0,,,,,1,,,30.51,"All Products, Hardware",,,,,,,,,,,,,,,,,,,,,,,,,,,,,,,,ALCO
,simple,F01009,Handsaw Wooden Handle,1,,visible,,,,,taxable,,1,10,3,0,0,,,,,1,,,48.22,"All Products, Hardware",,,,,,,,,,,,,,,,,,,,,,,,,,,,,,,,ALCO
,simple,F03482,Hacksaw + Mitre Box Pro,1,,visible,,,,,taxable,,1,20,3,0,0,,,,,1,,,112.54,"All Products, Homeware, Homeware > Storage & Organisation",,,,,,,,,,,,,,,,,,,,,,,,,,,,,,,,ALCO
,simple,F03056,Staple Gun + Staples,1,,visible,,,,,taxable,,1,222,3,0,0,,,,,1,,,157.7,"All Products, Hardware",,,,,,,,,,,,,,,,,,,,,,,,,,,,,,,,ALCO
,simple,F03603,Jack Plane,1,,visible,,,,,taxable,,1,10,3,0,0,,,,,1,,,207.69,"All Products, Hardware",,,,,,,,,,,,,,,,,,,,,,,,,,,,,,,,Impulse
,simple,F02203,Hammer Spring Forged,1,,visible,,,,,taxable,,1,45,3,0,0,,,,,1,,,64.32,"All Products, Hardware, Hardware > Hand Tools",,,,,,,,,,,,,,,,,,,,,,,,,,,,,,,,Impulse
,simple,F03564,Trimmer Line Assorted Colors 1.6 x 6M,1,,visible,,,,,taxable,,1,835,3,0,0,,,,,1,,,11.19,"All Products, Hardware, Hardware > Garden & Outdoor",,,,,,,,,,,,,,,,,,,,,,,,,,,,,,,,ALCO
,simple,F03566,Trimmer Line Assorted Colors 2.4 x 6M,1,,visible,,,,,taxable,,1,732,3,0,0,,,,,1,,,18.51,"All Products, Hardware, Hardware > Garden & Outdoor",,,,,,,,,,,,,,,,,,,,,,,,,,,,,,,,ALCO
,simple,F03568,Trimmer Line Assorted Colors 2 x 10M,1,,visible,,,,,taxable,,1,12,3,0,0,,,,,1,,,17.63,"All Products, Hardware, Hardware > Garden & Outdoor",,,,,,,,,,,,,,,,,,,,,,,,,,,,,,,,ALCO
,simple,F03565,Trimmer Line Assorted Colors 2 x 6M,1,,visible,,,,,taxable,,1,872,3,0,0,,,,,1,,,14.41,"All Products, Hardware, Hardware > Garden & Outdoor",,,,,,,,,,,,,,,,,,,,,,,,,,,,,,,,ALCO
,simple,F03567,Trimmer Line Assorted Colors 1.6 x 10M,1,,visible,,,,,taxable,,1,134,3,0,0,,,,,1,,,16.02,"All Products, Hardware, Hardware > Garden & Outdoor",,,,,,,,,,,,,,,,,,,,,,,,,,,,,,,,ALCO
,simple,F03569,Trimmer Line Assorted Colors 2.4 x 10M,1,,visible,,,,,taxable,,1,10,3,0,0,,,,,1,,,22.46,"All Products, Hardware, Hardware > Garden & Outdoor",,,,,,,,,,,,,,,,,,,,,,,,,,,,,,,,ALCO
,simple,F03513,Axe Tomahawk,1,,visible,,,,,taxable,,1,181,3,0,0,,,,,1,,,77.2,"All Products, Hardware",,,,,,,,,,,,,,,,,,,,,,,,,,,,,,,,Impulse
,simple,F03511,Axe Fibre Glass Handle 2LB,1,,visible,,,,,taxable,,1,376,3,0,0,,,,,1,,,138.38,"All Products, Hardware",,,,,,,,,,,,,,,,,,,,,,,,,,,,,,,,Impulse
,simple,F03512,Axe Fibre Glass Handle 4LB,1,,visible,,,,,taxable,,1,415,3,0,0,,,,,1,,,305.82,"All Products, Hardware",,,,,,,,,,,,,,,,,,,,,,,,,,,,,,,,Impulse
,simple,F03457,"Axe, Hatchet Axe Fibre-Glass Handle",1,,visible,,,,,taxable,,1,146,3,0,0,,,,,1,,,96.52,"All Products, Hardware",,,,,,,,,,,,,,,,,,,,,,,,,,,,,,,,Impulse
,simple,F01055,Hammer Sledge 2LB,1,,visible,,,,,taxable,,1,71,3,0,0,,,,,1,,,112.62,"All Products, Hardware, Hardware > Hand Tools",,,,,,,,,,,,,,,,,,,,,,,,,,,,,,,,Impulse
,simple,F01054,Hammer Sledge 4LB,1,,visible,,,,,taxable,,1,7,3,0,0,,,,,1,,,207.69,"All Products, Hardware, Hardware > Hand Tools",,,,,,,,,,,,,,,,,,,,,,,,,,,,,,,,Impulse
,simple,F03710,Hammer Sledge 6LB,1,,visible,,,,,taxable,,1,79,3,0,0,,,,,1,,,320.39,"All Products, Hardware, Hardware > Hand Tools",,,,,,,,,,,,,,,,,,,,,,,,,,,,,,,,Impulse
,simple,F03570,Garden Set 3PCE,1,,visible,,,,,taxable,,1,10,3,0,0,,,,,1,,,56.27,"All Products, Hardware, Hardware > Garden & Outdoor",,,,,,,,,,,,,,,,,,,,,,,,,,,,,,,,Impulse
,simple,F03458,"Shear Pruning 8"" With Card",1,,visible,,,,,taxable,,1,83,3,0,0,,,,,1,,,80.42,"All Products, Hardware, Hardware > Garden & Outdoor",,,,,,,,,,,,,,,,,,,,,,,,,,,,,,,,ALCO
,simple,F03668,Garden Shear Professional,1,,visible,,,,,taxable,,1,10,3,0,0,,,,,1,,,153.75,"All Products, Hardware, Hardware > Garden & Outdoor",,,,,,,,,,,,,,,,,,,,,,,,,,,,,,,,Impulse
,simple,F03449,Hedge Shear Extendable Handle,1,,visible,,,,,taxable,,1,96,3,0,0,,,,,1,,,140.87,"All Products, Hardware, Hardware > Garden & Outdoor",,,,,,,,,,,,,,,,,,,,,,,,,,,,,,,,Impulse
,simple,F03173,Builders Line 100M 0.70MM,1,,visible,,,,,taxable,,1,37,3,0,0,,,,,1,,,16.9,"All Products, Hardware",,,,,,,,,,,,,,,,,,,,,,,,,,,,,,,,Strandflex
,simple,F03174,Builders Line 100M 0.80MM,1,,visible,,,,,taxable,,1,10,3,0,0,,,,,1,,,20.12,"All Products, Hardware",,,,,,,,,,,,,,,,,,,,,,,,,,,,,,,,Strandflex
,simple,F03175,Builders Line 100M 0.85MM,1,,visible,,,,,taxable,,1,699,3,0,0,,,,,1,,,21.73,"All Products, Hardware",,,,,,,,,,,,,,,,,,,,,,,,,,,,,,,,Strandflex
,simple,F03176,Builders Line 100M 0.90MM,1,,visible,,,,,taxable,,1,661,3,0,0,,,,,1,,,23.34,"All Products, Hardware",,,,,,,,,,,,,,,,,,,,,,,,,,,,,,,,Strandflex
,simple,F03177,Builders Line 100M 1.00MM,1,,visible,,,,,taxable,,1,101,3,0,0,,,,,1,,,26.56,"All Products, Hardware",,,,,,,,,,,,,,,,,,,,,,,,,,,,,,,,Strandflex
,simple,F01837,Gate Roller Kit 60#,1,,visible,,,,,taxable,,1,889,3,0,0,,,,,1,,,206.0,"All Products, Hardware, Hardware > Painting & Decorating",,,,,,,,,,,,,,,,,,,,,,,,,,,,,,,,Rollaway
,simple,F01838,Gate Roller Kit 80#,1,,visible,,,,,taxable,,1,528,3,0,0,,,,,1,,,249.55,"All Products, Hardware, Hardware > Painting & Decorating",,,,,,,,,,,,,,,,,,,,,,,,,,,,,,,,Rollaway
,simple,F03150,Gate Roller Kit 100#,1,,visible,,,,,taxable,,1,163,3,0,0,,,,,1,,,384.79,"All Products, Hardware, Hardware > Painting & Decorating",,,,,,,,,,,,,,,,,,,,,,,,,,,,,,,,Rollaway
,simple,F03154,Heavy Duty Concealed Hinge Silver Small 140MM x 30MM,1,,visible,,,,,taxable,,1,14,3,0,0,,,,,1,,,732.55,"All Products, Hardware, Hardware > Locks & Security",,,,,,,,,,,,,,,,,,,,,,,,,,,,,,,,ALCO
,simple,F03153,Heavy Duty Concealed Hinge Black Small 140MM x 30MM,1,,visible,,,,,taxable,,1,4,3,0,0,,,,,1,,,732.55,"All Products, Hardware, Hardware > Locks & Security",,,,,,,,,,,,,,,,,,,,,,,,,,,,,,,,ALCO
,simple,F03152,Heavy Duty Concealed Hinge Silver Large 177MM x 28MM,1,,visible,,,,,taxable,,1,15,3,0,0,,,,,1,,,787.29,"All Products, Hardware, Hardware > Locks & Security",,,,,,,,,,,,,,,,,,,,,,,,,,,,,,,,ALCO
,simple,F03151,Heavy Duty Concealed Hinge Black Large 177MM x 28MM,1,,visible,,,,,taxable,,1,5,3,0,0,,,,,1,,,787.29,"All Products, Hardware, Hardware > Locks & Security",,,,,,,,,,,,,,,,,,,,,,,,,,,,,,,,ALCO
,simple,F03024,Chuck Key Set,1,,visible,,,,,taxable,,1,1,3,0,0,,,,,1,,,62.71,"All Products, Hardware",,,,,,,,,,,,,,,,,,,,,,,,,,,,,,,,ALCO
,simple,F03025,Driver Bit 6MM Magnetic Carded,1,,visible,,,,,taxable,,1,757,3,0,0,,,,,1,,,19.24,"All Products, Hardware, Hardware > Power Tools & Accessories",,,,,,,,,,,,,,,,,,,,,,,,,,,,,,,,ALCO
,simple,F03456,Allen Key Set 8PCS Foldable,1,,visible,,,,,taxable,,1,207,3,0,0,,,,,1,,,48.22,"All Products, Hardware",,,,,,,,,,,,,,,,,,,,,,,,,,,,,,,,Impulse
,simple,F00953,Allen Key Set 9 Piece Carded,1,,visible,,,,,taxable,,1,89,3,0,0,,,,,1,,,25.68,"All Products, Hardware",,,,,,,,,,,,,,,,,,,,,,,,,,,,,,,,ALCO
,simple,F02225,Hex Key Set 9 Piece Carded,1,,visible,,,,,taxable,,1,112,3,0,0,,,,,1,,,21.73,"All Products, Hardware",,,,,,,,,,,,,,,,,,,,,,,,,,,,,,,,ALCO
,simple,F03409,"Rivert Gun Pro Aluminium Body 10.5""",1,,visible,,,,,taxable,,1,273,3,0,0,,,,,1,,,93.3,"All Products, Hardware",,,,,,,,,,,,,,,,,,,,,,,,,,,,,,,,ALCO
,simple,F03483,Socket Set DIY 40 PC Small,1,,visible,,,,,taxable,,1,60,3,0,0,,,,,1,,,141.6,"All Products, Hardware, Hardware > Electrical",,,,,,,,,,,,,,,,,,,,,,,,,,,,,,,,Impulse
,simple,F00528,Socket Set 10PC Small DIY,1,,visible,,,,,taxable,,1,10,3,0,0,,,,,1,,,61.18,"All Products, Hardware, Hardware > Electrical",,,,,,,,,,,,,,,,,,,,,,,,,,,,,,,,ALCO
,simple,F03484,Socket Set 12PC Chrome Vanadium 8 - 24MM,1,,visible,,,,,taxable,,1,10,3,0,0,,,,,1,,,273.62,"All Products, Hardware, Hardware > Electrical",,,,,,,,,,,,,,,,,,,,,,,,,,,,,,,,ALCO
,simple,F03508,Snap Hook Carabiner Locking Clips With Safety Lock SBE M6,1,,visible,,,,,taxable,,1,829,3,0,0,,,,,1,,,5.62,"All Products, Hardware, Hardware > Locks & Security, Hardware > Safety & PPE, Homeware, Homeware > Storage & Organisation",,,,,,,,,,,,,,,,,,,,,,,,,,,,,,,,ALCO
,simple,F03509,Snap Hook Carabiner Locking Clips With Safety Lock SBE M8,1,,visible,,,,,taxable,,1,487,3,0,0,,,,,1,,,8.84,"All Products, Hardware, Hardware > Locks & Security, Hardware > Safety & PPE, Homeware, Homeware > Storage & Organisation",,,,,,,,,,,,,,,,,,,,,,,,,,,,,,,,ALCO
,simple,F03510,Snap Hook Carabiner Locking Clips With Safety Lock SBE M10,1,,visible,,,,,taxable,,1,3,3,0,0,,,,,1,,,14.47,"All Products, Hardware, Hardware > Locks & Security, Hardware > Safety & PPE, Homeware, Homeware > Storage & Organisation",,,,,,,,,,,,,,,,,,,,,,,,,,,,,,,,ALCO
,simple,F03505,D Shackle Stainless Steel SBE M8,1,,visible,,,,,taxable,,1,612,3,0,0,,,,,1,,,4.81,"All Products, Hardware",,,,,,,,,,,,,,,,,,,,,,,,,,,,,,,,ALCO
,simple,F03506,D Shackle Stainless Steel SBE M12,1,,visible,,,,,taxable,,1,4,3,0,0,,,,,1,,,9.64,"All Products, Hardware",,,,,,,,,,,,,,,,,,,,,,,,,,,,,,,,ALCO
,simple,F03507,D Shackle Stainless Steel SBE M14,1,,visible,,,,,taxable,,1,3,3,0,0,,,,,1,,,16.08,"All Products, Hardware",,,,,,,,,,,,,,,,,,,,,,,,,,,,,,,,ALCO
,simple,F03535,"Bolt Cutter Yellow 18"" - 450MM",1,,visible,,,,,taxable,,1,29,3,0,0,,,,,1,,,255.99,"All Products, Hardware, Hardware > Cutting & Grinding, Hardware > Fasteners",,,,,,,,,,,,,,,,,,,,,,,,,,,,,,,,Impulse
,simple,F03440,"Bolt Cutter Yellow 30"" - 750MM",1,,visible,,,,,taxable,,1,52,3,0,0,,,,,1,,,416.99,"All Products, Hardware, Hardware > Cutting & Grinding, Hardware > Fasteners",,,,,,,,,,,,,,,,,,,,,,,,,,,,,,,,Impulse
,simple,F03441,"Bolt Cutter Yellow 36"" - 900MM",1,,visible,,,,,taxable,,1,63,3,0,0,,,,,1,,,497.49,"All Products, Hardware, Hardware > Cutting & Grinding, Hardware > Fasteners",,,,,,,,,,,,,,,,,,,,,,,,,,,,,,,,Impulse
,simple,F03528,Socket Set 10PCS Small DIY,1,,visible,,,,,taxable,,1,10,3,0,0,,,,,1,,,111.89,"All Products, Hardware, Hardware > Electrical",,,,,,,,,,,,,,,,,,,,,,,,,,,,,,,,ALCO
,simple,IMP-0143,Chain Galvanized 3*30M - 5.7KG,1,,visible,,,,,taxable,,1,10,3,0,0,,,,,1,,,9.0,"All Products, Hardware, Hardware > Locks & Security",,,,,,,,,,,,,,,,,,,,,,,,,,,,,,,,Impulse
,simple,IMP-0144,Chain Galvanized 4*30M - 5.7KG,1,,visible,,,,,taxable,,1,10,3,0,0,,,,,1,,,9.0,"All Products, Hardware, Hardware > Locks & Security",,,,,,,,,,,,,,,,,,,,,,,,,,,,,,,,Impulse
,simple,IMP-0145,Chain Galvanized 5*30M - 5.3KG,1,,visible,,,,,taxable,,1,10,3,0,0,,,,,1,,,9.0,"All Products, Hardware, Hardware > Locks & Security",,,,,,,,,,,,,,,,,,,,,,,,,,,,,,,,Impulse
,simple,IMP-0146,Chain Galvanized 6*30M - 5.1KG,1,,visible,,,,,taxable,,1,10,3,0,0,,,,,1,,,9.0,"All Products, Hardware, Hardware > Locks & Security",,,,,,,,,,,,,,,,,,,,,,,,,,,,,,,,Impulse
,simple,IMP-0147,Chain Galvanized 8*30M - 5.1KG,1,,visible,,,,,taxable,,1,10,3,0,0,,,,,1,,,9.0,"All Products, Hardware, Hardware > Locks & Security",,,,,,,,,,,,,,,,,,,,,,,,,,,,,,,,Impulse
,simple,F03524,Chain Galvanized 10*15M - 5.1KG,1,,visible,,,,,taxable,,1,11,3,0,0,,,,,1,,,1206.69,"All Products, Hardware, Hardware > Locks & Security",,,,,,,,,,,,,,,,,,,,,,,,,,,,,,,,Impulse
,simple,F03531,Glue Gun Electric 100-240V 40W,1,,visible,,,,,taxable,,1,314,3,0,0,,,,,1,,,80.42,"All Products, Hardware, Hardware > Adhesives & Sealants",,,,,,,,,,,,,,,,,,,,,,,,,,,,,,,,ALCO
,simple,F03530,Glue Gun Electric 100-240V 100W,1,,visible,,,,,taxable,,1,153,3,0,0,,,,,1,,,128.72,"All Products, Hardware, Hardware > Adhesives & Sealants",,,,,,,,,,,,,,,,,,,,,,,,,,,,,,,,ALCO
,simple,F03533,Soldering Iron Electric 220V - 40W,1,,visible,,,,,taxable,,1,372,3,0,0,,,,,1,,,104.57,"All Products, Homeware, Homeware > Appliances, Homeware > Appliances > Small Appliances",,,,,,,,,,,,,,,,,,,,,,,,,,,,,,,,ALCO
,simple,F03534,Soldering Iron Electric 220V - 60W,1,,visible,,,,,taxable,,1,355,3,0,0,,,,,1,,,117.45,"All Products, Homeware, Homeware > Appliances, Homeware > Appliances > Small Appliances",,,,,,,,,,,,,,,,,,,,,,,,,,,,,,,,ALCO
,simple,F03016,Screw Driver Set 5Pcs Carded Econo,1,,visible,,,,,taxable,,1,397,3,0,0,,,,,1,,,35.34,"All Products, Hardware, Hardware > Fasteners, Hardware > Power Tools & Accessories",,,,,,,,,,,,,,,,,,,,,,,,,,,,,,,,ALCO
,simple,F03015,Screw Driver Set 4Pcs Rubber Grip,1,,visible,,,,,taxable,,1,518,3,0,0,,,,,1,,,67.54,"All Products, Hardware, Hardware > Fasteners, Hardware > Power Tools & Accessories",,,,,,,,,,,,,,,,,,,,,,,,,,,,,,,,ALCO
,simple,F03442,"2PC Electrician Screw Driver Set 3"" - 76.2MM",1,,visible,,,,,taxable,,1,216,3,0,0,,,,,1,,,46.61,"All Products, Hardware, Hardware > Fasteners, Hardware > Power Tools & Accessories",,,,,,,,,,,,,,,,,,,,,,,,,,,,,,,,ALCO
,simple,F03443,"2PC Electrician Screw Driver Set 4"" - 101.6MM",1,,visible,,,,,taxable,,1,290,3,0,0,,,,,1,,,56.27,"All Products, Hardware, Hardware > Fasteners, Hardware > Power Tools & Accessories",,,,,,,,,,,,,,,,,,,,,,,,,,,,,,,,ALCO
,simple,F03444,"2PC Electrician Screw Driver Set 5"" - 127MM",1,,visible,,,,,taxable,,1,182,3,0,0,,,,,1,,,64.32,"All Products, Hardware, Hardware > Fasteners, Hardware > Power Tools & Accessories",,,,,,,,,,,,,,,,,,,,,,,,,,,,,,,,ALCO
,simple,F03014,Screwdriver Set 2 Piece Long Carded,1,,visible,,,,,taxable,,1,977,3,0,0,,,,,1,,,40.17,"All Products, Hardware, Hardware > Fasteners, Hardware > Power Tools & Accessories",,,,,,,,,,,,,,,,,,,,,,,,,,,,,,,,ALCO
,simple,F03498,Measuring Tape DIY Pro 3M*19,1,,visible,,,,,taxable,,1,532,3,0,0,,,,,1,,,27.29,"All Products, Hardware, Hardware > Measuring & Layout",,,,,,,,,,,,,,,,,,,,,,,,,,,,,,,,ALCO
,simple,F03499,Measuring Tape DIY Pro 5M*19,1,,visible,,,,,taxable,,1,389,3,0,0,,,,,1,,,36.95,"All Products, Hardware, Hardware > Measuring & Layout",,,,,,,,,,,,,,,,,,,,,,,,,,,,,,,,ALCO
,simple,F03501,Measuring Tape DIY Pro 7.5M*25,1,,visible,,,,,taxable,,1,77,3,0,0,,,,,1,,,53.05,"All Products, Hardware, Hardware > Measuring & Layout",,,,,,,,,,,,,,,,,,,,,,,,,,,,,,,,ALCO
,simple,F03500,Measuring Tape DIY Pro 10M*25,1,,visible,,,,,taxable,,1,16,3,0,0,,,,,1,,,72.37,"All Products, Hardware, Hardware > Measuring & Layout",,,,,,,,,,,,,,,,,,,,,,,,,,,,,,,,ALCO
,simple,F03017,Measuring Tape 20M,1,,visible,,,,,taxable,,1,111,3,0,0,,,,,1,,,82.03,"All Products, Hardware, Hardware > Measuring & Layout",,,,,,,,,,,,,,,,,,,,,,,,,,,,,,,,ALCO
,simple,F03018,Measuring Tape 30M,1,,visible,,,,,taxable,,1,113,3,0,0,,,,,1,,,107.79,"All Products, Hardware, Hardware > Measuring & Layout",,,,,,,,,,,,,,,,,,,,,,,,,,,,,,,,ALCO
,simple,F03019,Measuring Tape 50M,1,,visible,,,,,taxable,,1,3,3,0,0,,,,,1,,,141.6,"All Products, Hardware, Hardware > Measuring & Layout",,,,,,,,,,,,,,,,,,,,,,,,,,,,,,,,ALCO
,simple,F03480,Caliper-Vernier Digital,1,,visible,,,,,taxable,,1,114,3,0,0,,,,,1,,,156.97,"All Products, Hardware, Hardware > Measuring & Layout",,,,,,,,,,,,,,,,,,,,,,,,,,,,,,,,Impulse
,simple,F03452,Level DIY Pro 400MM,1,,visible,,,,,taxable,,1,155,3,0,0,,,,,1,,,88.47,"All Products, Hardware, Hardware > Measuring & Layout",,,,,,,,,,,,,,,,,,,,,,,,,,,,,,,,ALCO
,simple,F03453,Level DIY Pro 600MM,1,,visible,,,,,taxable,,1,138,3,0,0,,,,,1,,,104.57,"All Products, Hardware, Hardware > Measuring & Layout",,,,,,,,,,,,,,,,,,,,,,,,,,,,,,,,ALCO
,simple,F03454,Level DIY Pro 800MM,1,,visible,,,,,taxable,,1,145,3,0,0,,,,,1,,,128.72,"All Products, Hardware, Hardware > Measuring & Layout",,,,,,,,,,,,,,,,,,,,,,,,,,,,,,,,ALCO
,simple,F03455,Level DIY Pro 1000MM,1,,visible,,,,,taxable,,1,136,3,0,0,,,,,1,,,144.82,"All Products, Hardware, Hardware > Measuring & Layout",,,,,,,,,,,,,,,,,,,,,,,,,,,,,,,,ALCO
,simple,F03529,Spirit Level Handy-Man Small,1,,visible,,,,,taxable,,1,399,3,0,0,,,,,1,,,29.78,"All Products, Hardware, Hardware > Measuring & Layout",,,,,,,,,,,,,,,,,,,,,,,,,,,,,,,,ALCO
,simple,F03036,Alco Wood Drill Bit 3MM 48 Pieces/Pack,1,,visible,,,,,taxable,,1,521,3,0,0,,,,,1,,,3.04,"All Products, Hardware, Hardware > Power Tools & Accessories",,,,,,,,,,,,,,,,,,,,,,,,,,,,,,,,ALCO
,simple,F03037,Alco Wood Drill Bit 4MM 48 Pieces/Pack,1,,visible,,,,,taxable,,1,410,3,0,0,,,,,1,,,4.01,"All Products, Hardware, Hardware > Power Tools & Accessories",,,,,,,,,,,,,,,,,,,,,,,,,,,,,,,,ALCO
,simple,F03038,Alco Wood Drill Bit 5MM 48 Pieces/Pack,1,,visible,,,,,taxable,,1,431,3,0,0,,,,,1,,,4.81,"All Products, Hardware, Hardware > Power Tools & Accessories",,,,,,,,,,,,,,,,,,,,,,,,,,,,,,,,ALCO
,simple,F03039,Alco Wood Drill Bit 6MM 48 Pieces/Pack,1,,visible,,,,,taxable,,1,283,3,0,0,,,,,1,,,5.62,"All Products, Hardware, Hardware > Power Tools & Accessories",,,,,,,,,,,,,,,,,,,,,,,,,,,,,,,,ALCO
,simple,F03040,Alco Wood Drill Bit 7MM 48 Pieces/Pack,1,,visible,,,,,taxable,,1,515,3,0,0,,,,,1,,,6.42,"All Products, Hardware, Hardware > Power Tools & Accessories",,,,,,,,,,,,,,,,,,,,,,,,,,,,,,,,ALCO
,simple,F03041,Alco Wood Drill Bit 8MM 48 Pieces/Pack,1,,visible,,,,,taxable,,1,338,3,0,0,,,,,1,,,8.03,"All Products, Hardware, Hardware > Power Tools & Accessories",,,,,,,,,,,,,,,,,,,,,,,,,,,,,,,,ALCO
,simple,F03042,Alco Wood Drill Bit 9MM 48 Pieces/Pack,1,,visible,,,,,taxable,,1,516,3,0,0,,,,,1,,,8.84,"All Products, Hardware, Hardware > Power Tools & Accessories",,,,,,,,,,,,,,,,,,,,,,,,,,,,,,,,ALCO
,simple,F03043,Alco Wood Drill Bit 10MM 48 Pieces/Pack,1,,visible,,,,,taxable,,1,408,3,0,0,,,,,1,,,11.09,"All Products, Hardware, Hardware > Power Tools & Accessories",,,,,,,,,,,,,,,,,,,,,,,,,,,,,,,,ALCO
,simple,F03044,Alco Wood Drill Bit 11MM 48 Pieces/Pack,1,,visible,,,,,taxable,,1,630,3,0,0,,,,,1,,,14.31,"All Products, Hardware, Hardware > Power Tools & Accessories",,,,,,,,,,,,,,,,,,,,,,,,,,,,,,,,ALCO
,simple,F03045,Alco Wood Drill Bit 12MM 48 Pieces/Pack,1,,visible,,,,,taxable,,1,543,3,0,0,,,,,1,,,18.98,"All Products, Hardware, Hardware > Power Tools & Accessories",,,,,,,,,,,,,,,,,,,,,,,,,,,,,,,,ALCO
,simple,F03046,Alco Masonry Drill Bit 3MM 48 Pieces/Pack,1,,visible,,,,,taxable,,1,439,3,0,0,,,,,1,,,4.01,"All Products, Hardware, Hardware > Power Tools & Accessories",,,,,,,,,,,,,,,,,,,,,,,,,,,,,,,,ALCO
,simple,F03047,Alco Masonry Drill Bit 4MM 48 Pieces/Pack,1,,visible,,,,,taxable,,1,209,3,0,0,,,,,1,,,4.65,"All Products, Hardware, Hardware > Power Tools & Accessories",,,,,,,,,,,,,,,,,,,,,,,,,,,,,,,,ALCO
,simple,F03048,Alco Masonry Drill Bit 5MM 48 Pieces/Pack,1,,visible,,,,,taxable,,1,124,3,0,0,,,,,1,,,5.62,"All Products, Hardware, Hardware > Power Tools & Accessories",,,,,,,,,,,,,,,,,,,,,,,,,,,,,,,,ALCO
,simple,F03049,Alco Masonry Drill Bit 6MM 48 Pieces/Pack,1,,visible,,,,,taxable,,1,6,3,0,0,,,,,1,,,8.03,"All Products, Hardware, Hardware > Power Tools & Accessories",,,,,,,,,,,,,,,,,,,,,,,,,,,,,,,,ALCO
,simple,F03050,Alco Masonry Drill Bit 7MM 48 Pieces/Pack,1,,visible,,,,,taxable,,1,184,3,0,0,,,,,1,,,8.84,"All Products, Hardware, Hardware > Power Tools & Accessories",,,,,,,,,,,,,,,,,,,,,,,,,,,,,,,,ALCO
,simple,F03051,Alco Masonry Drill Bit 8MM 48 Pieces/Pack,1,,visible,,,,,taxable,,1,10,3,0,0,,,,,1,,,11.74,"All Products, Hardware, Hardware > Power Tools & Accessories",,,,,,,,,,,,,,,,,,,,,,,,,,,,,,,,ALCO
,simple,F03052,Alco Masonry Drill Bit 9MM 48 Pieces/Pack,1,,visible,,,,,taxable,,1,445,3,0,0,,,,,1,,,14.47,"All Products, Hardware, Hardware > Power Tools & Accessories",,,,,,,,,,,,,,,,,,,,,,,,,,,,,,,,ALCO
,simple,F03053,Alco Masonry Drill Bit 10MM 48 Pieces/Pack,1,,visible,,,,,taxable,,1,250,3,0,0,,,,,1,,,17.69,"All Products, Hardware, Hardware > Power Tools & Accessories",,,,,,,,,,,,,,,,,,,,,,,,,,,,,,,,ALCO
,simple,F03054,Alco Masonry Drill Bit 11MM 48 Pieces/Pack,1,,visible,,,,,taxable,,1,549,3,0,0,,,,,1,,,20.91,"All Products, Hardware, Hardware > Power Tools & Accessories",,,,,,,,,,,,,,,,,,,,,,,,,,,,,,,,ALCO
,simple,F03055,Alco Masonry Drill Bit 12MM 48 Pieces/Pack,1,,visible,,,,,taxable,,1,441,3,0,0,,,,,1,,,25.74,"All Products, Hardware, Hardware > Power Tools & Accessories",,,,,,,,,,,,,,,,,,,,,,,,,,,,,,,,ALCO
,simple,F03026,Alco Metal/Steel Drill Bit 3MM 48 Pieces/Pack,1,,visible,,,,,taxable,,1,346,3,0,0,,,,,1,,,4.01,"All Products, Hardware, Hardware > Power Tools & Accessories",,,,,,,,,,,,,,,,,,,,,,,,,,,,,,,,ALCO
,simple,F03027,Alco Metal/Steel Drill Bit 4MM 48 Pieces/Pack,1,,visible,,,,,taxable,,1,13,3,0,0,,,,,1,,,5.62,"All Products, Hardware, Hardware > Power Tools & Accessories",,,,,,,,,,,,,,,,,,,,,,,,,,,,,,,,ALCO
,simple,F03028,Alco Metal/Steel Drill Bit 5MM 48 Pieces/Pack,1,,visible,,,,,taxable,,1,83,3,0,0,,,,,1,,,7.07,"All Products, Hardware, Hardware > Power Tools & Accessories",,,,,,,,,,,,,,,,,,,,,,,,,,,,,,,,ALCO
,simple,F03029,Alco Metal/Steel Drill Bit 6MM 48 Pieces/Pack,1,,visible,,,,,taxable,,1,45,3,0,0,,,,,1,,,10.29,"All Products, Hardware, Hardware > Power Tools & Accessories",,,,,,,,,,,,,,,,,,,,,,,,,,,,,,,,ALCO
,simple,F03030,Alco Metal/Steel Drill Bit 7MM 48 Pieces/Pack,1,,visible,,,,,taxable,,1,400,3,0,0,,,,,1,,,16.08,"All Products, Hardware, Hardware > Power Tools & Accessories",,,,,,,,,,,,,,,,,,,,,,,,,,,,,,,,ALCO
,simple,F03031,Alco Metal/Steel Drill Bit 8MM 48 Pieces/Pack,1,,visible,,,,,taxable,,1,187,3,0,0,,,,,1,,,20.75,"All Products, Hardware, Hardware > Power Tools & Accessories",,,,,,,,,,,,,,,,,,,,,,,,,,,,,,,,ALCO
,simple,F03032,Alco Metal/Steel Drill Bit 9MM 48 Pieces/Pack,1,,visible,,,,,taxable,,1,495,3,0,0,,,,,1,,,26.55,"All Products, Hardware, Hardware > Power Tools & Accessories",,,,,,,,,,,,,,,,,,,,,,,,,,,,,,,,ALCO
,simple,F03033,Alco Metal/Steel Drill Bit 10MM 48 Pieces/Pack,1,,visible,,,,,taxable,,1,396,3,0,0,,,,,1,,,28.16,"All Products, Hardware, Hardware > Power Tools & Accessories",,,,,,,,,,,,,,,,,,,,,,,,,,,,,,,,ALCO
,simple,F03034,Alco Metal/Steel Drill Bit 11MM 48 Pieces/Pack,1,,visible,,,,,taxable,,1,624,3,0,0,,,,,1,,,32.18,"All Products, Hardware, Hardware > Power Tools & Accessories",,,,,,,,,,,,,,,,,,,,,,,,,,,,,,,,ALCO
,simple,F03035,Alco Metal/Steel Drill Bit 12MM 48 Pieces/Pack,1,,visible,,,,,taxable,,1,541,3,0,0,,,,,1,,,37.01,"All Products, Hardware, Hardware > Power Tools & Accessories",,,,,,,,,,,,,,,,,,,,,,,,,,,,,,,,ALCO
,simple,F03057,Alco Drill Bits SDS 6x160MM 48 Pieces/Pack,1,,visible,,,,,taxable,,1,7,3,0,0,,,,,1,,,14.47,"All Products, Hardware, Hardware > Power Tools & Accessories",,,,,,,,,,,,,,,,,,,,,,,,,,,,,,,,ALCO
,simple,F03058,Alco Drill Bits SDS 8x160MM 48 Pieces/Pack,1,,visible,,,,,taxable,,1,89,3,0,0,,,,,1,,,18.5,"All Products, Hardware, Hardware > Power Tools & Accessories",,,,,,,,,,,,,,,,,,,,,,,,,,,,,,,,ALCO
,simple,F03059,Alco Drill Bits SDS 10x160MM 48 Pieces/Pack,1,,visible,,,,,taxable,,1,205,3,0,0,,,,,1,,,24.13,"All Products, Hardware, Hardware > Power Tools & Accessories",,,,,,,,,,,,,,,,,,,,,,,,,,,,,,,,ALCO
,simple,F03060,Alco Drill Bits SDS 12x160MM 48 Pieces/Pack,1,,visible,,,,,taxable,,1,226,3,0,0,,,,,1,,,31.38,"All Products, Hardware, Hardware > Power Tools & Accessories",,,,,,,,,,,,,,,,,,,,,,,,,,,,,,,,ALCO
,simple,F03020,Flap Disc 60 Grit 115 x 60,1,,visible,,,,,taxable,,1,7,3,0,0,,,,,1,,,19.24,"All Products, Hardware, Hardware > Cutting & Grinding",,,,,,,,,,,,,,,,,,,,,,,,,,,,,,,,ALCO
,simple,F03021,Flap Disc 80 Grit 115 x 80,1,,visible,,,,,taxable,,1,17,3,0,0,,,,,1,,,20.85,"All Products, Hardware, Hardware > Cutting & Grinding",,,,,,,,,,,,,,,,,,,,,,,,,,,,,,,,ALCO
,simple,F003022,Flap Disc 100 Grit 115 x 80,1,,visible,,,,,taxable,,1,10,3,0,0,,,,,1,,,12.95,"All Products, Hardware, Hardware > Cutting & Grinding",,,,,,,,,,,,,,,,,,,,,,,,,,,,,,,,ALCO
,simple,F02551,Circular Saw Blade 60 Teeth 115MM,1,,visible,,,,,taxable,,1,37,3,0,0,,,,,1,,,39.44,"All Products, Hardware, Hardware > Cutting & Grinding",,,,,,,,,,,,,,,,,,,,,,,,,,,,,,,,ALCO
,simple,F02554,Circular Saw Blade 60 Teeth 180MM,1,,visible,,,,,taxable,,1,53,3,0,0,,,,,1,,,82.91,"All Products, Hardware, Hardware > Cutting & Grinding",,,,,,,,,,,,,,,,,,,,,,,,,,,,,,,,ALCO
,simple,F02557,Circular Saw Blade 60 Teeth 230MM,1,,visible,,,,,taxable,,1,143,3,0,0,,,,,1,,,90.08,"All Products, Hardware, Hardware > Cutting & Grinding",,,,,,,,,,,,,,,,,,,,,,,,,,,,,,,,ALCO
,simple,F03514,Scraper - Window Scraper DIY,1,,visible,,,,,taxable,,1,460,3,0,0,,,,,1,,,20.85,"All Products, Hardware, Hardware > Painting & Decorating",,,,,,,,,,,,,,,,,,,,,,,,,,,,,,,,ALCO
,simple,F03451,Utility Knife ABS 18MM,1,,visible,,,,,taxable,,1,5,3,0,0,,,,,1,,,35.34,"All Products, Hardware, Hardware > Cutting & Grinding",,,,,,,,,,,,,,,,,,,,,,,,,,,,,,,,Impulse
,simple,F03608,Knapsack Sprayer 2LT,1,,visible,,,,,taxable,,1,1,3,0,0,,,,,1,,,72.37,"All Products, Hardware, Hardware > Garden & Outdoor",,,,,,,,,,,,,,,,,,,,,,,,,,,,,,,,Impulse
,simple,F03504,Utility Knife Snap Off Aluminium Handle H-Quality 18MM,1,,visible,,,,,taxable,,1,365,3,0,0,,,,,1,,,46.61,"All Products, Hardware, Hardware > Cutting & Grinding",,,,,,,,,,,,,,,,,,,,,,,,,,,,,,,,ALCO
,simple,F03607,Knap Sack Sprayer 16LT With Accessories,1,,visible,,,,,taxable,,1,201,3,0,0,,,,,1,,,386.32,"All Products, Hardware, Hardware > Garden & Outdoor",,,,,,,,,,,,,,,,,,,,,,,,,,,,,,,,Impulse
,simple,F03503,Utility Knife Fold Up Blades Aluminium,1,,visible,,,,,taxable,,1,356,3,0,0,,,,,1,,,46.61,"All Products, Hardware, Hardware > Cutting & Grinding",,,,,,,,,,,,,,,,,,,,,,,,,,,,,,,,ALCO
,simple,F03988,Light Rubber Assorted Gloves,1,,visible,,,,,taxable,,1,10,3,0,0,,,,,1,,,7.95,"All Products, Hardware, Hardware > Lighting, Hardware > Safety & PPE",,,,,,,,,,,,,,,,,,,,,,,,,,,,,,,,Impulse
,simple,F03157,Latex House Hold Gloves,1,,visible,,,,,taxable,,1,57,3,0,0,,,,,1,,,14.47,"All Products, Hardware, Hardware > Safety & PPE",,,,,,,,,,,,,,,,,,,,,,,,,,,,,,,,Impulse
,simple,F02418,Safety Glass Anti-Scratch,1,,visible,,,,,taxable,,1,10,3,0,0,,,,,1,,,0.05,"All Products, Hardware, Hardware > Safety & PPE",,,,,,,,,,,,,,,,,,,,,,,,,,,,,,,,Impulse
,simple,F03495,Safety Goggles Clear,1,,visible,,,,,taxable,,1,168,3,0,0,,,,,1,,,24.07,"All Products, Hardware, Hardware > Safety & PPE",,,,,,,,,,,,,,,,,,,,,,,,,,,,,,,,Impulse
,simple,F03496,Welding Goggle Flip Front (Round Lens),1,,visible,,,,,taxable,,1,289,3,0,0,,,,,1,,,40.17,"All Products, Hardware, Hardware > Safety & PPE",,,,,,,,,,,,,,,,,,,,,,,,,,,,,,,,Impulse
,simple,F03497,Welding Helmet Flip Front Lens,1,,visible,,,,,taxable,,1,16,3,0,0,,,,,1,,,56.27,"All Products, Hardware, Hardware > Safety & PPE",,,,,,,,,,,,,,,,,,,,,,,,,,,,,,,,Impulse
,simple,NITTOB,Nitto Tape Insulation 10PK Blue 0.13mm x 19mm x 20m,1,,visible,,,,,taxable,,1,10,3,0,0,,,,,1,,,159.0,"All Products, Hardware",,,,,,,,,,,,,,,,,,,,,,,,,,,,,,,,Nitto
,simple,NITTOR,Nitto Tape Insulation 10PK Red 0.13mm x 19mm x 20m,1,,visible,,,,,taxable,,1,10,3,0,0,,,,,1,,,159.0,"All Products, Hardware",,,,,,,,,,,,,,,,,,,,,,,,,,,,,,,,Nitto
,simple,NITTOG,Nitto Tape Insulation 10PK Green 0.13mm x 19mm x 20m,1,,visible,,,,,taxable,,1,10,3,0,0,,,,,1,,,159.0,"All Products, Hardware",,,,,,,,,,,,,,,,,,,,,,,,,,,,,,,,Nitto
,simple,NITTO,Nitto Tape Insulation 10PK Black 0.13mm x 19mm x 20m,1,,visible,,,,,taxable,,1,10,3,0,0,,,,,1,,,159.0,"All Products, Hardware",,,,,,,,,,,,,,,,,,,,,,,,,,,,,,,,Nitto
,simple,F02495,Danger Barrier Tape 75mm x 100m,1,,visible,,,,,taxable,,1,5,3,0,0,,,,,1,,,31.39,"All Products, Hardware",,,,,,,,,,,,,,,,,,,,,,,,,,,,,,,,Impulse
,simple,F02496,Danger Barrier Tape 75mm x 500m,1,,visible,,,,,taxable,,1,10,3,0,0,,,,,1,,,144.82,"All Products, Hardware",,,,,,,,,,,,,,,,,,,,,,,,,,,,,,,,Impulse
,simple,F03062,Tape Insulation 10's Black 19mm x 9m,1,,visible,,,,,taxable,,1,103,3,0,0,,,,,1,,,53.05,"All Products, Hardware",,,,,,,,,,,,,,,,,,,,,,,,,,,,,,,,Impulse
,simple,F03061,Tape Insulation 10's Assorted Colour 19mm x 9m,1,,visible,,,,,taxable,,1,302,3,0,0,,,,,1,,,53.05,"All Products, Hardware",,,,,,,,,,,,,,,,,,,,,,,,,,,,,,,,Impulse
,simple,F02027,Fan Rack Plastic Assorted,1,,visible,,,,,taxable,,1,540,3,0,0,,,,,1,,,23.02,"All Products, Hardware, Hardware > Garden & Outdoor, Homeware, Homeware > Appliances, Homeware > Appliances > Small Appliances, Homeware > Storage & Organisation",,,,,,,,,,,,,,,,,,,,,,,,,,,,,,,,Impulse
,simple,F02906,Wheel Barrow Metal,1,,visible,,,,,taxable,,1,15,3,0,0,,,,,1,,,539.35,"All Products, Hardware",,,,,,,,,,,,,,,,,,,,,,,,,,,,,,,,Impulse
,simple,F02028,Fan Rack Plastic Colour,1,,visible,,,,,taxable,,1,53,3,0,0,,,,,1,,,32.6,"All Products, Hardware, Hardware > Garden & Outdoor, Homeware, Homeware > Appliances, Homeware > Appliances > Small Appliances, Homeware > Storage & Organisation",,,,,,,,,,,,,,,,,,,,,,,,,,,,,,,,Impulse
,simple,F02269,Wheel Barrow Plastic,1,,visible,,,,,taxable,,1,10,3,0,0,,,,,1,,,399.0,"All Products, Hardware",,,,,,,,,,,,,,,,,,,,,,,,,,,,,,,,Impulse
,simple,F03640,Spray Paint 300ML Tyson Appliance White,1,,visible,,,,,taxable,,1,16,3,0,0,,,,,1,,,44.27,"All Products, Hardware, Hardware > Garden & Outdoor",,,,,,,,,,,,,,,,,,,,,,,,,,,,,,,,TYSON
,simple,F03645,Spray Paint 300ML Tyson Matt Black,1,,visible,,,,,taxable,,1,11,3,0,0,,,,,1,,,44.27,"All Products, Hardware, Hardware > Garden & Outdoor, Homeware, Homeware > Decor",,,,,,,,,,,,,,,,,,,,,,,,,,,,,,,,TYSON
,simple,F03643,Spray Paint 300ML Tyson Gold,1,,visible,,,,,taxable,,1,7,3,0,0,,,,,1,,,44.27,"All Products, Hardware, Hardware > Garden & Outdoor",,,,,,,,,,,,,,,,,,,,,,,,,,,,,,,,TYSON
,simple,F03641,Spray Paint 300ML Tyson Blue,1,,visible,,,,,taxable,,1,24,3,0,0,,,,,1,,,44.27,"All Products, Hardware, Hardware > Garden & Outdoor",,,,,,,,,,,,,,,,,,,,,,,,,,,,,,,,TYSON
,simple,F03646,Spray Paint 300ML Tyson Signal Red,1,,visible,,,,,taxable,,1,24,3,0,0,,,,,1,,,44.27,"All Products, Hardware, Hardware > Garden & Outdoor",,,,,,,,,,,,,,,,,,,,,,,,,,,,,,,,TYSON
,simple,F03644,Spray Paint 300ML Tyson Green,1,,visible,,,,,taxable,,1,10,3,0,0,,,,,1,,,44.27,"All Products, Hardware, Hardware > Garden & Outdoor",,,,,,,,,,,,,,,,,,,,,,,,,,,,,,,,TYSON
,simple,F03642,Spray Paint 300ML Tyson Glossy Black,1,,visible,,,,,taxable,,1,6,3,0,0,,,,,1,,,44.27,"All Products, Hardware, Hardware > Garden & Outdoor",,,,,,,,,,,,,,,,,,,,,,,,,,,,,,,,TYSON
,simple,F03647,Spray Paint 300ML Tyson Silver,1,,visible,,,,,taxable,,1,30,3,0,0,,,,,1,,,44.27,"All Products, Hardware, Hardware > Garden & Outdoor",,,,,,,,,,,,,,,,,,,,,,,,,,,,,,,,TYSON
,simple,F03648,Spray Paint 300ML Tyson Yellow,1,,visible,,,,,taxable,,1,58,3,0,0,,,,,1,,,44.27,"All Products, Hardware, Hardware > Garden & Outdoor",,,,,,,,,,,,,,,,,,,,,,,,,,,,,,,,TYSON
,simple,F0,Spray Paint 300ML Nasca Glossy Black,1,,visible,,,,,taxable,,1,10,3,0,0,,,,,1,,,,"All Products, Hardware, Hardware > Garden & Outdoor",,,,,,,,,,,,,,,,,,,,,,,,,,,,,,,,NASCA
,simple,F02523,ALCO General Purpose Acrylic Sealant 300ML 560,1,,visible,,,,,taxable,,1,10,3,0,0,,,,,1,,,24.07,"All Products, Hardware, Hardware > Adhesives & Sealants",,,,,,,,,,,,,,,,,,,,,,,,,,,,,,,,ALCO
,simple,F02526,ALCO Multi-Purpose Silicone Sealant 300ML 368 Black,1,,visible,,,,,taxable,,1,127,3,0,0,,,,,1,,,36.95,"All Products, Hardware, Hardware > Adhesives & Sealants",,,,,,,,,,,,,,,,,,,,,,,,,,,,,,,,ALCO
,simple,F02525,ALCO Multi-Purpose Silicone Sealant 300ML 368 Clear,1,,visible,,,,,taxable,,1,4,3,0,0,,,,,1,,,36.95,"All Products, Hardware, Hardware > Adhesives & Sealants",,,,,,,,,,,,,,,,,,,,,,,,,,,,,,,,ALCO
,simple,F02528,ALCO Multi-Purpose Silicone Sealant 300ML 368 Bronze,1,,visible,,,,,taxable,,1,173,3,0,0,,,,,1,,,36.95,"All Products, Hardware, Hardware > Adhesives & Sealants",,,,,,,,,,,,,,,,,,,,,,,,,,,,,,,,ALCO
,simple,F02529,ALCO Liquid Nails Nail Free Glue 300ML 901,1,,visible,,,,,taxable,,1,10,3,0,0,,,,,1,,,48.22,"All Products, Hardware, Hardware > Adhesives & Sealants, Hardware > Fasteners",,,,,,,,,,,,,,,,,,,,,,,,,,,,,,,,ALCO
,simple,F00993,PVC Folding Doors Pine 2.03M x 0.82M,1,,visible,,,,,taxable,,1,2,3,0,0,,,,,1,,,706.79,"All Products, Hardware",,,,,,,,,,,,,,,,,,,,,,,,,,,,,,,,Impulse
,simple,F00990,PVC Folding Doors Maple 2.03M x 0.82M,1,,visible,,,,,taxable,,1,10,3,0,0,,,,,1,,,706.79,"All Products, Hardware",,,,,,,,,,,,,,,,,,,,,,,,,,,,,,,,Impulse
,simple,F01557,Meranti Stain Flat Panel 6 Panel Door,1,,visible,,,,,taxable,,1,10,3,0,0,,,,,1,,,1157.59,"All Products, Hardware",,,,,,,,,,,,,,,,,,,,,,,,,,,,,,,,Impulse
,simple,F01558,Meranti Stain Flat Panel 8 Panel Door,1,,visible,,,,,taxable,,1,2,3,0,0,,,,,1,,,1167.25,"All Products, Hardware",,,,,,,,,,,,,,,,,,,,,,,,,,,,,,,,Impulse
,simple,F01559,Meranti Stain Flat Panel 10 Panel Door,1,,visible,,,,,taxable,,1,10,3,0,0,,,,,1,,,1157.59,"All Products, Hardware",,,,,,,,,,,,,,,,,,,,,,,,,,,,,,,,Impulse
,simple,F00850,Meranti No Stain Contractors Heavy Duty 6 Panel Door,1,,visible,,,,,taxable,,1,1,3,0,0,,,,,1,,,1238.09,"All Products, Hardware",,,,,,,,,,,,,,,,,,,,,,,,,,,,,,,,Impulse
,simple,F00853,Meranti No Stain Contractors Heavy Duty 8 Panel Door,1,,visible,,,,,taxable,,1,10,3,0,0,,,,,1,,,1238.09,"All Products, Hardware",,,,,,,,,,,,,,,,,,,,,,,,,,,,,,,,Impulse
,simple,F00854,Meranti No Stain Contractors Heavy Duty 10 Panel Door,1,,visible,,,,,taxable,,1,1,3,0,0,,,,,1,,,1238.09,"All Products, Hardware",,,,,,,,,,,,,,,,,,,,,,,,,,,,,,,,Impulse
,simple,F02425,Frame Wooden 2*3,1,,visible,,,,,taxable,,1,10,3,0,0,,,,,1,,,368.69,"All Products, Hardware",,,,,,,,,,,,,,,,,,,,,,,,,,,,,,,,Impulse
,simple,F02426,Frame Wooden 3*4,1,,visible,,,,,taxable,,1,10,3,0,0,,,,,1,,,523.25,"All Products, Hardware",,,,,,,,,,,,,,,,,,,,,,,,,,,,,,,,Impulse
,simple,F00892,PADBOLT CARDED GALV +SCREWS 100MM,1,,visible,,,,,taxable,,1,1113,3,0,0,,,,,1,,,24.07,"All Products, Hardware, Hardware > Fasteners",,,,,,,,,,,,,,,,,,,,,,,,,,,,,,,,Impulse
,simple,F00893,PADBOLT CARDED GALV +SCREWS 150MM,1,,visible,,,,,taxable,,1,3611,3,0,0,,,,,1,,,28.9,"All Products, Hardware, Hardware > Fasteners",,,,,,,,,,,,,,,,,,,,,,,,,,,,,,,,Impulse
,simple,F00894,PADBOLT OVALCARDED GALV +SCREWS 100MM,1,,visible,,,,,taxable,,1,4880,3,0,0,,,,,1,,,29.78,"All Products, Hardware, Hardware > Fasteners",,,,,,,,,,,,,,,,,,,,,,,,,,,,,,,,ALCO
,simple,F00949,DOOR HINGES WITH SCREWS,1,,visible,,,,,taxable,,1,10,3,0,0,,,,,1,,,17.63,"All Products, Hardware, Hardware > Fasteners, Hardware > Locks & Security",,,,,,,,,,,,,,,,,,,,,,,,,,,,,,,,Impulse
,simple,F02993,GATE LOCK ROCCA,1,,visible,,,,,taxable,,1,10,3,0,0,,,,,1,,,101.35,"All Products, Hardware, Hardware > Locks & Security",,,,,,,,,,,,,,,,,,,,,,,,,,,,,,,,Impulse
,simple,F03664,Padlock Top Security 32MM,1,,visible,,,,,taxable,,1,16,3,0,0,,,,,1,,,27.29,"All Products, Hardware, Hardware > Locks & Security",,,,,,,,,,,,,,,,,,,,,,,,,,,,,,,,ALCO
,simple,F03663,Padlock Top Security 38MM,1,,visible,,,,,taxable,,1,10,3,0,0,,,,,1,,,32.12,"All Products, Hardware, Hardware > Locks & Security",,,,,,,,,,,,,,,,,,,,,,,,,,,,,,,,ALCO
,simple,F03665,Padlock Top Security 50MM,1,,visible,,,,,taxable,,1,16,3,0,0,,,,,1,,,42.66,"All Products, Hardware, Hardware > Locks & Security",,,,,,,,,,,,,,,,,,,,,,,,,,,,,,,,ALCO
,simple,F03662,Padlock Top Security 63MM,1,,visible,,,,,taxable,,1,46,3,0,0,,,,,1,,,64.32,"All Products, Hardware, Hardware > Locks & Security",,,,,,,,,,,,,,,,,,,,,,,,,,,,,,,,ALCO
,simple,F03630,Geyser Bonding Strip 0.4 x 1.2 x 10M,1,,visible,,,,,taxable,,1,109,3,0,0,,,,,1,,,292.21,"All Products, Hardware",,,,,,,,,,,,,,,,,,,,,,,,,,,,,,,,ALCO
,simple,F03659,Gate Lock Square Tyson (N294),1,,visible,,,,,taxable,,1,153,3,0,0,,,,,1,,,75.59,"All Products, Hardware, Hardware > Locks & Security",,,,,,,,,,,,,,,,,,,,,,,,,,,,,,,,ALCO
,simple,F03658,Gate Lock Tyson Cylinder (N296),1,,visible,,,,,taxable,,1,16,3,0,0,,,,,1,,,154.48,"All Products, Hardware, Hardware > Locks & Security",,,,,,,,,,,,,,,,,,,,,,,,,,,,,,,,ALCO
,simple,F03650,Padlock Insurance 80MM (H337),1,,visible,,,,,taxable,,1,10,3,0,0,,,,,1,,,108.67,"All Products, Hardware, Hardware > Locks & Security",,,,,,,,,,,,,,,,,,,,,,,,,,,,,,,,ALCO
,simple,F03673,Sand Paper Roll 30CM x 100CM 60 Grit,1,,visible,,,,,taxable,,1,53,3,0,0,,,,,1,,,21.73,"All Products, Hardware, Hardware > Abrasives",,,,,,,,,,,,,,,,,,,,,,,,,,,,,,,,ALCO
,simple,F03674,Sand Paper Roll 30CM x 100CM 80 Grit,1,,visible,,,,,taxable,,1,10,3,0,0,,,,,1,,,21.73,"All Products, Hardware, Hardware > Abrasives",,,,,,,,,,,,,,,,,,,,,,,,,,,,,,,,ALCO
,simple,F03672,Sand Paper Roll 30CM x 100CM 100 Grit,1,,visible,,,,,taxable,,1,213,3,0,0,,,,,1,,,21.73,"All Products, Hardware, Hardware > Abrasives",,,,,,,,,,,,,,,,,,,,,,,,,,,,,,,,ALCO
,simple,F03675,Sand Paper Sheet Loose 30CM x 20CM 60 Grit,1,,visible,,,,,taxable,,1,10,3,0,0,,,,,1,,,4.81,"All Products, Hardware, Hardware > Abrasives",,,,,,,,,,,,,,,,,,,,,,,,,,,,,,,,Impulse
,simple,F03676,Sand Paper Sheet Loose 30CM x 20CM 80 Grit,1,,visible,,,,,taxable,,1,2467,3,0,0,,,,,1,,,4.81,"All Products, Hardware, Hardware > Abrasives",,,,,,,,,,,,,,,,,,,,,,,,,,,,,,,,Impulse
,simple,F03677,Sand Paper Sheet Loose 30CM x 20CM 100 Grit,1,,visible,,,,,taxable,,1,10,3,0,0,,,,,1,,,4.81,"All Products, Hardware, Hardware > Abrasives",,,,,,,,,,,,,,,,,,,,,,,,,,,,,,,,Impulse
,simple,F01029,Fancy Cylinder Lockset,1,,visible,,,,,taxable,,1,308,3,0,0,,,,,1,,,207.61,"All Products, Hardware, Hardware > Locks & Security, Homeware, Homeware > Appliances, Homeware > Appliances > Small Appliances",,,,,,,,,,,,,,,,,,,,,,,,,,,,,,,,ALCO
,simple,F01030,Fancy Cylinder Lockset,1,,visible,,,,,taxable,,1,309,3,0,0,,,,,1,,,207.61,"All Products, Hardware, Hardware > Locks & Security, Homeware, Homeware > Appliances, Homeware > Appliances > Small Appliances",,,,,,,,,,,,,,,,,,,,,,,,,,,,,,,,ALCO
,simple,F01031,Fancy Cylinder Lockset,1,,visible,,,,,taxable,,1,389,3,0,0,,,,,1,,,207.61,"All Products, Hardware, Hardware > Locks & Security, Homeware, Homeware > Appliances, Homeware > Appliances > Small Appliances",,,,,,,,,,,,,,,,,,,,,,,,,,,,,,,,ALCO
,simple,F01032,Fancy Cylinder Lockset,1,,visible,,,,,taxable,,1,239,3,0,0,,,,,1,,,207.61,"All Products, Hardware, Hardware > Locks & Security, Homeware, Homeware > Appliances, Homeware > Appliances > Small Appliances",,,,,,,,,,,,,,,,,,,,,,,,,,,,,,,,ALCO
,simple,F01033,Cylinder Lockset,1,,visible,,,,,taxable,,1,307,3,0,0,,,,,1,,,207.61,"All Products, Hardware, Hardware > Locks & Security",,,,,,,,,,,,,,,,,,,,,,,,,,,,,,,,ALCO
,simple,F01034,Cylinder Lockset,1,,visible,,,,,taxable,,1,333,3,0,0,,,,,1,,,207.61,"All Products, Hardware, Hardware > Locks & Security",,,,,,,,,,,,,,,,,,,,,,,,,,,,,,,,ALCO
,simple,F00969,Ski Ropes Nylon 10MM x 10M,1,,visible,,,,,taxable,,1,10,3,0,0,,,,,1,,,32.12,"All Products, Hardware",,,,,,,,,,,,,,,,,,,,,,,,,,,,,,,,ALCO
,simple,F00973,Ski Ropes Nylon 5MM x 10M,1,,visible,,,,,taxable,,1,50,3,0,0,,,,,1,,,11.19,"All Products, Hardware",,,,,,,,,,,,,,,,,,,,,,,,,,,,,,,,ALCO
,simple,F00971,Ski Ropes Nylon 12MM x 10M,1,,visible,,,,,taxable,,1,12,3,0,0,,,,,1,,,30.99,"All Products, Hardware",,,,,,,,,,,,,,,,,,,,,,,,,,,,,,,,ALCO
,simple,F00975,Ski Ropes Nylon 5MM x 20M,1,,visible,,,,,taxable,,1,21,3,0,0,,,,,1,,,19.24,"All Products, Hardware",,,,,,,,,,,,,,,,,,,,,,,,,,,,,,,,ALCO
,simple,F00972,Ski Ropes Nylon 12MM x 20M,1,,visible,,,,,taxable,,1,5,3,0,0,,,,,1,,,55.54,"All Products, Hardware",,,,,,,,,,,,,,,,,,,,,,,,,,,,,,,,ALCO
,simple,F02820,Ratchet Tie Down Single 4.5M x 2.5CM 350-700KG,1,,visible,,,,,taxable,,1,10,3,0,0,,,,,1,,,106.26,"All Products, Hardware",,,,,,,,,,,,,,,,,,,,,,,,,,,,,,,,ALCO
,simple,F02821,Ratchet Tie Down 2 Pcs Set 5M x 2.5CM 250-500KG,1,,visible,,,,,taxable,,1,1,3,0,0,,,,,1,,,180.32,"All Products, Hardware",,,,,,,,,,,,,,,,,,,,,,,,,,,,,,,,ALCO
,simple,F03164,Ratchet Tie Down 2 Pcs Set 5M x 2.5CM 800KG,1,,visible,,,,,taxable,,1,364,3,0,0,,,,,1,,,207.69,"All Products, Hardware",,,,,,,,,,,,,,,,,,,,,,,,,,,,,,,,ALCO
,simple,F02218,Ratchet Tie Down Domestic / Light Commercial 10M x 5CM,1,,visible,,,,,taxable,,1,325,3,0,0,,,,,1,,,288.19,"All Products, Hardware, Hardware > Lighting",,,,,,,,,,,,,,,,,,,,,,,,,,,,,,,,ALCO
,simple,F03201,Fancy Mortice Lockset 3 Lever,1,,visible,,,,,taxable,,1,469,3,0,0,,,,,1,,,160.92,"All Products, Hardware, Hardware > Locks & Security, Homeware, Homeware > Appliances, Homeware > Appliances > Small Appliances",,,,,,,,,,,,,,,,,,,,,,,,,,,,,,,,ALCO
,simple,F03203,Fancy Mortice Lockset 3 Lever,1,,visible,,,,,taxable,,1,457,3,0,0,,,,,1,,,160.92,"All Products, Hardware, Hardware > Locks & Security, Homeware, Homeware > Appliances, Homeware > Appliances > Small Appliances",,,,,,,,,,,,,,,,,,,,,,,,,,,,,,,,ALCO
,simple,F03207,Fancy Mortice Lockset 3 Lever,1,,visible,,,,,taxable,,1,710,3,0,0,,,,,1,,,160.92,"All Products, Hardware, Hardware > Locks & Security, Homeware, Homeware > Appliances, Homeware > Appliances > Small Appliances",,,,,,,,,,,,,,,,,,,,,,,,,,,,,,,,ALCO
,simple,F03208,Fancy Mortice Lockset 3 Lever,1,,visible,,,,,taxable,,1,819,3,0,0,,,,,1,,,160.92,"All Products, Hardware, Hardware > Locks & Security, Homeware, Homeware > Appliances, Homeware > Appliances > Small Appliances",,,,,,,,,,,,,,,,,,,,,,,,,,,,,,,,ALCO
,simple,F03209,Fancy Mortice Lockset 3 Lever,1,,visible,,,,,taxable,,1,609,3,0,0,,,,,1,,,160.92,"All Products, Hardware, Hardware > Locks & Security, Homeware, Homeware > Appliances, Homeware > Appliances > Small Appliances",,,,,,,,,,,,,,,,,,,,,,,,,,,,,,,,ALCO
,simple,F03210,Fancy Mortice Lockset 3 Lever,1,,visible,,,,,taxable,,1,476,3,0,0,,,,,1,,,160.92,"All Products, Hardware, Hardware > Locks & Security, Homeware, Homeware > Appliances, Homeware > Appliances > Small Appliances",,,,,,,,,,,,,,,,,,,,,,,,,,,,,,,,ALCO
,simple,F03213,Fancy Mortice Lockset 3 Lever,1,,visible,,,,,taxable,,1,442,3,0,0,,,,,1,,,160.92,"All Products, Hardware, Hardware > Locks & Security, Homeware, Homeware > Appliances, Homeware > Appliances > Small Appliances",,,,,,,,,,,,,,,,,,,,,,,,,,,,,,,,ALCO
,simple,F03211,Fancy Mortice Lockset 3 Lever,1,,visible,,,,,taxable,,1,740,3,0,0,,,,,1,,,160.92,"All Products, Hardware, Hardware > Locks & Security, Homeware, Homeware > Appliances, Homeware > Appliances > Small Appliances",,,,,,,,,,,,,,,,,,,,,,,,,,,,,,,,ALCO
,simple,F03197,Fancy Mortice Lockset 3 Lever,1,,visible,,,,,taxable,,1,584,3,0,0,,,,,1,,,160.92,"All Products, Hardware, Hardware > Locks & Security, Homeware, Homeware > Appliances, Homeware > Appliances > Small Appliances",,,,,,,,,,,,,,,,,,,,,,,,,,,,,,,,ALCO
,simple,F03198,Fancy Mortice Lockset 3 Lever,1,,visible,,,,,taxable,,1,577,3,0,0,,,,,1,,,160.92,"All Products, Hardware, Hardware > Locks & Security, Homeware, Homeware > Appliances, Homeware > Appliances > Small Appliances",,,,,,,,,,,,,,,,,,,,,,,,,,,,,,,,ALCO
,simple,F03199,Fancy Mortice Lockset 3 Lever,1,,visible,,,,,taxable,,1,672,3,0,0,,,,,1,,,160.92,"All Products, Hardware, Hardware > Locks & Security, Homeware, Homeware > Appliances, Homeware > Appliances > Small Appliances",,,,,,,,,,,,,,,,,,,,,,,,,,,,,,,,ALCO
,simple,F03200,Fancy Mortice Lockset 3 Lever,1,,visible,,,,,taxable,,1,537,3,0,0,,,,,1,,,160.92,"All Products, Hardware, Hardware > Locks & Security, Homeware, Homeware > Appliances, Homeware > Appliances > Small Appliances",,,,,,,,,,,,,,,,,,,,,,,,,,,,,,,,ALCO
,simple,F01197,CAMP CHAIR 16MM TUBE NORMAL,1,,visible,,,,,taxable,,1,2020,3,0,0,,,,,1,,,202.78,"All Products, Homeware, Homeware > Appliances, Homeware > Appliances > Small Appliances",,,,,,,,,,,,,,,,,,,,,,,,,,,,,,,,Impulse
,simple,F02545,CAMP CHAIR DELUX 19MM TUBE,1,,visible,,,,,taxable,,1,193,3,0,0,,,,,1,,,370.22,"All Products, Homeware, Homeware > Appliances, Homeware > Appliances > Small Appliances",,,,,,,,,,,,,,,,,,,,,,,,,,,,,,,,Impulse
,simple,F02558,HIGH REST PADED CAMP CHAIR,1,,visible,,,,,taxable,,1,113,3,0,0,,,,,1,,,400.89,"All Products, Homeware, Homeware > Appliances, Homeware > Appliances > Small Appliances",,,,,,,,,,,,,,,,,,,,,,,,,,,,,,,,Impulse
,simple,F03077,DIRECTORS CHAIR + TABLE MEDIUM,1,,visible,,,,,taxable,,1,10,3,0,0,,,,,1,,,384.79,"All Products, Homeware, Homeware > Appliances, Homeware > Appliances > Small Appliances",,,,,,,,,,,,,,,,,,,,,,,,,,,,,,,,Impulse
,simple,F02547,DIRECTORS CHAIR + TABLE HEAVY DUTY,1,,visible,,,,,taxable,,1,56,3,0,0,,,,,1,,,626.29,"All Products, Homeware, Homeware > Appliances, Homeware > Appliances > Small Appliances",,,,,,,,,,,,,,,,,,,,,,,,,,,,,,,,Impulse
,simple,F03078,CAMP CHAIR WITH SHADE COVER,1,,visible,,,,,taxable,,1,16,3,0,0,,,,,1,,,465.29,"All Products, Homeware, Homeware > Appliances, Homeware > Appliances > Small Appliances",,,,,,,,,,,,,,,,,,,,,,,,,,,,,,,,Impulse
,simple,F02559,SUPER DELUX MASTER CAMPER 22MM TUBE,1,,visible,,,,,taxable,,1,83,3,0,0,,,,,1,,,674.59,"All Products, Homeware, Homeware > Appliances, Homeware > Appliances > Small Appliances",,,,,,,,,,,,,,,,,,,,,,,,,,,,,,,,Impulse
,simple,F03387,BRAAI STAND PORTABLE / FOLDABLE 600 x 220 x 320MM,1,,visible,,,,,taxable,,1,74,3,0,0,,,,,1,,,257.52,"All Products, Hardware",,,,,,,,,,,,,,,,,,,,,,,,,,,,,,,,Impulse
,simple,F03886,BRAAI UTENSIL SET 4PIECE,1,,visible,,,,,taxable,,1,5,3,0,0,,,,,1,,,249.55,"All Products, Hardware",,,,,,,,,,,,,,,,,,,,,,,,,,,,,,,,Impulse
,simple,F03885,BRAAI STAND LARGE FANCY FOLDABLE 750 x 170 x 340MM,1,,visible,,,,,taxable,,1,10,3,0,0,,,,,1,,,299.0,"All Products, Homeware, Homeware > Appliances, Homeware > Appliances > Small Appliances",,,,,,,,,,,,,,,,,,,,,,,,,,,,,,,,Impulse
,simple,F01718,LIGHT BLUE FOLDING TABLE,1,,visible,,,,,taxable,,1,10,3,0,0,,,,,1,,,658.49,"All Products, Hardware, Hardware > Lighting",,,,,,,,,,,,,,,,,,,,,,,,,,,,,,,,Impulse
,simple,F02727,BLACK FOLDING TABLE,1,,visible,,,,,taxable,,1,95,3,0,0,,,,,1,,,771.19,"All Products, Hardware",,,,,,,,,,,,,,,,,,,,,,,,,,,,,,,,Impulse
,simple,F01913,"Georgian Locksets 6"" Chrome",1,,visible,,,,,taxable,,1,378,3,0,0,,,,,1,,,120.67,"All Products, Hardware, Hardware > Locks & Security",,,,,,,,,,,,,,,,,,,,,,,,,,,,,,,,ALCO
,simple,F01915,"Georgian Locksets 6"" Brass",1,,visible,,,,,taxable,,1,36,3,0,0,,,,,1,,,128.72,"All Products, Hardware, Hardware > Locks & Security",,,,,,,,,,,,,,,,,,,,,,,,,,,,,,,,ALCO
,simple,F01914,"Georgian Locksets 8"" Chrome",1,,visible,,,,,taxable,,1,906,3,0,0,,,,,1,,,125.5,"All Products, Hardware, Hardware > Locks & Security",,,,,,,,,,,,,,,,,,,,,,,,,,,,,,,,ALCO
,simple,F01916,"Georgian Locksets 8"" Brass",1,,visible,,,,,taxable,,1,44,3,0,0,,,,,1,,,131.94,"All Products, Hardware, Hardware > Locks & Security",,,,,,,,,,,,,,,,,,,,,,,,,,,,,,,,ALCO
,simple,F03202,Fancy Mortice Locksets 3 Lever,1,,visible,,,,,taxable,,1,506,3,0,0,,,,,1,,,144.82,"All Products, Hardware, Hardware > Locks & Security, Homeware, Homeware > Appliances, Homeware > Appliances > Small Appliances",,,,,,,,,,,,,,,,,,,,,,,,,,,,,,,,ALCO
,simple,F03204,Fancy Mortice Locksets 3 Lever,1,,visible,,,,,taxable,,1,555,3,0,0,,,,,1,,,144.82,"All Products, Hardware, Hardware > Locks & Security, Homeware, Homeware > Appliances, Homeware > Appliances > Small Appliances",,,,,,,,,,,,,,,,,,,,,,,,,,,,,,,,ALCO
,simple,F03205,Fancy Mortice Locksets 3 Lever,1,,visible,,,,,taxable,,1,385,3,0,0,,,,,1,,,144.82,"All Products, Hardware, Hardware > Locks & Security, Homeware, Homeware > Appliances, Homeware > Appliances > Small Appliances",,,,,,,,,,,,,,,,,,,,,,,,,,,,,,,,ALCO
,simple,F03206,Fancy Mortice Locksets 3 Lever,1,,visible,,,,,taxable,,1,515,3,0,0,,,,,1,,,144.82,"All Products, Hardware, Hardware > Locks & Security, Homeware, Homeware > Appliances, Homeware > Appliances > Small Appliances",,,,,,,,,,,,,,,,,,,,,,,,,,,,,,,,ALCO
,simple,F03214,Fancy Mortice Locksets 3 Lever,1,,visible,,,,,taxable,,1,97,3,0,0,,,,,1,,,144.82,"All Products, Hardware, Hardware > Locks & Security, Homeware, Homeware > Appliances, Homeware > Appliances > Small Appliances",,,,,,,,,,,,,,,,,,,,,,,,,,,,,,,,ALCO
,simple,F03212,Fancy Mortice Locksets 3 Lever,1,,visible,,,,,taxable,,1,268,3,0,0,,,,,1,,,144.82,"All Products, Hardware, Hardware > Locks & Security, Homeware, Homeware > Appliances, Homeware > Appliances > Small Appliances",,,,,,,,,,,,,,,,,,,,,,,,,,,,,,,,ALCO
,simple,F03215,Fancy Mortice Locksets 3 Lever,1,,visible,,,,,taxable,,1,50,3,0,0,,,,,1,,,144.82,"All Products, Hardware, Hardware > Locks & Security, Homeware, Homeware > Appliances, Homeware > Appliances > Small Appliances",,,,,,,,,,,,,,,,,,,,,,,,,,,,,,,,ALCO
,simple,F03300,Hose Pipe Fitting (Tap Adaptor) Male Normal Quality,1,,visible,,,,,taxable,,1,10,3,0,0,,,,,1,,,10.61,"All Products, Hardware, Hardware > Electrical, Hardware > Garden & Outdoor",,,,,,,,,,,,,,,,,,,,,,,,,,,,,,,,ALCO
,simple,F03306,Hose Pipe Fitting (Tap Adaptor) Male Heavy Duty,1,,visible,,,,,taxable,,1,1118,3,0,0,,,,,1,,,12.8,"All Products, Hardware, Hardware > Electrical, Hardware > Garden & Outdoor",,,,,,,,,,,,,,,,,,,,,,,,,,,,,,,,ALCO
,simple,F02025,Hose Pipe Nozzle 12MM Normal Quality,1,,visible,,,,,taxable,,1,32,3,0,0,,,,,1,,,33.0,"All Products, Hardware, Hardware > Garden & Outdoor",,,,,,,,,,,,,,,,,,,,,,,,,,,,,,,,ALCO
,simple,F03305,Hose Pipe Nozzle 12MM Heavy Duty,1,,visible,,,,,taxable,,1,1497,3,0,0,,,,,1,,,22.46,"All Products, Hardware, Hardware > Garden & Outdoor",,,,,,,,,,,,,,,,,,,,,,,,,,,,,,,,ALCO
,simple,F03297,Hose Pipe Fitting Set 4PCE Normal Quality 12MM,1,,visible,,,,,taxable,,1,660,3,0,0,,,,,1,,,31.86,"All Products, Hardware, Hardware > Garden & Outdoor",,,,,,,,,,,,,,,,,,,,,,,,,,,,,,,,ALCO
,simple,F03298,Hose Pipe Fitting Set 4PCE Normal Quality 20MM,1,,visible,,,,,taxable,,1,3,3,0,0,,,,,1,,,35.34,"All Products, Hardware, Hardware > Garden & Outdoor",,,,,,,,,,,,,,,,,,,,,,,,,,,,,,,,ALCO
,simple,F03307,Hose Pipe Connector Female H/Duty 12MM,1,,visible,,,,,taxable,,1,1575,3,0,0,,,,,1,,,19.24,"All Products, Hardware, Hardware > Garden & Outdoor",,,,,,,,,,,,,,,,,,,,,,,,,,,,,,,,ALCO
,simple,F03308,Hose Pipe Connector Female H/Duty 20MM,1,,visible,,,,,taxable,,1,27,3,0,0,,,,,1,,,20.85,"All Products, Hardware, Hardware > Garden & Outdoor",,,,,,,,,,,,,,,,,,,,,,,,,,,,,,,,ALCO
,simple,F03301,Hose Pipe Connector Female 12MM,1,,visible,,,,,taxable,,1,142,3,0,0,,,,,1,,,15.28,"All Products, Hardware, Hardware > Garden & Outdoor",,,,,,,,,,,,,,,,,,,,,,,,,,,,,,,,ALCO
,simple,F03302,Hose Pipe Connector Female 20MM,1,,visible,,,,,taxable,,1,2,3,0,0,,,,,1,,,16.08,"All Products, Hardware, Hardware > Garden & Outdoor",,,,,,,,,,,,,,,,,,,,,,,,,,,,,,,,ALCO
,simple,F03303,Hose Pipe Fitting Set 4PCE H/Duty 12MM,1,,visible,,,,,taxable,,1,1823,3,0,0,,,,,1,,,45.0,"All Products, Hardware, Hardware > Garden & Outdoor",,,,,,,,,,,,,,,,,,,,,,,,,,,,,,,,ALCO
,simple,F03304,Hose Pipe Fitting Set 4PCE H/Duty 20MM,1,,visible,,,,,taxable,,1,333,3,0,0,,,,,1,,,51.44,"All Products, Hardware, Hardware > Garden & Outdoor",,,,,,,,,,,,,,,,,,,,,,,,,,,,,,,,ALCO
,simple,F03310,Expandable Hose 30M With ABS 7 Function Spray Gun,1,,visible,,,,,taxable,,1,183,3,0,0,,,,,1,,,626.29,"All Products, Hardware, Hardware > Garden & Outdoor",,,,,,,,,,,,,,,,,,,,,,,,,,,,,,,,Impulse
,simple,F03600,Hosepipe PVC Clear 8MM x 30M,1,,visible,,,,,taxable,,1,10,3,0,0,,,,,1,,,85.25,"All Products, Hardware, Hardware > Garden & Outdoor",,,,,,,,,,,,,,,,,,,,,,,,,,,,,,,,ALCO
,simple,F03601,Hosepipe PVC Clear 10MM x 30M,1,,visible,,,,,taxable,,1,10,3,0,0,,,,,1,,,104.57,"All Products, Hardware, Hardware > Garden & Outdoor",,,,,,,,,,,,,,,,,,,,,,,,,,,,,,,,ALCO
,simple,F03602,Hosepipe PVC Clear 12MM x 30M,1,,visible,,,,,taxable,,1,10,3,0,0,,,,,1,,,175.49,"All Products, Hardware, Hardware > Garden & Outdoor",,,,,,,,,,,,,,,,,,,,,,,,,,,,,,,,ALCO
,simple,F03295,Hosepipe + Fittings 12MM x 15M,1,,visible,,,,,taxable,,1,149,3,0,0,,,,,1,,,122.28,"All Products, Hardware, Hardware > Garden & Outdoor",,,,,,,,,,,,,,,,,,,,,,,,,,,,,,,,ALCO
,simple,F03296,Hosepipe + Fittings 20MM x 20M,1,,visible,,,,,taxable,,1,10,3,0,0,,,,,1,,,257.52,"All Products, Hardware, Hardware > Garden & Outdoor",,,,,,,,,,,,,,,,,,,,,,,,,,,,,,,,ALCO
,simple,F03222,Lock Body SABS Blister 2 Lever,1,,visible,,,,,taxable,,1,10,3,0,0,,,,,1,,,56.27,"All Products, Hardware, Hardware > Locks & Security",,,,,,,,,,,,,,,,,,,,,,,,,,,,,,,,ALCO
,simple,F03223,Lock Body Contractors 3 Lever,1,,visible,,,,,taxable,,1,10,3,0,0,,,,,1,,,68.42,"All Products, Hardware, Hardware > Locks & Security",,,,,,,,,,,,,,,,,,,,,,,,,,,,,,,,ALCO
,simple,F03216,Mortice Locksets 2 Lever Chrome,1,,visible,,,,,taxable,,1,1535,3,0,0,,,,,1,,,64.32,"All Products, Hardware, Hardware > Locks & Security",,,,,,,,,,,,,,,,,,,,,,,,,,,,,,,,ALCO
,simple,F03217,Mortice Locksets 2 Lever Brass,1,,visible,,,,,taxable,,1,1,3,0,0,,,,,1,,,78.81,"All Products, Hardware, Hardware > Locks & Security",,,,,,,,,,,,,,,,,,,,,,,,,,,,,,,,ALCO
,simple,F03218,Mortice Locksets 2 Lever Contractors SABS Chrome,1,,visible,,,,,taxable,,1,3027,3,0,0,,,,,1,,,91.69,"All Products, Hardware, Hardware > Locks & Security",,,,,,,,,,,,,,,,,,,,,,,,,,,,,,,,ALCO
,simple,F03219,Mortice Locksets 2 Lever Contractors SABS Chrome,1,,visible,,,,,taxable,,1,292,3,0,0,,,,,1,,,94.91,"All Products, Hardware, Hardware > Locks & Security",,,,,,,,,,,,,,,,,,,,,,,,,,,,,,,,ALCO
,simple,F03220,Cylinder Locksets Chrome,1,,visible,,,,,taxable,,1,549,3,0,0,,,,,1,,,120.67,"All Products, Hardware, Hardware > Locks & Security",,,,,,,,,,,,,,,,,,,,,,,,,,,,,,,,ALCO
,simple,F03221,Cylinder Locksets Brass,1,,visible,,,,,taxable,,1,157,3,0,0,,,,,1,,,127.11,"All Products, Hardware, Hardware > Locks & Security",,,,,,,,,,,,,,,,,,,,,,,,,,,,,,,,ALCO
,simple,F03708,Awning (Alco) Brown Hollow 1 x 1.2M,1,,visible,,,,,taxable,,1,132,3,0,0,,,,,1,,,658.49,"All Products, Hardware",,,,,,,,,,,,,,,,,,,,,,,,,,,,,,,,ALCO
,simple,F03709,Awning (Alco) Brown Hollow 1 x 1.5M,1,,visible,,,,,taxable,,1,90,3,0,0,,,,,1,,,722.89,"All Products, Hardware",,,,,,,,,,,,,,,,,,,,,,,,,,,,,,,,ALCO
,simple,F01059,Roofing Screws 90mm With Bonded Washer,1,,visible,,,,,taxable,,1,1,3,0,0,,,,,1,,,433.09,"All Products, Hardware, Hardware > Fasteners",,,,,,,,,,,,,,,,,,,,,,,,,,,,,,,,Impulse
,simple,F03292,Roof Tile Underlay Membrane 1.5M x 30M,1,,visible,,,,,taxable,,1,10,3,0,0,,,,,1,,,368.69,"All Products, Hardware, Hardware > Building Materials",,,,,,,,,,,,,,,,,,,,,,,,,,,,,,,,Impulse
,simple,F02517,Roof Tile Underlay Membrane Master Empire Roofing 1.5M x 30M SABS Approved,1,,visible,,,,,taxable,,1,51,3,0,0,,,,,1,,,352.59,"All Products, Hardware, Hardware > Building Materials",,,,,,,,,,,,,,,,,,,,,,,,,,,,,,,,Empire Roofing
,simple,F02714,Roof Tile Underlay Membrane 1.5M x 30M NHBRC Approved,1,,visible,,,,,taxable,,1,5,3,0,0,,,,,1,,,433.09,"All Products, Hardware, Hardware > Building Materials",,,,,,,,,,,,,,,,,,,,,,,,,,,,,,,,Impulse
,simple,F02703,Wall Bracket Razor & Barbed Wire 750mm Crank,1,,visible,,,,,taxable,,1,10,3,0,0,,,,,1,,,88.55,"All Products, Hardware, Hardware > Electrical, Homeware, Homeware > Storage & Organisation",,,,,,,,,,,,,,,,,,,,,,,,,,,,,,,,Impulse
,simple,F02756,Roofing Foil 30M x 1.5M Single Sided,1,,visible,,,,,taxable,,1,10,3,0,0,,,,,1,,,1207.5,"All Products, Hardware",,,,,,,,,,,,,,,,,,,,,,,,,,,,,,,,Spunsulation
,simple,F02757,Roofing Foil 30M x 1.5M Double Sided,1,,visible,,,,,taxable,,1,10,3,0,0,,,,,1,,,1368.5,"All Products, Hardware",,,,,,,,,,,,,,,,,,,,,,,,,,,,,,,,Spunsulation
,simple,IMP-0365,Grapnel Interior/Exterior Wood Glue,1,,visible,,,,,taxable,,1,10,3,0,0,,,,,1,,,,"All Products, Hardware, Hardware > Adhesives & Sealants",,,,,,,,,,,,,,,,,,,,,,,,,,,,,,,,Grapnel
,simple,IMP-0366,Grapnel Roofer,1,,visible,,,,,taxable,,1,10,3,0,0,,,,,1,,,,"All Products, Hardware, Hardware > Adhesives & Sealants",,,,,,,,,,,,,,,,,,,,,,,,,,,,,,,,Grapnel
,simple,IMP-0367,Grapnel PVC Weld 200ml,1,,visible,,,,,taxable,,1,10,3,0,0,,,,,1,,,,"All Products, Hardware, Hardware > Adhesives & Sealants",,,,,,,,,,,,,,,,,,,,,,,,,,,,,,,,Grapnel
,simple,IMP-0368,"Olive Range Roof, Stoep & Pave Coat Grey",1,,visible,,,,,taxable,,1,10,3,0,0,,,,,1,,,,"All Products, Hardware",,,,,,,,,,,,,,,,,,,,,,,,,,,,,,,,Olive Range
,simple,IMP-0369,APCol Multi-Purpose White Putty Interior/Exterior,1,,visible,,,,,taxable,,1,10,3,0,0,,,,,1,,,,"All Products, Hardware, Hardware > Painting & Decorating",,,,,,,,,,,,,,,,,,,,,,,,,,,,,,,,APCol
,simple,IMP-0370,Glazing Putty for Steel Windows,1,,visible,,,,,taxable,,1,10,3,0,0,,,,,1,,,,"All Products, Hardware, Hardware > Painting & Decorating",,,,,,,,,,,,,,,,,,,,,,,,,,,,,,,,Impulse
,simple,IMP-0371,Grapnel Carpet & Vinyl Adhesive,1,,visible,,,,,taxable,,1,10,3,0,0,,,,,1,,,,"All Products, Hardware, Hardware > Adhesives & Sealants",,,,,,,,,,,,,,,,,,,,,,,,,,,,,,,,Grapnel
,simple,IMP-0372,Grapnel Cornice Adhesive Premium Quality,1,,visible,,,,,taxable,,1,10,3,0,0,,,,,1,,,,"All Products, Hardware, Hardware > Adhesives & Sealants",,,,,,,,,,,,,,,,,,,,,,,,,,,,,,,,Grapnel
,simple,F02921,Grapnel Cornice Adhesive 1KG,1,,visible,,,,,taxable,,1,10,3,0,0,,,,,1,,,62.79,"All Products, Hardware, Hardware > Adhesives & Sealants",,,,,,,,,,,,,,,,,,,,,,,,,,,,,,,,GRAPNEL
,simple,F02922,Grapnel Cornice Adhesive 2KG,1,,visible,,,,,taxable,,1,10,3,0,0,,,,,1,,,88.55,"All Products, Hardware, Hardware > Adhesives & Sealants",,,,,,,,,,,,,,,,,,,,,,,,,,,,,,,,GRAPNEL
,simple,F02923,Grapnel Cornice Adhesive 5KG,1,,visible,,,,,taxable,,1,10,3,0,0,,,,,1,,,193.2,"All Products, Hardware, Hardware > Adhesives & Sealants",,,,,,,,,,,,,,,,,,,,,,,,,,,,,,,,GRAPNEL
,simple,F02924,Grapnel Carpet & Vinyl Adhesive 2KG,1,,visible,,,,,taxable,,1,10,3,0,0,,,,,1,,,144.82,"All Products, Hardware, Hardware > Adhesives & Sealants",,,,,,,,,,,,,,,,,,,,,,,,,,,,,,,,GRAPNEL
,simple,F02925,Grapnel Carpet & Vinyl Adhesive 5KG,1,,visible,,,,,taxable,,1,10,3,0,0,,,,,1,,,320.39,"All Products, Hardware, Hardware > Adhesives & Sealants",,,,,,,,,,,,,,,,,,,,,,,,,,,,,,,,GRAPNEL
,simple,F02864,Damcos Black DPC (Builders Plastic) 150Micron 150MM x 40M,1,,visible,,,,,taxable,,1,10,3,0,0,,,,,1,,,40.17,"All Products, Hardware",,,,,,,,,,,,,,,,,,,,,,,,,,,,,,,,Damcos
,simple,F02865,Damcos Black DPC (Builders Plastic) 250Micron 150MM x 40M,1,,visible,,,,,taxable,,1,9,3,0,0,,,,,1,,,53.05,"All Products, Hardware",,,,,,,,,,,,,,,,,,,,,,,,,,,,,,,,Damcos
,simple,F03278,DPC (Builders Plastic) 100Micron 2MM x 30M,1,,visible,,,,,taxable,,1,98,3,0,0,,,,,1,,,169.05,"All Products, Hardware",,,,,,,,,,,,,,,,,,,,,,,,,,,,,,,,Impulse
,simple,F03279,DPC (Builders Plastic) 250Micron 2MM x 30M,1,,visible,,,,,taxable,,1,2,3,0,0,,,,,1,,,362.25,"All Products, Hardware",,,,,,,,,,,,,,,,,,,,,,,,,,,,,,,,Impulse
,simple,F02430,Shade Net 80% Shade 1.8 x 50M,1,,visible,,,,,taxable,,1,3,3,0,0,,,,,1,,,2012.5,"All Products, Hardware",,,,,,,,,,,,,,,,,,,,,,,,,,,,,,,,Impulse
,simple,F02913,Grapnel PVC Weld 100ml,1,,visible,,,,,taxable,,1,10,3,0,0,,,,,1,,,25.12,"All Products, Hardware, Hardware > Adhesives & Sealants",,,,,,,,,,,,,,,,,,,,,,,,,,,,,,,,Grapnel
,simple,F02914,Grapnel PVC Weld 200ml,1,,visible,,,,,taxable,,1,10,3,0,0,,,,,1,,,38.48,"All Products, Hardware, Hardware > Adhesives & Sealants",,,,,,,,,,,,,,,,,,,,,,,,,,,,,,,,Grapnel
,simple,F02915,Grapnel PVC Weld 500ml,1,,visible,,,,,taxable,,1,10,3,0,0,,,,,1,,,80.42,"All Products, Hardware, Hardware > Adhesives & Sealants",,,,,,,,,,,,,,,,,,,,,,,,,,,,,,,,Grapnel
,simple,F02916,Grapnel Wood Glue 250ml,1,,visible,,,,,taxable,,1,10,3,0,0,,,,,1,,,52.32,"All Products, Hardware, Hardware > Adhesives & Sealants",,,,,,,,,,,,,,,,,,,,,,,,,,,,,,,,Grapnel
,simple,F02917,Grapnel Wood Glue 500ml,1,,visible,,,,,taxable,,1,10,3,0,0,,,,,1,,,83.64,"All Products, Hardware, Hardware > Adhesives & Sealants",,,,,,,,,,,,,,,,,,,,,,,,,,,,,,,,Grapnel
,simple,F02918,Grapnel Wood Glue 1LT,1,,visible,,,,,taxable,,1,10,3,0,0,,,,,1,,,138.38,"All Products, Hardware, Hardware > Adhesives & Sealants",,,,,,,,,,,,,,,,,,,,,,,,,,,,,,,,Grapnel
,simple,F02919,Apcol Multi-Purpose Teak Putty 500g,1,,visible,,,,,taxable,,1,63,3,0,0,,,,,1,,,10.06,"All Products, Hardware, Hardware > Painting & Decorating",,,,,,,,,,,,,,,,,,,,,,,,,,,,,,,,Apcol
,simple,F02949,Apcol Multi-Purpose White Putty 500g,1,,visible,,,,,taxable,,1,67,3,0,0,,,,,1,,,10.06,"All Products, Hardware, Hardware > Painting & Decorating",,,,,,,,,,,,,,,,,,,,,,,,,,,,,,,,Apcol
,simple,F02920,Apcol Multi-Purpose Teak Putty 1KG,1,,visible,,,,,taxable,,1,10,3,0,0,,,,,1,,,20.12,"All Products, Hardware, Hardware > Painting & Decorating",,,,,,,,,,,,,,,,,,,,,,,,,,,,,,,,Apcol
,simple,F02950,Apcol Multi-Purpose White Putty 1KG,1,,visible,,,,,taxable,,1,10,3,0,0,,,,,1,,,20.12,"All Products, Hardware, Hardware > Painting & Decorating",,,,,,,,,,,,,,,,,,,,,,,,,,,,,,,,Apcol
,simple,F02941,Water Proofer + Membrane - Red Oxide 5LT,1,,visible,,,,,taxable,,1,3,3,0,0,,,,,1,,,153.75,"All Products, Hardware",,,,,,,,,,,,,,,,,,,,,,,,,,,,,,,,Olive
,simple,F02942,Water Proofer + Membrane - Burgundy 5LT,1,,visible,,,,,taxable,,1,10,3,0,0,,,,,1,,,153.75,"All Products, Hardware",,,,,,,,,,,,,,,,,,,,,,,,,,,,,,,,Olive
,simple,F02943,Water Proofer + Membrane - Black 5LT,1,,visible,,,,,taxable,,1,10,3,0,0,,,,,1,,,153.75,"All Products, Hardware",,,,,,,,,,,,,,,,,,,,,,,,,,,,,,,,Olive
,simple,F02944,Water Proofer + Membrane - Grey 5LT,1,,visible,,,,,taxable,,1,10,3,0,0,,,,,1,,,153.75,"All Products, Hardware",,,,,,,,,,,,,,,,,,,,,,,,,,,,,,,,Olive
,simple,F02945,Water Proofer + Membrane - Charcoal 5LT,1,,visible,,,,,taxable,,1,10,3,0,0,,,,,1,,,153.75,"All Products, Hardware",,,,,,,,,,,,,,,,,,,,,,,,,,,,,,,,Olive
,simple,F02946,Water Proofer + Membrane - White 5LT,1,,visible,,,,,taxable,,1,2,3,0,0,,,,,1,,,153.75,"All Products, Hardware",,,,,,,,,,,,,,,,,,,,,,,,,,,,,,,,Olive
,simple,F02947,Water Proofer + Membrane - Terracota 5LT,1,,visible,,,,,taxable,,1,10,3,0,0,,,,,1,,,153.75,"All Products, Hardware",,,,,,,,,,,,,,,,,,,,,,,,,,,,,,,,Olive
,simple,F02948,Water Proofer + Membrane - Forest Leaf 5LT,1,,visible,,,,,taxable,,1,10,3,0,0,,,,,1,,,169.05,"All Products, Hardware",,,,,,,,,,,,,,,,,,,,,,,,,,,,,,,,Olive
,simple,F02926,Liquid Rubber 5LT Red Oxide,1,,visible,,,,,taxable,,1,2,3,0,0,,,,,1,,,305.82,"All Products, Hardware",,,,,,,,,,,,,,,,,,,,,,,,,,,,,,,,Olive
,simple,F02927,Liquid Rubber 5LT Black,1,,visible,,,,,taxable,,1,10,3,0,0,,,,,1,,,305.82,"All Products, Hardware",,,,,,,,,,,,,,,,,,,,,,,,,,,,,,,,Olive
,simple,F02928,Liquid Rubber 5LT Grey,1,,visible,,,,,taxable,,1,1,3,0,0,,,,,1,,,305.82,"All Products, Hardware",,,,,,,,,,,,,,,,,,,,,,,,,,,,,,,,Olive
,simple,F02929,Liquid Rubber 20LT Red Oxide,1,,visible,,,,,taxable,,1,10,3,0,0,,,,,1,,,1014.3,"All Products, Hardware",,,,,,,,,,,,,,,,,,,,,,,,,,,,,,,,Olive
,simple,F02930,Liquid Rubber 20LT Black,1,,visible,,,,,taxable,,1,10,3,0,0,,,,,1,,,1014.3,"All Products, Hardware",,,,,,,,,,,,,,,,,,,,,,,,,,,,,,,,Olive
,simple,F02931,Liquid Rubber 20LT Grey,1,,visible,,,,,taxable,,1,10,3,0,0,,,,,1,,,1014.3,"All Products, Hardware",,,,,,,,,,,,,,,,,,,,,,,,,,,,,,,,Olive
,simple,F02932,Plaster Primer Interior/Exterior Water Based 5LT,1,,visible,,,,,taxable,,1,2,3,0,0,,,,,1,,,161.0,"All Products, Hardware",,,,,,,,,,,,,,,,,,,,,,,,,,,,,,,,Protea Range
,simple,F02933,Plaster Primer Interior/Exterior Water Based 20LT,1,,visible,,,,,taxable,,1,10,3,0,0,,,,,1,,,577.99,"All Products, Hardware",,,,,,,,,,,,,,,,,,,,,,,,,,,,,,,,Protea Range
,simple,F02934,"Olive Range Roof, Stoep & Pave Coat 5LT - Red Oxide",1,,visible,,,,,taxable,,1,10,3,0,0,,,,,1,,,191.59,"All Products, Hardware",,,,,,,,,,,,,,,,,,,,,,,,,,,,,,,,Olive Range
,simple,F02935,"Olive Range Roof, Stoep & Pave Coat 5LT - Burgundy",1,,visible,,,,,taxable,,1,10,3,0,0,,,,,1,,,191.59,"All Products, Hardware",,,,,,,,,,,,,,,,,,,,,,,,,,,,,,,,Olive Range
,simple,F02936,"Olive Range Roof, Stoep & Pave Coat 5LT - Black",1,,visible,,,,,taxable,,1,10,3,0,0,,,,,1,,,191.59,"All Products, Hardware",,,,,,,,,,,,,,,,,,,,,,,,,,,,,,,,Olive Range
,simple,F02937,"Olive Range Roof, Stoep & Pave Coat 5LT - Grey",1,,visible,,,,,taxable,,1,10,3,0,0,,,,,1,,,191.59,"All Products, Hardware",,,,,,,,,,,,,,,,,,,,,,,,,,,,,,,,Olive Range
,simple,F02938,"Olive Range Roof, Stoep & Pave Coat 5LT - Charcoal",1,,visible,,,,,taxable,,1,10,3,0,0,,,,,1,,,191.59,"All Products, Hardware",,,,,,,,,,,,,,,,,,,,,,,,,,,,,,,,Olive Range
,simple,F02951,"Olive Range Roof, Stoep & Pave Coat 5LT - White",1,,visible,,,,,taxable,,1,10,3,0,0,,,,,1,,,191.59,"All Products, Hardware",,,,,,,,,,,,,,,,,,,,,,,,,,,,,,,,Olive Range
,simple,F02939,"Olive Range Roof, Stoep & Pave Coat 5LT - Forest Leaf",1,,visible,,,,,taxable,,1,10,3,0,0,,,,,1,,,209.3,"All Products, Hardware",,,,,,,,,,,,,,,,,,,,,,,,,,,,,,,,Olive Range
,simple,F02952,"Olive Range Roof, Stoep & Pave Coat 20LT - Red Oxide",1,,visible,,,,,taxable,,1,17,3,0,0,,,,,1,,,595.7,"All Products, Hardware",,,,,,,,,,,,,,,,,,,,,,,,,,,,,,,,Olive Range
,simple,F02953,"Olive Range Roof, Stoep & Pave Coat 20LT - Burgundy",1,,visible,,,,,taxable,,1,4,3,0,0,,,,,1,,,595.7,"All Products, Hardware",,,,,,,,,,,,,,,,,,,,,,,,,,,,,,,,Olive Range
,simple,F02954,"Olive Range Roof, Stoep & Pave Coat 20LT - Black",1,,visible,,,,,taxable,,1,4,3,0,0,,,,,1,,,595.7,"All Products, Hardware",,,,,,,,,,,,,,,,,,,,,,,,,,,,,,,,Olive Range
,simple,F02955,"Olive Range Roof, Stoep & Pave Coat 20LT - Grey",1,,visible,,,,,taxable,,1,10,3,0,0,,,,,1,,,595.7,"All Products, Hardware",,,,,,,,,,,,,,,,,,,,,,,,,,,,,,,,Olive Range
,simple,F02956,"Olive Range Roof, Stoep & Pave Coat 20LT - Charcoal",1,,visible,,,,,taxable,,1,10,3,0,0,,,,,1,,,595.7,"All Products, Hardware",,,,,,,,,,,,,,,,,,,,,,,,,,,,,,,,Olive Range
,simple,F02957,"Olive Range Roof, Stoep & Pave Coat 20LT - White",1,,visible,,,,,taxable,,1,10,3,0,0,,,,,1,,,595.7,"All Products, Hardware",,,,,,,,,,,,,,,,,,,,,,,,,,,,,,,,Olive Range
,simple,F02940,"Olive Range Roof, Stoep & Pave Coat 20LT - Forest Leaf",1,,visible,,,,,taxable,,1,10,3,0,0,,,,,1,,,652.05,"All Products, Hardware",,,,,,,,,,,,,,,,,,,,,,,,,,,,,,,,Olive Range
,simple,F03609,PS Dadoo Rails Corner Rail 2.4M 35MM * 35MM,1,,visible,,,,,taxable,,1,900,3,0,0,,,,,1,,,56.27,"All Products, Hardware, Hardware > Building Materials",,,,,,,,,,,,,,,,,,,,,,,,,,,,,,,,Impulse
,simple,F03165,PS Dadoo Rails 2.4M x 4CM (Flat Top),1,,visible,,,,,taxable,,1,3604,3,0,0,,,,,1,,,64.32,"All Products, Hardware",,,,,,,,,,,,,,,,,,,,,,,,,,,,,,,,Impulse
,simple,F03166,PS Dadoo Rails 2.4M x 6CM (Flat Top),1,,visible,,,,,taxable,,1,2773,3,0,0,,,,,1,,,112.62,"All Products, Hardware",,,,,,,,,,,,,,,,,,,,,,,,,,,,,,,,Impulse
,simple,F03167,PS Dadoo Rails 2.4M x 4CM (Scalloped Top),1,,visible,,,,,taxable,,1,2201,3,0,0,,,,,1,,,69.15,"All Products, Hardware",,,,,,,,,,,,,,,,,,,,,,,,,,,,,,,,Impulse
,simple,F03168,PS Dadoo Rails 2.4M x 6CM (Scalloped Top),1,,visible,,,,,taxable,,1,2208,3,0,0,,,,,1,,,120.67,"All Products, Hardware",,,,,,,,,,,,,,,,,,,,,,,,,,,,,,,,Impulse
,simple,F03082,DIY Peel & Stick Mirrors Diamond Shape 17 x 30CM Silver,1,,visible,,,,,taxable,,1,2983,3,0,0,,,,,1,,,28.9,"All Products, Hardware",,,,,,,,,,,,,,,,,,,,,,,,,,,,,,,,Impulse
,simple,F03083,DIY Peel & Stick Mirrors Diamond Shape 17 x 30CM Rose Gold,1,,visible,,,,,taxable,,1,3222,3,0,0,,,,,1,,,28.9,"All Products, Hardware",,,,,,,,,,,,,,,,,,,,,,,,,,,,,,,,Impulse
,simple,F03079,DIY Peel & Stick Mirrors Hexagon Shape 23 x 26.5CM Silver,1,,visible,,,,,taxable,,1,2776,3,0,0,,,,,1,,,36.95,"All Products, Hardware",,,,,,,,,,,,,,,,,,,,,,,,,,,,,,,,Impulse
,simple,F03080,DIY Peel & Stick Mirrors Hexagon Shape 23 x 26.5CM Black,1,,visible,,,,,taxable,,1,3458,3,0,0,,,,,1,,,36.95,"All Products, Hardware",,,,,,,,,,,,,,,,,,,,,,,,,,,,,,,,Impulse
,simple,F03081,DIY Peel & Stick Mirrors Hexagon Shape 23 x 26.5CM Rose Gold,1,,visible,,,,,taxable,,1,3038,3,0,0,,,,,1,,,36.95,"All Products, Hardware",,,,,,,,,,,,,,,,,,,,,,,,,,,,,,,,Impulse
,simple,F03066,DIY Stainless Steel Edging Strip Roll 2CM x 5M Black Trim,1,,visible,,,,,taxable,,1,804,3,0,0,,,,,1,,,117.45,"All Products, Hardware, Hardware > Building Materials",,,,,,,,,,,,,,,,,,,,,,,,,,,,,,,,Impulse
,simple,F03065,DIY Stainless Steel Edging Strip Roll 2CM x 5M Silver Trim,1,,visible,,,,,taxable,,1,133,3,0,0,,,,,1,,,117.45,"All Products, Hardware, Hardware > Building Materials",,,,,,,,,,,,,,,,,,,,,,,,,,,,,,,,Impulse
,simple,F03064,DIY Stainless Steel Edging Strip Roll 2CM x 5M Gold Trim,1,,visible,,,,,taxable,,1,220,3,0,0,,,,,1,,,128.72,"All Products, Hardware, Hardware > Building Materials",,,,,,,,,,,,,,,,,,,,,,,,,,,,,,,,Impulse
,simple,F03067,DIY Stainless Steel Edging Strip Roll 2CM x 5M Rose Gold Trim,1,,visible,,,,,taxable,,1,240,3,0,0,,,,,1,,,128.72,"All Products, Hardware, Hardware > Building Materials",,,,,,,,,,,,,,,,,,,,,,,,,,,,,,,,Impulse
,simple,F03070,DIY Stainless Steel Edging Strip Roll 5CM x 5M Black Trim,1,,visible,,,,,taxable,,1,149,3,0,0,,,,,1,,,186.68,"All Products, Hardware, Hardware > Building Materials",,,,,,,,,,,,,,,,,,,,,,,,,,,,,,,,Impulse
,simple,F03069,DIY Stainless Steel Edging Strip Roll 5CM x 5M Silver Trim,1,,visible,,,,,taxable,,1,108,3,0,0,,,,,1,,,186.68,"All Products, Hardware, Hardware > Building Materials",,,,,,,,,,,,,,,,,,,,,,,,,,,,,,,,Impulse
,simple,F03068,DIY Stainless Steel Edging Strip Roll 5CM x 5M Gold Trim,1,,visible,,,,,taxable,,1,57,3,0,0,,,,,1,,,202.78,"All Products, Hardware, Hardware > Building Materials",,,,,,,,,,,,,,,,,,,,,,,,,,,,,,,,Impulse
,simple,F03071,DIY Stainless Steel Edging Strip Roll 5CM x 5M Rose Gold Trim,1,,visible,,,,,taxable,,1,105,3,0,0,,,,,1,,,202.78,"All Products, Hardware, Hardware > Building Materials",,,,,,,,,,,,,,,,,,,,,,,,,,,,,,,,Impulse
,simple,F03844,WPC Single Fluted Panel with Spotlight - Nero,1,,visible,,,,,taxable,,1,130,3,0,0,,,,,1,,,2316.95,"All Products, Hardware, Hardware > Lighting",,,,,,,,,,,,,,,,,,,,,,,,,,,,,,,,Impulse
,simple,F03845,WPC Single Fluted Panel with Spotlight - Wood,1,,visible,,,,,taxable,,1,126,3,0,0,,,,,1,,,2316.95,"All Products, Hardware, Hardware > Lighting",,,,,,,,,,,,,,,,,,,,,,,,,,,,,,,,Impulse
,simple,F03846,WPC Single Fluted Panel with Spotlight - Grey,1,,visible,,,,,taxable,,1,114,3,0,0,,,,,1,,,2316.95,"All Products, Hardware, Hardware > Lighting",,,,,,,,,,,,,,,,,,,,,,,,,,,,,,,,Impulse
,simple,F03847,WPC Single Fluted Panel with Spotlight - Marble,1,,visible,,,,,taxable,,1,116,3,0,0,,,,,1,,,2316.95,"All Products, Hardware, Hardware > Lighting",,,,,,,,,,,,,,,,,,,,,,,,,,,,,,,,Impulse
,simple,F03848,Light Spot for WPC Panel 50MM*50MM,1,,visible,,,,,taxable,,1,3520,3,0,0,,,,,1,,,109.4,"All Products, Hardware, Hardware > Lighting",,,,,,,,,,,,,,,,,,,,,,,,,,,,,,,,Impulse
,simple,F03169,UV Joiner T Profile Aluminium Gold - 3M,1,,visible,,,,,taxable,,1,10,3,0,0,,,,,1,,,45.0,"All Products, Hardware",,,,,,,,,,,,,,,,,,,,,,,,,,,,,,,,Impulse
,simple,F03170,UV Joiner T Profile Aluminium Silver - 3M,1,,visible,,,,,taxable,,1,74,3,0,0,,,,,1,,,45.0,"All Products, Hardware",,,,,,,,,,,,,,,,,,,,,,,,,,,,,,,,Impulse
,simple,F03171,UV Joiner T Profile Aluminium Black - 3M,1,,visible,,,,,taxable,,1,159,3,0,0,,,,,1,,,45.0,"All Products, Hardware",,,,,,,,,,,,,,,,,,,,,,,,,,,,,,,,Impulse
,simple,F03172,UV Joiner T Profile Aluminium Rose Gold - 3M,1,,visible,,,,,taxable,,1,195,3,0,0,,,,,1,,,45.0,"All Products, Hardware",,,,,,,,,,,,,,,,,,,,,,,,,,,,,,,,Impulse
,simple,F03085,Stainless Steel Indoor Wall Panels Strips & Edging 2CM x 3M Gold,1,,visible,,,,,taxable,,1,7,3,0,0,,,,,1,,,112.62,"All Products, Hardware",,,,,,,,,,,,,,,,,,,,,,,,,,,,,,,,Impulse
,simple,F03086,Stainless Steel Indoor Wall Panels Strips & Edging 2CM x 3M Rose Gold,1,,visible,,,,,taxable,,1,154,3,0,0,,,,,1,,,112.62,"All Products, Hardware",,,,,,,,,,,,,,,,,,,,,,,,,,,,,,,,Impulse
,simple,F03087,Stainless Steel Indoor Wall Panels Strips & Edging 3CM x 3M Gold,1,,visible,,,,,taxable,,1,177,3,0,0,,,,,1,,,128.72,"All Products, Hardware",,,,,,,,,,,,,,,,,,,,,,,,,,,,,,,,Impulse
,simple,F03084,Stainless Steel Indoor Wall Panels Strips & Edging 3CM x 3M Rose Gold,1,,visible,,,,,taxable,,1,252,3,0,0,,,,,1,,,128.72,"All Products, Hardware",,,,,,,,,,,,,,,,,,,,,,,,,,,,,,,,Impulse
,simple,F03191,Mosaics - Stick On Steel Mosaic,1,,visible,,,,,taxable,,1,515,3,0,0,,,,,1,,,43.39,"All Products, Hardware, Hardware > Building Materials",,,,,,,,,,,,,,,,,,,,,,,,,,,,,,,,Impulse
,simple,F03192,Mosaics - Stick On Steel Mosaic,1,,visible,,,,,taxable,,1,343,3,0,0,,,,,1,,,43.39,"All Products, Hardware, Hardware > Building Materials",,,,,,,,,,,,,,,,,,,,,,,,,,,,,,,,Impulse
,simple,F03194,Mosaics - Stick On Steel Mosaic,1,,visible,,,,,taxable,,1,266,3,0,0,,,,,1,,,43.39,"All Products, Hardware, Hardware > Building Materials",,,,,,,,,,,,,,,,,,,,,,,,,,,,,,,,Impulse
,simple,F03193,Create Your Own Design Mosaic,1,,visible,,,,,taxable,,1,544,3,0,0,,,,,1,,,62.71,"All Products, Hardware, Hardware > Building Materials",,,,,,,,,,,,,,,,,,,,,,,,,,,,,,,,Impulse
,simple,F03178,Create Your Own Design Mosaic,1,,visible,,,,,taxable,,1,435,3,0,0,,,,,1,,,62.71,"All Products, Hardware, Hardware > Building Materials",,,,,,,,,,,,,,,,,,,,,,,,,,,,,,,,Impulse
,simple,F03189,Create Your Own Design Mosaic,1,,visible,,,,,taxable,,1,436,3,0,0,,,,,1,,,62.71,"All Products, Hardware, Hardware > Building Materials",,,,,,,,,,,,,,,,,,,,,,,,,,,,,,,,Impulse
,simple,F03190,Create Your Own Design Mosaic,1,,visible,,,,,taxable,,1,283,3,0,0,,,,,1,,,62.71,"All Products, Hardware, Hardware > Building Materials",,,,,,,,,,,,,,,,,,,,,,,,,,,,,,,,Impulse
,simple,F03196,Create Your Own Design Mosaic,1,,visible,,,,,taxable,,1,555,3,0,0,,,,,1,,,62.71,"All Products, Hardware, Hardware > Building Materials",,,,,,,,,,,,,,,,,,,,,,,,,,,,,,,,Impulse
,simple,F03195,Create Your Own Design Mosaic,1,,visible,,,,,taxable,,1,374,3,0,0,,,,,1,,,75.59,"All Products, Hardware, Hardware > Building Materials",,,,,,,,,,,,,,,,,,,,,,,,,,,,,,,,Impulse
,simple,F03185,Bevelled Mirror 23cm*20cm,1,,visible,,,,,taxable,,1,42,3,0,0,,,,,1,,,32.12,"All Products, Hardware",,,,,,,,,,,,,,,,,,,,,,,,,,,,,,,,Impulse
,simple,F03187,Mirror Mosaics Stick On - Bevelled,1,,visible,,,,,taxable,,1,1,3,0,0,,,,,1,,,96.52,"All Products, Hardware",,,,,,,,,,,,,,,,,,,,,,,,,,,,,,,,Impulse
,simple,F03179,Mirror Mosaics Stick On - Bevelled,1,,visible,,,,,taxable,,1,66,3,0,0,,,,,1,,,80.42,"All Products, Hardware",,,,,,,,,,,,,,,,,,,,,,,,,,,,,,,,Impulse
,simple,F03181,Mirror Mosaics Stick On - Bevelled,1,,visible,,,,,taxable,,1,3,3,0,0,,,,,1,,,120.19,"All Products, Hardware",,,,,,,,,,,,,,,,,,,,,,,,,,,,,,,,Impulse
,simple,F03184,Mirror Mosaics Stick On - Bevelled,1,,visible,,,,,taxable,,1,9,3,0,0,,,,,1,,,120.19,"All Products, Hardware",,,,,,,,,,,,,,,,,,,,,,,,,,,,,,,,Impulse
,simple,F03354,WPC 3D Single Flute 22mm x 22mm x 2900mm Barcelona Nero,1,,visible,,,,,taxable,,1,898,3,0,0,,,,,1,,,96.52,"All Products, Hardware",,,,,,,,,,,,,,,,,,,,,,,,,,,,,,,,Barcelona
,simple,F03355,WPC 3D Single Flute 22mm x 22mm x 2900mm Barcelona Wenge,1,,visible,,,,,taxable,,1,747,3,0,0,,,,,1,,,96.52,"All Products, Hardware",,,,,,,,,,,,,,,,,,,,,,,,,,,,,,,,Barcelona
,simple,F03357,WPC 3D Single Flute 22mm x 22mm x 2900mm Barcelona Grey,1,,visible,,,,,taxable,,1,875,3,0,0,,,,,1,,,96.52,"All Products, Hardware",,,,,,,,,,,,,,,,,,,,,,,,,,,,,,,,Barcelona
,simple,F03358,WPC 3D Single Flute 22mm x 22mm x 2900mm Barcelona Marble,1,,visible,,,,,taxable,,1,497,3,0,0,,,,,1,,,96.52,"All Products, Hardware",,,,,,,,,,,,,,,,,,,,,,,,,,,,,,,,Barcelona
,simple,F03356,WPC 3D Single Flute 22mm x 22mm x 2900mm Barcelona Teak,1,,visible,,,,,taxable,,1,806,3,0,0,,,,,1,,,96.52,"All Products, Hardware",,,,,,,,,,,,,,,,,,,,,,,,,,,,,,,,Barcelona
,simple,F03366,WPC 3D Single Flute 22mm x 22mm x 2900mm Barcelona Matt White,1,,visible,,,,,taxable,,1,10,3,0,0,,,,,1,,,96.52,"All Products, Homeware, Homeware > Decor",,,,,,,,,,,,,,,,,,,,,,,,,,,,,,,,Barcelona
,simple,F03359,WPC 3D Single Flute 22mm x 22mm x 2900mm Barcelona Rustic,1,,visible,,,,,taxable,,1,539,3,0,0,,,,,1,,,96.52,"All Products, Hardware",,,,,,,,,,,,,,,,,,,,,,,,,,,,,,,,Barcelona
,simple,F03361,WPC 3D Single Flute 22mm x 22mm x 2900mm Barcelona Wood,1,,visible,,,,,taxable,,1,711,3,0,0,,,,,1,,,96.52,"All Products, Hardware",,,,,,,,,,,,,,,,,,,,,,,,,,,,,,,,Barcelona
,simple,F03447,Spotlight,1,,visible,,,,,taxable,,1,2330,3,0,0,,,,,1,,,56.27,"All Products, Hardware, Hardware > Lighting",,,,,,,,,,,,,,,,,,,,,,,,,,,,,,,,Impulse
,simple,F02800,Adaptor 24V-100W +- 40 Lights,1,,visible,,,,,taxable,,1,180,3,0,0,,,,,1,,,265.65,"All Products, Hardware, Hardware > Electrical, Hardware > Lighting",,,,,,,,,,,,,,,,,,,,,,,,,,,,,,,,Impulse
,simple,F02340,Barcelona Series Nero WPC Indoor Wall Panel,1,,visible,,,,,taxable,,1,704,3,0,0,,,,,1,,,1529.5,"All Products, Hardware",,,,,,,,,,,,,,,,,,,,,,,,,,,,,,,,Impulse
,simple,F02341,Barcelona Series Wenge WPC Indoor Wall Panel,1,,visible,,,,,taxable,,1,95,3,0,0,,,,,1,,,1529.5,"All Products, Hardware",,,,,,,,,,,,,,,,,,,,,,,,,,,,,,,,Impulse
,simple,F02342,Barcelona Series Teak WPC Indoor Wall Panel,1,,visible,,,,,taxable,,1,66,3,0,0,,,,,1,,,1529.5,"All Products, Hardware",,,,,,,,,,,,,,,,,,,,,,,,,,,,,,,,Impulse
,simple,F02753,Barcelona Series Mahogany WPC Indoor Wall Panel,1,,visible,,,,,taxable,,1,184,3,0,0,,,,,1,,,1529.5,"All Products, Hardware",,,,,,,,,,,,,,,,,,,,,,,,,,,,,,,,Impulse
,simple,F02343,Barcelona Series Grey WPC Indoor Wall Panel,1,,visible,,,,,taxable,,1,314,3,0,0,,,,,1,,,1529.5,"All Products, Hardware",,,,,,,,,,,,,,,,,,,,,,,,,,,,,,,,Impulse
,simple,F02344,Barcelona Series Marble WPC Indoor Wall Panel,1,,visible,,,,,taxable,,1,277,3,0,0,,,,,1,,,1529.5,"All Products, Hardware",,,,,,,,,,,,,,,,,,,,,,,,,,,,,,,,Impulse
,simple,F02752,Barcelona Series Rustic WPC Indoor Wall Panel,1,,visible,,,,,taxable,,1,85,3,0,0,,,,,1,,,1529.5,"All Products, Hardware",,,,,,,,,,,,,,,,,,,,,,,,,,,,,,,,Impulse
,simple,F02862,Barcelona Series Wood WPC Indoor Wall Panel,1,,visible,,,,,taxable,,1,904,3,0,0,,,,,1,,,1529.5,"All Products, Hardware",,,,,,,,,,,,,,,,,,,,,,,,,,,,,,,,Impulse
,simple,F03578,Barcelona Series Brown - Black WPC Indoor Wall Panel,1,,visible,,,,,taxable,,1,1,3,0,0,,,,,1,,,1529.5,"All Products, Hardware",,,,,,,,,,,,,,,,,,,,,,,,,,,,,,,,Impulse
,simple,F03863,LED Strip Lights Aluminium Profile 15CM - 1.5W,1,,visible,,,,,taxable,,1,7,3,0,0,,,,,1,,,77.2,"All Products, Hardware, Hardware > Lighting",,,,,,,,,,,,,,,,,,,,,,,,,,,,,,,,Impulse
,simple,F03864,LED Strip Lights Aluminium Profile 30CM - 3W,1,,visible,,,,,taxable,,1,1,3,0,0,,,,,1,,,96.52,"All Products, Hardware, Hardware > Lighting",,,,,,,,,,,,,,,,,,,,,,,,,,,,,,,,Impulse
,simple,F03865,LED Strip Lights Aluminium Profile 45CM - 4W,1,,visible,,,,,taxable,,1,42,3,0,0,,,,,1,,,152.95,"All Products, Hardware, Hardware > Lighting",,,,,,,,,,,,,,,,,,,,,,,,,,,,,,,,Impulse
,simple,F03867,LED Strip Lights Aluminium Profile 60CM - 6W,1,,visible,,,,,taxable,,1,10,3,0,0,,,,,1,,,223.79,"All Products, Hardware, Hardware > Lighting",,,,,,,,,,,,,,,,,,,,,,,,,,,,,,,,Impulse
,simple,F03868,LED Strip Lights Aluminium Profile 75CM - 9W,1,,visible,,,,,taxable,,1,54,3,0,0,,,,,1,,,304.29,"All Products, Hardware, Hardware > Lighting",,,,,,,,,,,,,,,,,,,,,,,,,,,,,,,,Impulse
,simple,F03869,LED Strip Lights Aluminium Profile 90CM - 1.5W,1,,visible,,,,,taxable,,1,43,3,0,0,,,,,1,,,368.69,"All Products, Hardware, Hardware > Lighting",,,,,,,,,,,,,,,,,,,,,,,,,,,,,,,,Impulse
,simple,F03253,WPC Indoor Wall Panels Celestia Series - Rose Gold,1,,visible,,,,,taxable,,1,306,3,0,0,,,,,1,,,1529.5,"All Products, Hardware",,,,,,,,,,,,,,,,,,,,,,,,,,,,,,,,Impulse
,simple,F03276,WPC Indoor Wall Panels Celestia Series - White Matt,1,,visible,,,,,taxable,,1,144,3,0,0,,,,,1,,,1529.5,"All Products, Homeware, Homeware > Decor",,,,,,,,,,,,,,,,,,,,,,,,,,,,,,,,Impulse
,simple,F02863,WPC Indoor Wall Panels Celestia Series - Metal Grey,1,,visible,,,,,taxable,,1,3,3,0,0,,,,,1,,,1529.5,"All Products, Hardware",,,,,,,,,,,,,,,,,,,,,,,,,,,,,,,,Impulse
,simple,F03251,WPC Indoor Wall Panels Celestia Series - Silver,1,,visible,,,,,taxable,,1,133,3,0,0,,,,,1,,,1529.5,"All Products, Hardware",,,,,,,,,,,,,,,,,,,,,,,,,,,,,,,,Impulse
,simple,F03252,WPC Indoor Wall Panels Celestia Series - Champagne Gold,1,,visible,,,,,taxable,,1,145,3,0,0,,,,,1,,,1529.5,"All Products, Hardware",,,,,,,,,,,,,,,,,,,,,,,,,,,,,,,,Impulse
,simple,F03543,Casablanca Indoor Wall Panel - Grey Smoke,1,,visible,,,,,taxable,,1,19,3,0,0,,,,,1,,,2281.37,"All Products, Hardware",,,,,,,,,,,,,,,,,,,,,,,,,,,,,,,,Casablanca
,simple,F03545,Casablanca Indoor Wall Panel - Mocha,1,,visible,,,,,taxable,,1,14,3,0,0,,,,,1,,,2281.37,"All Products, Hardware",,,,,,,,,,,,,,,,,,,,,,,,,,,,,,,,Casablanca
,simple,F03542,Casablanca Indoor Wall Panel - Cas-Gold,1,,visible,,,,,taxable,,1,20,3,0,0,,,,,1,,,2281.37,"All Products, Hardware",,,,,,,,,,,,,,,,,,,,,,,,,,,,,,,,Casablanca
,simple,F03544,Casablanca Indoor Wall Panel - Angel,1,,visible,,,,,taxable,,1,27,3,0,0,,,,,1,,,2281.37,"All Products, Hardware",,,,,,,,,,,,,,,,,,,,,,,,,,,,,,,,Casablanca
,simple,F03580,Monte Carlo Indoor Wall Panel Natural 2.9M*16CM,1,,visible,,,,,taxable,,1,14,3,0,0,,,,,1,,,4443.6,"All Products, Hardware",,,,,,,,,,,,,,,,,,,,,,,,,,,,,,,,Monte Carlo
,simple,F03581,Monte Carlo Indoor Wall Panel Wood 2.9M*15CM,1,,visible,,,,,taxable,,1,31,3,0,0,,,,,1,,,4830.0,"All Products, Hardware",,,,,,,,,,,,,,,,,,,,,,,,,,,,,,,,Monte Carlo
,simple,F03582,Monte Carlo Indoor Wall Panel Black 2.9M*20CM,1,,visible,,,,,taxable,,1,50,3,0,0,,,,,1,,,2817.5,"All Products, Hardware",,,,,,,,,,,,,,,,,,,,,,,,,,,,,,,,Monte Carlo
,simple,F03487,Monte Carlo Indoor Wall Panel Champagne Gold 2.9M*23CM,1,,visible,,,,,taxable,,1,25,3,0,0,,,,,1,,,3034.85,"All Products, Hardware",,,,,,,,,,,,,,,,,,,,,,,,,,,,,,,,Monte Carlo
,simple,F03063,MDF Acoustic Wall Panels Grey Acoustic,1,,visible,,,,,taxable,,1,129,3,0,0,,,,,1,,,5119.8,"All Products, Hardware",,,,,,,,,,,,,,,,,,,,,,,,,,,,,,,,Impulse
,simple,F03088,MDF Acoustic Wall Panels Wood Acoustic,1,,visible,,,,,taxable,,1,128,3,0,0,,,,,1,,,5119.8,"All Products, Hardware",,,,,,,,,,,,,,,,,,,,,,,,,,,,,,,,Impulse
,simple,F02857,WPC Outdoor Wall Panels - Coffee,1,,visible,,,,,taxable,,1,4,3,0,0,,,,,1,,,1861.16,"All Products, Hardware",,,,,,,,,,,,,,,,,,,,,,,,,,,,,,,,Impulse
,simple,F02858,WPC Outdoor Wall Panels - Light Teak,1,,visible,,,,,taxable,,1,78,3,0,0,,,,,1,,,1861.16,"All Products, Hardware, Hardware > Lighting",,,,,,,,,,,,,,,,,,,,,,,,,,,,,,,,Impulse
,simple,F02859,WPC Outdoor Wall Panels - Black (SOLD OUT),1,,visible,,,,,taxable,,1,3,3,0,0,,,,,1,,,1861.16,"All Products, Hardware",,,,,,,,,,,,,,,,,,,,,,,,,,,,,,,,Impulse
,simple,F02856,WPC Outdoor Wall Panels - Grey (SOLD OUT),1,,visible,,,,,taxable,,1,10,3,0,0,,,,,1,,,1861.16,"All Products, Hardware",,,,,,,,,,,,,,,,,,,,,,,,,,,,,,,,Impulse
,simple,F03557,Wall and Ceiling D Arte Blocks - Black (Lined Pattern),1,,visible,,,,,taxable,,1,19,3,0,0,,,,,1,,,3859.97,"All Products, Hardware, Hardware > Locks & Security",,,,,,,,,,,,,,,,,,,,,,,,,,,,,,,,Impulse
,simple,F03552,Wall and Ceiling D Arte Blocks - Black (Pyramid Pattern),1,,visible,,,,,taxable,,1,14,3,0,0,,,,,1,,,3859.97,"All Products, Hardware, Hardware > Locks & Security",,,,,,,,,,,,,,,,,,,,,,,,,,,,,,,,Impulse
,simple,F03558,Wall and Ceiling D Arte Blocks - White Wood (Lined Pattern),1,,visible,,,,,taxable,,1,22,3,0,0,,,,,1,,,3859.97,"All Products, Hardware, Hardware > Locks & Security",,,,,,,,,,,,,,,,,,,,,,,,,,,,,,,,Impulse
,simple,F03553,Wall and Ceiling D Arte Blocks - White Wood (Pyramid Pattern),1,,visible,,,,,taxable,,1,24,3,0,0,,,,,1,,,3859.97,"All Products, Hardware, Hardware > Locks & Security",,,,,,,,,,,,,,,,,,,,,,,,,,,,,,,,Impulse
,simple,F03559,Wall and Ceiling D Arte Blocks - Light Grain Wood (Lined Pattern),1,,visible,,,,,taxable,,1,18,3,0,0,,,,,1,,,3859.97,"All Products, Hardware, Hardware > Lighting, Hardware > Locks & Security",,,,,,,,,,,,,,,,,,,,,,,,,,,,,,,,Impulse
,simple,F03554,Wall and Ceiling D Arte Blocks - Light Grain Wood (Pyramid Pattern),1,,visible,,,,,taxable,,1,22,3,0,0,,,,,1,,,3859.97,"All Products, Hardware, Hardware > Lighting, Hardware > Locks & Security",,,,,,,,,,,,,,,,,,,,,,,,,,,,,,,,Impulse
,simple,F03560,Wall and Ceiling D Arte Blocks - Black Wood (Lined Pattern),1,,visible,,,,,taxable,,1,16,3,0,0,,,,,1,,,3859.97,"All Products, Hardware, Hardware > Locks & Security",,,,,,,,,,,,,,,,,,,,,,,,,,,,,,,,Impulse
,simple,F03555,Wall and Ceiling D Arte Blocks - Black Wood (Pyramid Pattern),1,,visible,,,,,taxable,,1,24,3,0,0,,,,,1,,,3859.97,"All Products, Hardware, Hardware > Locks & Security",,,,,,,,,,,,,,,,,,,,,,,,,,,,,,,,Impulse
,simple,F03561,Wall and Ceiling D Arte Blocks - Champagne Gold (Lined Pattern),1,,visible,,,,,taxable,,1,23,3,0,0,,,,,1,,,4342.97,"All Products, Hardware, Hardware > Locks & Security",,,,,,,,,,,,,,,,,,,,,,,,,,,,,,,,Impulse
,simple,F03556,Wall and Ceiling D Arte Blocks - Champagne Gold (Pyramid Pattern),1,,visible,,,,,taxable,,1,20,3,0,0,,,,,1,,,4342.97,"All Products, Hardware, Hardware > Locks & Security",,,,,,,,,,,,,,,,,,,,,,,,,,,,,,,,Impulse
,simple,F03073,WPC Panel Divider 2.9M x 10CM x 50MM - Dark Grey,1,,visible,,,,,taxable,,1,7,3,0,0,,,,,1,,,2559.9,"All Products, Hardware",,,,,,,,,,,,,,,,,,,,,,,,,,,,,,,,Impulse
,simple,F03074,WPC Panel Divider 2.9M x 10CM x 50MM - Black Walnut,1,,visible,,,,,taxable,,1,19,3,0,0,,,,,1,,,2559.9,"All Products, Hardware, Hardware > Fasteners",,,,,,,,,,,,,,,,,,,,,,,,,,,,,,,,Impulse
,simple,F03075,WPC Panel Divider 2.9M x 10CM x 50MM - Black,1,,visible,,,,,taxable,,1,16,3,0,0,,,,,1,,,2559.9,"All Products, Hardware",,,,,,,,,,,,,,,,,,,,,,,,,,,,,,,,Impulse
,simple,F03076,WPC Panel Divider 2.9M x 10CM x 50MM - Teakwood,1,,visible,,,,,taxable,,1,1,3,0,0,,,,,1,,,2559.9,"All Products, Hardware",,,,,,,,,,,,,,,,,,,,,,,,,,,,,,,,Impulse
,simple,F03351,WPC Divider Bracket Clips (4 PCS) Swivel,1,,visible,,,,,taxable,,1,905,3,0,0,,,,,1,,,139.99,"All Products, Homeware, Homeware > Storage & Organisation",,,,,,,,,,,,,,,,,,,,,,,,,,,,,,,,Impulse
,simple,F03488,3D Peel & Stick Foam Wall Panels/Rolls - Grey,1,,visible,,,,,taxable,,1,9,3,0,0,,,,,1,,,297.85,"All Products, Hardware",,,,,,,,,,,,,,,,,,,,,,,,,,,,,,,,Impulse
,simple,F03489,3D Peel & Stick Foam Wall Panels/Rolls - BLK/Gold & WHT,1,,visible,,,,,taxable,,1,10,3,0,0,,,,,1,,,297.85,"All Products, Hardware",,,,,,,,,,,,,,,,,,,,,,,,,,,,,,,,Impulse
,simple,F03490,3D Peel & Stick Foam Wall Panels/Rolls - Gold & White,1,,visible,,,,,taxable,,1,10,3,0,0,,,,,1,,,297.85,"All Products, Hardware",,,,,,,,,,,,,,,,,,,,,,,,,,,,,,,,Impulse
,simple,F03491,3D Peel & Stick Foam Wall Panels/Rolls - BLK/Gold & White,1,,visible,,,,,taxable,,1,10,3,0,0,,,,,1,,,297.85,"All Products, Hardware",,,,,,,,,,,,,,,,,,,,,,,,,,,,,,,,Impulse
,simple,F03492,3D Peel & Stick Foam Wall Panels/Rolls - Blue/Grey & Gold,1,,visible,,,,,taxable,,1,10,3,0,0,,,,,1,,,297.85,"All Products, Hardware",,,,,,,,,,,,,,,,,,,,,,,,,,,,,,,,Impulse
,simple,F03368,WPC Edging Strip (Loose) Barcelona/Celestia Series - Rustic,1,,visible,,,,,taxable,,1,26,3,0,0,,,,,1,,,64.32,"All Products, Hardware, Hardware > Building Materials",,,,,,,,,,,,,,,,,,,,,,,,,,,,,,,,Impulse
,simple,F02466,WPC Edging Strip (Loose) Barcelona/Celestia Series - Grey,1,,visible,,,,,taxable,,1,87,3,0,0,,,,,1,,,64.32,"All Products, Hardware, Hardware > Building Materials",,,,,,,,,,,,,,,,,,,,,,,,,,,,,,,,Impulse
,simple,F02467,WPC Edging Strip (Loose) Barcelona/Celestia Series - Marble,1,,visible,,,,,taxable,,1,10,3,0,0,,,,,1,,,64.32,"All Products, Hardware, Hardware > Building Materials",,,,,,,,,,,,,,,,,,,,,,,,,,,,,,,,Impulse
,simple,F02903,WPC Edging Strip (Loose) Barcelona/Celestia Series - Matt Grey,1,,visible,,,,,taxable,,1,10,3,0,0,,,,,1,,,64.32,"All Products, Hardware, Hardware > Building Materials, Homeware, Homeware > Decor",,,,,,,,,,,,,,,,,,,,,,,,,,,,,,,,Impulse
,simple,F02463,WPC Edging Strip (Loose) Barcelona/Celestia Series - Nero,1,,visible,,,,,taxable,,1,3,3,0,0,,,,,1,,,64.32,"All Products, Hardware, Hardware > Building Materials",,,,,,,,,,,,,,,,,,,,,,,,,,,,,,,,Impulse
,simple,F03294,WPC Edging Strip (Loose) Barcelona/Celestia Series - Mahogany,1,,visible,,,,,taxable,,1,136,3,0,0,,,,,1,,,64.32,"All Products, Hardware, Hardware > Building Materials",,,,,,,,,,,,,,,,,,,,,,,,,,,,,,,,Impulse
,simple,F02464,WPC Edging Strip (Loose) Barcelona/Celestia Series - Wenge,1,,visible,,,,,taxable,,1,42,3,0,0,,,,,1,,,64.32,"All Products, Hardware, Hardware > Building Materials",,,,,,,,,,,,,,,,,,,,,,,,,,,,,,,,Impulse
,simple,F02902,WPC Edging Strip (Loose) Barcelona/Celestia Series - Wood,1,,visible,,,,,taxable,,1,9,3,0,0,,,,,1,,,64.32,"All Products, Hardware, Hardware > Building Materials",,,,,,,,,,,,,,,,,,,,,,,,,,,,,,,,Impulse
,simple,F03277,WPC Edging Strip (Loose) Barcelona/Celestia Series - Matt White,1,,visible,,,,,taxable,,1,111,3,0,0,,,,,1,,,64.32,"All Products, Hardware, Hardware > Building Materials, Homeware, Homeware > Decor",,,,,,,,,,,,,,,,,,,,,,,,,,,,,,,,Impulse
,simple,F03367,WPC Edging Strip (Loose) Barcelona/Celestia Series - Metal Grey,1,,visible,,,,,taxable,,1,93,3,0,0,,,,,1,,,72.37,"All Products, Hardware, Hardware > Building Materials",,,,,,,,,,,,,,,,,,,,,,,,,,,,,,,,Impulse
,simple,F03254,WPC Edging Strip (Loose) Barcelona/Celestia Series - Silver,1,,visible,,,,,taxable,,1,112,3,0,0,,,,,1,,,72.37,"All Products, Hardware, Hardware > Building Materials",,,,,,,,,,,,,,,,,,,,,,,,,,,,,,,,Impulse
,simple,F03255,WPC Edging Strip (Loose) Barcelona/Celestia Series - Champagne Gold,1,,visible,,,,,taxable,,1,2,3,0,0,,,,,1,,,72.37,"All Products, Hardware, Hardware > Building Materials",,,,,,,,,,,,,,,,,,,,,,,,,,,,,,,,Impulse
,simple,F03256,WPC Edging Strip (Loose) Barcelona/Celestia Series - Rose Gold,1,,visible,,,,,taxable,,1,3,3,0,0,,,,,1,,,72.37,"All Products, Hardware, Hardware > Building Materials",,,,,,,,,,,,,,,,,,,,,,,,,,,,,,,,Impulse
,simple,F02468,Metal Clips for WPC Panels - Clip WPC Wood Panel (1 Pack = 100pcs),1,,visible,,,,,taxable,,1,34,3,0,0,,,,,1,,,402.5,"All Products, Hardware",,,,,,,,,,,,,,,,,,,,,,,,,,,,,,,,Impulse
,simple,F02860,Traditional Decking Outdoor Grey/Brown 2.9M x 0.14 x 0.025M,1,,visible,,,,,taxable,,1,70,3,0,0,,,,,1,,,1345.96,"All Products, Hardware",,,,,,,,,,,,,,,,,,,,,,,,,,,,,,,,Impulse
,simple,F02861,Traditional Decking Outdoor Brown 2.9M x 0.14 x 0.025M,1,,visible,,,,,taxable,,1,1,3,0,0,,,,,1,,,1345.96,"All Products, Hardware",,,,,,,,,,,,,,,,,,,,,,,,,,,,,,,,Impulse
,simple,F03854,Traditional Deck Edging Dark Grey 2.9M x 0.05 x 0.05M,1,,visible,,,,,taxable,,1,116,3,0,0,,,,,1,,,159.39,"All Products, Hardware",,,,,,,,,,,,,,,,,,,,,,,,,,,,,,,,Impulse
,simple,F03853,Traditional Deck Edging Brown 2.9M x 0.05 x 0.05M,1,,visible,,,,,taxable,,1,142,3,0,0,,,,,1,,,159.39,"All Products, Hardware",,,,,,,,,,,,,,,,,,,,,,,,,,,,,,,,Impulse
,simple,F03850,Premium Decking Co-Extrusion Pure Teak & Walnut Back - Back 5.8M x 0.145 x 0.02M,1,,visible,,,,,taxable,,1,168,3,0,0,,,,,1,,,1896.58,"All Products, Hardware, Hardware > Fasteners",,,,,,,,,,,,,,,,,,,,,,,,,,,,,,,,Impulse
,simple,F03849,Premium Decking Co-Extrusion Silver Grey & Rose Wood Back - Back 5.8M x 0.145 x 0.02M,1,,visible,,,,,taxable,,1,1,3,0,0,,,,,1,,,1896.58,"All Products, Hardware",,,,,,,,,,,,,,,,,,,,,,,,,,,,,,,,Impulse
,simple,F03852B,Premium Co-Extrusion Deck Edging Pure Teak 2.9M x 0.05 x 0.05M,1,,visible,,,,,taxable,,1,140,3,0,0,,,,,1,,,185.15,"All Products, Hardware",,,,,,,,,,,,,,,,,,,,,,,,,,,,,,,,Impulse
,simple,F03851A,Premium Co-Extrusion Deck Edging Silver Grey 2.9M x 0.05 x 0.05M,1,,visible,,,,,taxable,,1,123,3,0,0,,,,,1,,,185.15,"All Products, Hardware",,,,,,,,,,,,,,,,,,,,,,,,,,,,,,,,Impulse
,simple,F03852A,Premium Co-Extrusion Deck Edging Walnut 2.9M x 0.05 x 0.05M,1,,visible,,,,,taxable,,1,140,3,0,0,,,,,1,,,185.15,"All Products, Hardware, Hardware > Fasteners",,,,,,,,,,,,,,,,,,,,,,,,,,,,,,,,Impulse
,simple,F03851B,Premium Co-Extrusion Deck Edging Rose Wood 2.9M x 0.05 x 0.05M,1,,visible,,,,,taxable,,1,183,3,0,0,,,,,1,,,185.15,"All Products, Hardware",,,,,,,,,,,,,,,,,,,,,,,,,,,,,,,,Impulse
,simple,F03855,Decking WPC Joist 40*25*2900,1,,visible,,,,,taxable,,1,104,3,0,0,,,,,1,,,159.39,"All Products, Hardware",,,,,,,,,,,,,,,,,,,,,,,,,,,,,,,,Impulse
,simple,F03856,Decking WPC Plastic Clips + Screws 8MM,1,,visible,,,,,taxable,,1,10,3,0,0,,,,,1,,,18.51,"All Products, Hardware, Hardware > Fasteners",,,,,,,,,,,,,,,,,,,,,,,,,,,,,,,,Impulse
,simple,F02307 - (3031),PVC Ceiling Panel 3.9M x 300MM x 6MM - 3031,1,,visible,,,,,taxable,,1,10,3,0,0,,,,,1,,,628.6,"All Products, Hardware",,,,,,,,,,,,,,,,,,,,,,,,,,,,,,,,Impulse
,simple,F02308 - (3030),PVC Ceiling Panel 3.9M x 300MM x 6MM - 3030,1,,visible,,,,,taxable,,1,10,3,0,0,,,,,1,,,628.6,"All Products, Hardware",,,,,,,,,,,,,,,,,,,,,,,,,,,,,,,,Impulse
,simple,F02309 - (3055),PVC Ceiling Panel 3.9M x 300MM x 6MM - 3055,1,,visible,,,,,taxable,,1,10,3,0,0,,,,,1,,,628.6,"All Products, Hardware",,,,,,,,,,,,,,,,,,,,,,,,,,,,,,,,Impulse
,simple,F02606 - (3073),PVC Ceiling Panel 3.9M x 300MM x 6MM - 3073,1,,visible,,,,,taxable,,1,10,3,0,0,,,,,1,,,628.6,"All Products, Hardware",,,,,,,,,,,,,,,,,,,,,,,,,,,,,,,,Impulse
,simple,F02607 - (3086),PVC Ceiling Panel 3.9M x 300MM x 6MM - 3086,1,,visible,,,,,taxable,,1,10,3,0,0,,,,,1,,,628.6,"All Products, Hardware",,,,,,,,,,,,,,,,,,,,,,,,,,,,,,,,Impulse
,simple,F02608 - (30116),PVC Ceiling Panel 3.9M x 300MM x 6MM - 30116,1,,visible,,,,,taxable,,1,10,3,0,0,,,,,1,,,628.6,"All Products, Hardware",,,,,,,,,,,,,,,,,,,,,,,,,,,,,,,,Impulse
,simple,F02612 - (30-8120),PVC Ceiling Panel 3.9M x 300MM x 6MM - 30-8120,1,,visible,,,,,taxable,,1,10,3,0,0,,,,,1,,,628.6,"All Products, Hardware",,,,,,,,,,,,,,,,,,,,,,,,,,,,,,,,Impulse
,simple,F02617 - (CAP01),PVC Ceiling Panel 3.9M x 300MM x 6MM - CAP01,1,,visible,,,,,taxable,,1,10,3,0,0,,,,,1,,,628.6,"All Products, Hardware",,,,,,,,,,,,,,,,,,,,,,,,,,,,,,,,Impulse
,simple,F02619 - (30-8122),PVC Ceiling Panel 3.9M x 300MM x 6MM - 30-8122,1,,visible,,,,,taxable,,1,10,3,0,0,,,,,1,,,628.6,"All Products, Hardware",,,,,,,,,,,,,,,,,,,,,,,,,,,,,,,,Impulse
,simple,F02621 - (3072),PVC Ceiling Panel 3.9M x 300MM x 6MM - 3072,1,,visible,,,,,taxable,,1,10,3,0,0,,,,,1,,,628.6,"All Products, Hardware",,,,,,,,,,,,,,,,,,,,,,,,,,,,,,,,Impulse
,simple,F02624 - (3070),PVC Ceiling Panel 3.9M x 300MM x 6MM - 3070,1,,visible,,,,,taxable,,1,10,3,0,0,,,,,1,,,628.6,"All Products, Hardware",,,,,,,,,,,,,,,,,,,,,,,,,,,,,,,,Impulse
,simple,F02631 - (3005),PVC Ceiling Panel 3.9M x 300MM x 6MM - 3005,1,,visible,,,,,taxable,,1,10,3,0,0,,,,,1,,,628.6,"All Products, Hardware",,,,,,,,,,,,,,,,,,,,,,,,,,,,,,,,Impulse
,simple,F02633 - (3035),PVC Ceiling Panel 3.9M x 300MM x 6MM - 3035,1,,visible,,,,,taxable,,1,10,3,0,0,,,,,1,,,628.6,"All Products, Hardware",,,,,,,,,,,,,,,,,,,,,,,,,,,,,,,,Impulse
,simple,F02638 - (3020),PVC Ceiling Panel 3.9M x 300MM x 6MM - 3020,1,,visible,,,,,taxable,,1,10,3,0,0,,,,,1,,,628.6,"All Products, Hardware",,,,,,,,,,,,,,,,,,,,,,,,,,,,,,,,Impulse
,simple,F02641 - (3033),PVC Ceiling Panel 3.9M x 300MM x 6MM - 3033,1,,visible,,,,,taxable,,1,10,3,0,0,,,,,1,,,628.6,"All Products, Hardware",,,,,,,,,,,,,,,,,,,,,,,,,,,,,,,,Impulse
,simple,F02644 - (3085),PVC Ceiling Panel 3.9M x 300MM x 6MM - 3085,1,,visible,,,,,taxable,,1,10,3,0,0,,,,,1,,,628.6,"All Products, Hardware",,,,,,,,,,,,,,,,,,,,,,,,,,,,,,,,Impulse
,simple,F02647 - (3053),PVC Ceiling Panel 3.9M x 300MM x 6MM - 3053,1,,visible,,,,,taxable,,1,10,3,0,0,,,,,1,,,628.6,"All Products, Hardware",,,,,,,,,,,,,,,,,,,,,,,,,,,,,,,,Impulse
,simple,F02649 - (30118),PVC Ceiling Panel 3.9M x 300MM x 6MM - 30118,1,,visible,,,,,taxable,,1,10,3,0,0,,,,,1,,,628.6,"All Products, Hardware",,,,,,,,,,,,,,,,,,,,,,,,,,,,,,,,Impulse
,simple,F02652 - (3001),PVC Ceiling Panel 3.9M x 300MM x 6MM - 3001,1,,visible,,,,,taxable,,1,10,3,0,0,,,,,1,,,628.6,"All Products, Hardware",,,,,,,,,,,,,,,,,,,,,,,,,,,,,,,,Impulse
,simple,F02518 - (30WHITE MATTE),PVC Ceiling Panel 3.9M x 300MM x 6MM - 30 White Matte NEW,1,,visible,,,,,taxable,,1,10,3,0,0,,,,,1,,,628.6,"All Products, Homeware, Homeware > Decor",,,,,,,,,,,,,,,,,,,,,,,,,,,,,,,,Impulse
,simple,F02622 - (30WG),PVC Ceiling Panel 3.9M x 300MM x 6MM - 30WG,1,,visible,,,,,taxable,,1,10,3,0,0,,,,,1,,,628.6,"All Products, Hardware",,,,,,,,,,,,,,,,,,,,,,,,,,,,,,,,Impulse
,simple,F02490,Majestic Nero Wall Cladding UV Sheet 2.7M,1,,visible,,,,,taxable,,1,194,3,0,0,,,,,1,,,610.19,"All Products, Hardware",,,,,,,,,,,,,,,,,,,,,,,,,,,,,,,,Impulse
,simple,F02744,Jakarta Marble Wall Cladding UV Sheet 2.7M,1,,visible,,,,,taxable,,1,245,3,0,0,,,,,1,,,610.19,"All Products, Hardware",,,,,,,,,,,,,,,,,,,,,,,,,,,,,,,,Impulse
,simple,F02483A,Venato Carara A Wall Cladding UV Sheet 2.7M,1,,visible,,,,,taxable,,1,314,3,0,0,,,,,1,,,610.19,"All Products, Hardware",,,,,,,,,,,,,,,,,,,,,,,,,,,,,,,,Impulse
,simple,F02487B,Romano Grey B Wall Cladding UV Sheet 2.7M,1,,visible,,,,,taxable,,1,23,3,0,0,,,,,1,,,610.19,"All Products, Hardware",,,,,,,,,,,,,,,,,,,,,,,,,,,,,,,,Impulse
,simple,F02486B,Alcora Gris B Wall Cladding UV Sheet 2.7M,1,,visible,,,,,taxable,,1,267,3,0,0,,,,,1,,,610.19,"All Products, Hardware",,,,,,,,,,,,,,,,,,,,,,,,,,,,,,,,Impulse
,simple,F02738-A,Panda White A Wall Cladding UV Sheet 2.7M,1,,visible,,,,,taxable,,1,10,3,0,0,,,,,1,,,389.0,"All Products, Hardware",,,,,,,,,,,,,,,,,,,,,,,,,,,,,,,,Impulse
,simple,F02737-B,Panda White B Wall Cladding UV Sheet 2.7M,1,,visible,,,,,taxable,,1,10,3,0,0,,,,,1,,,389.0,"All Products, Hardware",,,,,,,,,,,,,,,,,,,,,,,,,,,,,,,,Impulse
,simple,F03325,Mozzero Gold UV 2.4M Wall Cladding,1,,visible,,,,,taxable,,1,77,3,0,0,,,,,1,,,561.89,"All Products, Hardware",,,,,,,,,,,,,,,,,,,,,,,,,,,,,,,,Impulse
,simple,F03336,Absolute Black UV 2.4M Wall Cladding,1,,visible,,,,,taxable,,1,161,3,0,0,,,,,1,,,513.59,"All Products, Hardware",,,,,,,,,,,,,,,,,,,,,,,,,,,,,,,,Impulse
,simple,F03330,Glamour Gold UV 2.4M Wall Cladding,1,,visible,,,,,taxable,,1,106,3,0,0,,,,,1,,,513.59,"All Products, Hardware",,,,,,,,,,,,,,,,,,,,,,,,,,,,,,,,Impulse
,simple,F03329,Gold Rush UV 2.4M Wall Cladding,1,,visible,,,,,taxable,,1,81,3,0,0,,,,,1,,,513.59,"All Products, Hardware",,,,,,,,,,,,,,,,,,,,,,,,,,,,,,,,Impulse
,simple,F03324,Azuro Gold UV 2.4M Wall Cladding,1,,visible,,,,,taxable,,1,236,3,0,0,,,,,1,,,513.59,"All Products, Hardware",,,,,,,,,,,,,,,,,,,,,,,,,,,,,,,,Impulse
,simple,F03323,Golden Oasis UV 2.4M Wall Cladding,1,,visible,,,,,taxable,,1,80,3,0,0,,,,,1,,,513.59,"All Products, Hardware",,,,,,,,,,,,,,,,,,,,,,,,,,,,,,,,Impulse
,simple,F03339A,Panda Grey A UV 2.4M Wall Cladding,1,,visible,,,,,taxable,,1,107,3,0,0,,,,,1,,,561.89,"All Products, Hardware",,,,,,,,,,,,,,,,,,,,,,,,,,,,,,,,Impulse
,simple,F03339B,Panda Grey B UV 2.4M Wall Cladding,1,,visible,,,,,taxable,,1,200,3,0,0,,,,,1,,,561.89,"All Products, Hardware",,,,,,,,,,,,,,,,,,,,,,,,,,,,,,,,Impulse
,simple,F03333,Creamer Gold UV 2.4M Wall Cladding,1,,visible,,,,,taxable,,1,97,3,0,0,,,,,1,,,513.59,"All Products, Hardware",,,,,,,,,,,,,,,,,,,,,,,,,,,,,,,,Impulse
,simple,F03263,Bling Burberry,1,,visible,,,,,taxable,,1,182,3,0,0,,,,,1,,,594.09,"All Products, Hardware",,,,,,,,,,,,,,,,,,,,,,,,,,,,,,,,Bling Series
,simple,F03612-(1001),Peel & Stick Vinyl Flooring Tiles 30*30 - 1001,1,,visible,,,,,taxable,,1,10,3,0,0,,,,,1,,,307.93,"All Products, Hardware, Hardware > Building Materials",,,,,,,,,,,,,,,,,,,,,,,,,,,,,,,,ALCO
,simple,F03613-(1002),Peel & Stick Vinyl Flooring Tiles 30*30 - 1002,1,,visible,,,,,taxable,,1,10,3,0,0,,,,,1,,,307.93,"All Products, Hardware, Hardware > Building Materials",,,,,,,,,,,,,,,,,,,,,,,,,,,,,,,,ALCO
,simple,F03614-(GM3),Peel & Stick Vinyl Flooring Tiles 30*30 - GM3,1,,visible,,,,,taxable,,1,10,3,0,0,,,,,1,,,307.93,"All Products, Hardware, Hardware > Building Materials",,,,,,,,,,,,,,,,,,,,,,,,,,,,,,,,ALCO
,simple,F01773-(CL3008),Peel & Stick Vinyl Flooring Tiles 30*30 - CL3008,1,,visible,,,,,taxable,,1,10,3,0,0,,,,,1,,,307.93,"All Products, Hardware, Hardware > Building Materials",,,,,,,,,,,,,,,,,,,,,,,,,,,,,,,,ALCO
,simple,F01774-(CL3011),Peel & Stick Vinyl Flooring Tiles 30*30 - CL3011,1,,visible,,,,,taxable,,1,10,3,0,0,,,,,1,,,307.93,"All Products, Hardware, Hardware > Building Materials",,,,,,,,,,,,,,,,,,,,,,,,,,,,,,,,ALCO
,simple,F01775-(CL3021),Peel & Stick Vinyl Flooring Tiles 30*30 - CL3021,1,,visible,,,,,taxable,,1,10,3,0,0,,,,,1,,,307.93,"All Products, Hardware, Hardware > Building Materials",,,,,,,,,,,,,,,,,,,,,,,,,,,,,,,,ALCO
,simple,F01805,Tassy Stone Luxury Peel & Stick Flooring Tile,1,,visible,,,,,taxable,,1,789,3,0,0,,,,,1,,,267.18,"All Products, Hardware, Hardware > Building Materials",,,,,,,,,,,,,,,,,,,,,,,,,,,,,,,,ALCO
,simple,F01809,Tassy Grey Luxury Peel & Stick Flooring Tile,1,,visible,,,,,taxable,,1,502,3,0,0,,,,,1,,,267.18,"All Products, Hardware, Hardware > Building Materials",,,,,,,,,,,,,,,,,,,,,,,,,,,,,,,,ALCO
,simple,F01807,Tassy Bronze Luxury Peel & Stick Flooring Tile,1,,visible,,,,,taxable,,1,591,3,0,0,,,,,1,,,267.18,"All Products, Hardware, Hardware > Building Materials",,,,,,,,,,,,,,,,,,,,,,,,,,,,,,,,ALCO
,simple,F01812,Tassy Brown Luxury Peel & Stick Flooring Tile,1,,visible,,,,,taxable,,1,594,3,0,0,,,,,1,,,267.18,"All Products, Hardware, Hardware > Building Materials",,,,,,,,,,,,,,,,,,,,,,,,,,,,,,,,ALCO
,simple,F01808,Tassy Beige Luxury Peel & Stick Flooring Tile,1,,visible,,,,,taxable,,1,599,3,0,0,,,,,1,,,267.18,"All Products, Hardware, Hardware > Building Materials",,,,,,,,,,,,,,,,,,,,,,,,,,,,,,,,ALCO
,simple,F01813,Tassy Choc Luxury Peel & Stick Flooring Tile,1,,visible,,,,,taxable,,1,609,3,0,0,,,,,1,,,267.18,"All Products, Hardware, Hardware > Building Materials",,,,,,,,,,,,,,,,,,,,,,,,,,,,,,,,ALCO
,simple,F03817,Crackle Blanco,1,,visible,,,,,taxable,,1,106,3,0,0,,,,,1,,,916.09,"All Products, Homeware, Homeware > Storage & Organisation",,,,,,,,,,,,,,,,,,,,,,,,,,,,,,,,Impulse
,simple,F03816,Crackle Angel,1,,visible,,,,,taxable,,1,159,3,0,0,,,,,1,,,916.09,"All Products, Homeware, Homeware > Storage & Organisation",,,,,,,,,,,,,,,,,,,,,,,,,,,,,,,,Impulse
,simple,F03818,Crackle Swiss,1,,visible,,,,,taxable,,1,79,3,0,0,,,,,1,,,916.09,"All Products, Homeware, Homeware > Storage & Organisation",,,,,,,,,,,,,,,,,,,,,,,,,,,,,,,,Impulse
,simple,F03815,Crackle Rose,1,,visible,,,,,taxable,,1,111,3,0,0,,,,,1,,,916.09,"All Products, Homeware, Homeware > Storage & Organisation",,,,,,,,,,,,,,,,,,,,,,,,,,,,,,,,Impulse
,simple,F03824,Linear 3D,1,,visible,,,,,taxable,,1,156,3,0,0,,,,,1,,,916.09,"All Products, Hardware",,,,,,,,,,,,,,,,,,,,,,,,,,,,,,,,Impulse
,simple,F03819,Linear Smoke,1,,visible,,,,,taxable,,1,162,3,0,0,,,,,1,,,916.09,"All Products, Hardware",,,,,,,,,,,,,,,,,,,,,,,,,,,,,,,,Impulse
,simple,F03823,Linear Fantasy,1,,visible,,,,,taxable,,1,174,3,0,0,,,,,1,,,916.09,"All Products, Homeware, Homeware > Appliances, Homeware > Appliances > Small Appliances",,,,,,,,,,,,,,,,,,,,,,,,,,,,,,,,Impulse
,simple,F03820,Linear Choc,1,,visible,,,,,taxable,,1,154,3,0,0,,,,,1,,,916.09,"All Products, Hardware",,,,,,,,,,,,,,,,,,,,,,,,,,,,,,,,Impulse
,simple,F03825,Linear Calcutta,1,,visible,,,,,taxable,,1,149,3,0,0,,,,,1,,,916.09,"All Products, Hardware",,,,,,,,,,,,,,,,,,,,,,,,,,,,,,,,Impulse
,simple,F03822,Linear Silver,1,,visible,,,,,taxable,,1,145,3,0,0,,,,,1,,,1060.99,"All Products, Hardware",,,,,,,,,,,,,,,,,,,,,,,,,,,,,,,,Impulse
,simple,F03821,Linear Rose,1,,visible,,,,,taxable,,1,150,3,0,0,,,,,1,,,1060.99,"All Products, Hardware",,,,,,,,,,,,,,,,,,,,,,,,,,,,,,,,Impulse
,simple,F00096,CHN PVC Vinyl Flooring 0.50MM x 1.83M 4.28M Roll Room Size,1,,visible,,,,,taxable,,1,10,3,0,0,,,,,1,,,185.15,"All Products, Hardware",,,,,,,,,,,,,,,,,,,,,,,,,,,,,,,,Pulse
,simple,F00026,CHN PVC Vinyl Flooring 0.50MM x 1.83M 5M Roll,1,,visible,,,,,taxable,,1,10,3,0,0,,,,,1,,,201.25,"All Products, Hardware",,,,,,,,,,,,,,,,,,,,,,,,,,,,,,,,Pulse
,simple,F00024,CHN PVC Vinyl Flooring 0.50MM x 1.83M 30M Roll,1,,visible,,,,,taxable,,1,1013,3,0,0,,,,,1,,,1044.89,"All Products, Hardware",,,,,,,,,,,,,,,,,,,,,,,,,,,,,,,,Pulse
,simple,F02252,PVC Vinyl Flooring Red Back x 1.83M - 4.28M Roll Room Pack,1,,visible,,,,,taxable,,1,10,3,0,0,,,,,1,,,185.15,"All Products, Hardware",,,,,,,,,,,,,,,,,,,,,,,,,,,,,,,,Pulse
,simple,F00680,PVC Vinyl Flooring Red Back x 1.83M - 5M Roll,1,,visible,,,,,taxable,,1,10,3,0,0,,,,,1,,,207.69,"All Products, Hardware",,,,,,,,,,,,,,,,,,,,,,,,,,,,,,,,Pulse
,simple,F00679,PVC Vinyl Flooring Red Back x 1.83M - 30M Roll,1,,visible,,,,,taxable,,1,1835,3,0,0,,,,,1,,,1110.9,"All Products, Hardware",,,,,,,,,,,,,,,,,,,,,,,,,,,,,,,,Pulse
,simple,F00159,KOR 0.35MM x 1.83M PVC Vinyl Flooring 3M Roll,1,,visible,,,,,taxable,,1,10,3,0,0,,,,,1,,,94.91,"All Products, Hardware",,,,,,,,,,,,,,,,,,,,,,,,,,,,,,,,KOR
,simple,F00095,KOR 0.35MM x 1.83M PVC Vinyl Flooring 4.28M Roll Room Size,1,,visible,,,,,taxable,,1,10,3,0,0,,,,,1,,,120.67,"All Products, Hardware",,,,,,,,,,,,,,,,,,,,,,,,,,,,,,,,KOR
,simple,F00023,KOR 0.35MM x 1.83M PVC Vinyl Flooring 5M Roll,1,,visible,,,,,taxable,,1,10,3,0,0,,,,,1,,,131.94,"All Products, Hardware",,,,,,,,,,,,,,,,,,,,,,,,,,,,,,,,KOR
,simple,F00021,KOR 0.35MM x 1.83M PVC Vinyl Flooring 30M Roll,1,,visible,,,,,taxable,,1,3756,3,0,0,,,,,1,,,690.69,"All Products, Hardware",,,,,,,,,,,,,,,,,,,,,,,,,,,,,,,,KOR
,simple,F00818,PVC Vinyl Flooring Sponge Back 1.20MM x 1.83M - 4.28M Roll (Room Size),1,,visible,,,,,taxable,,1,10,3,0,0,,,,,1,,,207.69,"All Products, Hardware",,,,,,,,,,,,,,,,,,,,,,,,,,,,,,,,Impulse
,simple,F00814,PVC Vinyl Flooring Sponge Back 1.20MM x 1.83M - 5M Roll,1,,visible,,,,,taxable,,1,10,3,0,0,,,,,1,,,233.45,"All Products, Hardware",,,,,,,,,,,,,,,,,,,,,,,,,,,,,,,,Impulse
,simple,F00813,PVC Vinyl Flooring Sponge Back 1.20MM x 1.83M - 30M Roll,1,,visible,,,,,taxable,,1,1959,3,0,0,,,,,1,,,1173.69,"All Products, Hardware",,,,,,,,,,,,,,,,,,,,,,,,,,,,,,,,Impulse
,simple,F00691,Matt Embossed Series - Black,1,,visible,,,,,taxable,,1,186,3,0,0,,,,,1,,,416.99,"All Products, Hardware, Hardware > Building Materials, Homeware, Homeware > Decor",,,,,,,,,,,,,,,,,,,,,,,,,,,,,,,,ALCO
,simple,F00697,Matt Embossed Series - White G,1,,visible,,,,,taxable,,1,72,3,0,0,,,,,1,,,416.99,"All Products, Hardware, Hardware > Building Materials, Homeware, Homeware > Decor",,,,,,,,,,,,,,,,,,,,,,,,,,,,,,,,ALCO
,simple,F00698,Matt Embossed Series - Beige W,1,,visible,,,,,taxable,,1,162,3,0,0,,,,,1,,,416.99,"All Products, Hardware, Hardware > Building Materials, Homeware, Homeware > Decor",,,,,,,,,,,,,,,,,,,,,,,,,,,,,,,,ALCO
,simple,F00703,Matt Embossed Series - Grey,1,,visible,,,,,taxable,,1,104,3,0,0,,,,,1,,,416.99,"All Products, Hardware, Hardware > Building Materials, Homeware, Homeware > Decor",,,,,,,,,,,,,,,,,,,,,,,,,,,,,,,,ALCO
,simple,F00704,Matt Embossed Series - D Brown,1,,visible,,,,,taxable,,1,136,3,0,0,,,,,1,,,416.99,"All Products, Hardware, Hardware > Building Materials, Homeware, Homeware > Decor",,,,,,,,,,,,,,,,,,,,,,,,,,,,,,,,ALCO
,simple,F00614,High Gloss Series - WHT Grey,1,,visible,,,,,taxable,,1,5,3,0,0,,,,,1,,,449.19,"All Products, Hardware, Hardware > Building Materials",,,,,,,,,,,,,,,,,,,,,,,,,,,,,,,,ALCO
,simple,F00684,High Gloss Series - DRK Grey,1,,visible,,,,,taxable,,1,10,3,0,0,,,,,1,,,449.19,"All Products, Hardware, Hardware > Building Materials",,,,,,,,,,,,,,,,,,,,,,,,,,,,,,,,ALCO
,simple,F00685,High Gloss Series - LGT Beige,1,,visible,,,,,taxable,,1,85,3,0,0,,,,,1,,,449.19,"All Products, Hardware, Hardware > Building Materials",,,,,,,,,,,,,,,,,,,,,,,,,,,,,,,,ALCO
,simple,F00690,High Gloss Series - LGHT Grey,1,,visible,,,,,taxable,,1,95,3,0,0,,,,,1,,,449.19,"All Products, Hardware, Hardware > Building Materials",,,,,,,,,,,,,,,,,,,,,,,,,,,,,,,,ALCO
,simple,F00711,High Gloss Series - BLCK White,1,,visible,,,,,taxable,,1,191,3,0,0,,,,,1,,,449.19,"All Products, Hardware, Hardware > Building Materials",,,,,,,,,,,,,,,,,,,,,,,,,,,,,,,,ALCO
,simple,F03384,XTRA TUFF PVC Vinyl Flooring 0.80MM x 1.83M 5M Roll,1,,visible,,,,,taxable,,1,10,3,0,0,,,,,1,,,384.79,"All Products, Hardware",,,,,,,,,,,,,,,,,,,,,,,,,,,,,,,,XTRA TUFF
,simple,F03383,XTRA TUFF PVC Vinyl Flooring 0.80MM x 1.83M 30M Roll,1,,visible,,,,,taxable,,1,145,3,0,0,,,,,1,,,2139.69,"All Products, Hardware",,,,,,,,,,,,,,,,,,,,,,,,,,,,,,,,XTRA TUFF
,simple,F01763 - (CL1119),Peel & Stick Vinyl Flooring Tiles 30*30 - CL1119,1,,visible,,,,,taxable,,1,10,3,0,0,,,,,1,,,293.93,"All Products, Hardware, Hardware > Building Materials",,,,,,,,,,,,,,,,,,,,,,,,,,,,,,,,Impulse
,simple,F00109 - (CL7342),Peel & Stick Vinyl Flooring Tiles 30*30 - CL7342,1,,visible,,,,,taxable,,1,10,3,0,0,,,,,1,,,293.93,"All Products, Hardware, Hardware > Building Materials",,,,,,,,,,,,,,,,,,,,,,,,,,,,,,,,Impulse
,simple,F01786 - (KLD0505),Peel & Stick Vinyl Flooring Tiles 30*30 - KLD0505,1,,visible,,,,,taxable,,1,10,3,0,0,,,,,1,,,293.93,"All Products, Hardware, Hardware > Building Materials",,,,,,,,,,,,,,,,,,,,,,,,,,,,,,,,Impulse
,simple,F00119 - (CL3586),Peel & Stick Vinyl Flooring Tiles 30*30 - CL3586,1,,visible,,,,,taxable,,1,10,3,0,0,,,,,1,,,293.93,"All Products, Hardware, Hardware > Building Materials",,,,,,,,,,,,,,,,,,,,,,,,,,,,,,,,Impulse
,simple,F00111 - (CL7027),Peel & Stick Vinyl Flooring Tiles 30*30 - CL7027,1,,visible,,,,,taxable,,1,10,3,0,0,,,,,1,,,293.93,"All Products, Hardware, Hardware > Building Materials",,,,,,,,,,,,,,,,,,,,,,,,,,,,,,,,Impulse
,simple,F00118 - (CL7014),Peel & Stick Vinyl Flooring Tiles 30*30 - CL7014,1,,visible,,,,,taxable,,1,10,3,0,0,,,,,1,,,293.93,"All Products, Hardware, Hardware > Building Materials",,,,,,,,,,,,,,,,,,,,,,,,,,,,,,,,Impulse
,simple,F01777 - (CL2024),Peel & Stick Vinyl Flooring Tiles 30*30 - CL2024 (Coming Soon),1,,visible,,,,,taxable,,1,10,3,0,0,,,,,1,,,293.93,"All Products, Hardware, Hardware > Building Materials",,,,,,,,,,,,,,,,,,,,,,,,,,,,,,,,Impulse
,simple,F01764 - (CL2045),Peel & Stick Vinyl Flooring Tiles 30*30 - CL2045,1,,visible,,,,,taxable,,1,10,3,0,0,,,,,1,,,293.93,"All Products, Hardware, Hardware > Building Materials",,,,,,,,,,,,,,,,,,,,,,,,,,,,,,,,Impulse
,simple,F01765 - (CL2062),Peel & Stick Vinyl Flooring Tiles 30*30 - CL2062,1,,visible,,,,,taxable,,1,10,3,0,0,,,,,1,,,293.93,"All Products, Hardware, Hardware > Building Materials",,,,,,,,,,,,,,,,,,,,,,,,,,,,,,,,Impulse
,simple,F01762 - (KLD0207-1),Peel & Stick Vinyl Flooring Tiles 30*30 - KLD0207-1,1,,visible,,,,,taxable,,1,10,3,0,0,,,,,1,,,293.93,"All Products, Hardware, Hardware > Building Materials",,,,,,,,,,,,,,,,,,,,,,,,,,,,,,,,Impulse
,simple,F01778 - (CL7061),Peel & Stick Vinyl Flooring Tiles 30*30 - CL7061,1,,visible,,,,,taxable,,1,10,3,0,0,,,,,1,,,293.93,"All Products, Hardware, Hardware > Building Materials",,,,,,,,,,,,,,,,,,,,,,,,,,,,,,,,Impulse
,simple,F01772 - (CL2829),Peel & Stick Vinyl Flooring Tiles 30*30 - CL2829,1,,visible,,,,,taxable,,1,10,3,0,0,,,,,1,,,293.93,"All Products, Hardware, Hardware > Building Materials",,,,,,,,,,,,,,,,,,,,,,,,,,,,,,,,Impulse
,simple,F01768 - (CL2071),Peel & Stick Vinyl Flooring Tiles 30*30 - CL2071,1,,visible,,,,,taxable,,1,10,3,0,0,,,,,1,,,293.93,"All Products, Hardware, Hardware > Building Materials",,,,,,,,,,,,,,,,,,,,,,,,,,,,,,,,Impulse
,simple,F01783 - (KL0718),Peel & Stick Vinyl Flooring Tiles 30*30 - KL0718,1,,visible,,,,,taxable,,1,10,3,0,0,,,,,1,,,293.93,"All Products, Hardware, Hardware > Building Materials",,,,,,,,,,,,,,,,,,,,,,,,,,,,,,,,Impulse
,simple,F01788 - (CL2014),Peel & Stick Vinyl Flooring Tiles 30*30 - CL2014,1,,visible,,,,,taxable,,1,10,3,0,0,,,,,1,,,293.93,"All Products, Hardware, Hardware > Building Materials",,,,,,,,,,,,,,,,,,,,,,,,,,,,,,,,Impulse
,simple,F01789 - (CL1006),Peel & Stick Vinyl Flooring Tiles 30*30 - CL1006,1,,visible,,,,,taxable,,1,10,3,0,0,,,,,1,,,293.93,"All Products, Hardware, Hardware > Building Materials",,,,,,,,,,,,,,,,,,,,,,,,,,,,,,,,Impulse
,simple,F01790 - (KLD0105),Peel & Stick Vinyl Flooring Tiles 30*30 - KLD0105,1,,visible,,,,,taxable,,1,10,3,0,0,,,,,1,,,293.93,"All Products, Hardware, Hardware > Building Materials",,,,,,,,,,,,,,,,,,,,,,,,,,,,,,,,Impulse
,simple,F01771 - (CL2821),Peel & Stick Vinyl Flooring Tiles 30*30 - CL2821,1,,visible,,,,,taxable,,1,10,3,0,0,,,,,1,,,293.93,"All Products, Hardware, Hardware > Building Materials",,,,,,,,,,,,,,,,,,,,,,,,,,,,,,,,Impulse
,simple,F02373,PS Cornice 2M x 10CM T2408 White,1,,visible,,,,,taxable,,1,112,3,0,0,,,,,1,,,100.46,"All Products, Hardware",,,,,,,,,,,,,,,,,,,,,,,,,,,,,,,,Impulse
,simple,F02374,PS Cornice 2M x 10CM T2308 White,1,,visible,,,,,taxable,,1,10,3,0,0,,,,,1,,,100.46,"All Products, Hardware",,,,,,,,,,,,,,,,,,,,,,,,,,,,,,,,Impulse
,simple,F02379,PS Cornice 2M x 10CM T2450 Off White,1,,visible,,,,,taxable,,1,10,3,0,0,,,,,1,,,100.46,"All Products, Hardware",,,,,,,,,,,,,,,,,,,,,,,,,,,,,,,,Impulse
,simple,F02380,PS Cornice 2M x 10CM T2350 Off White,1,,visible,,,,,taxable,,1,33,3,0,0,,,,,1,,,100.46,"All Products, Hardware",,,,,,,,,,,,,,,,,,,,,,,,,,,,,,,,Impulse
,simple,F02385,PS Cornice 2M x 10CM T2411 Cream,1,,visible,,,,,taxable,,1,192,3,0,0,,,,,1,,,100.46,"All Products, Hardware",,,,,,,,,,,,,,,,,,,,,,,,,,,,,,,,Impulse
,simple,F02386,PS Cornice 2M x 10CM T2311 Cream,1,,visible,,,,,taxable,,1,384,3,0,0,,,,,1,,,100.46,"All Products, Hardware",,,,,,,,,,,,,,,,,,,,,,,,,,,,,,,,Impulse
,simple,F02375,PS Cornice 2M x 10CM T2108 White,1,,visible,,,,,taxable,,1,267,3,0,0,,,,,1,,,100.46,"All Products, Hardware",,,,,,,,,,,,,,,,,,,,,,,,,,,,,,,,Impulse
,simple,F02376,PS Cornice 2M x 10CM T1908 White,1,,visible,,,,,taxable,,1,10,3,0,0,,,,,1,,,100.46,"All Products, Hardware",,,,,,,,,,,,,,,,,,,,,,,,,,,,,,,,Impulse
,simple,F02381,PS Cornice 2M x 10CM T2150 Off White,1,,visible,,,,,taxable,,1,12,3,0,0,,,,,1,,,100.46,"All Products, Hardware",,,,,,,,,,,,,,,,,,,,,,,,,,,,,,,,Impulse
,simple,F02382,PS Cornice 2M x 10CM T1950 Off White,1,,visible,,,,,taxable,,1,4,3,0,0,,,,,1,,,100.46,"All Products, Hardware",,,,,,,,,,,,,,,,,,,,,,,,,,,,,,,,Impulse
,simple,F02387,PS Cornice 2M x 10CM T2111 Cream,1,,visible,,,,,taxable,,1,4,3,0,0,,,,,1,,,100.46,"All Products, Hardware",,,,,,,,,,,,,,,,,,,,,,,,,,,,,,,,Impulse
,simple,F02388,PS Cornice 2M x 10CM T1911 Cream,1,,visible,,,,,taxable,,1,13,3,0,0,,,,,1,,,100.46,"All Products, Hardware",,,,,,,,,,,,,,,,,,,,,,,,,,,,,,,,Impulse
,simple,F02377,PS Cornice 2M x 10CM T1808 White,1,,visible,,,,,taxable,,1,10,3,0,0,,,,,1,,,100.46,"All Products, Hardware",,,,,,,,,,,,,,,,,,,,,,,,,,,,,,,,Impulse
,simple,F02378,PS Cornice 2M x 10CM T1708 White,1,,visible,,,,,taxable,,1,517,3,0,0,,,,,1,,,100.46,"All Products, Hardware",,,,,,,,,,,,,,,,,,,,,,,,,,,,,,,,Impulse
,simple,F02383,PS Cornice 2M x 10CM T1850 Off White,1,,visible,,,,,taxable,,1,10,3,0,0,,,,,1,,,100.46,"All Products, Hardware",,,,,,,,,,,,,,,,,,,,,,,,,,,,,,,,Impulse
,simple,F02384,PS Cornice 2M x 10CM T1750 Off White,1,,visible,,,,,taxable,,1,10,3,0,0,,,,,1,,,100.46,"All Products, Hardware",,,,,,,,,,,,,,,,,,,,,,,,,,,,,,,,Impulse
,simple,F02389,PS Cornice 2M x 10CM T1811 Cream,1,,visible,,,,,taxable,,1,10,3,0,0,,,,,1,,,100.46,"All Products, Hardware",,,,,,,,,,,,,,,,,,,,,,,,,,,,,,,,Impulse
,simple,F02390,PS Cornice 2M x 10CM T1711 Cream,1,,visible,,,,,taxable,,1,10,3,0,0,,,,,1,,,100.46,"All Products, Hardware",,,,,,,,,,,,,,,,,,,,,,,,,,,,,,,,Impulse
,simple,F02770,PS Cornice 2M x 10CM 1508 White,1,,visible,,,,,taxable,,1,10,3,0,0,,,,,1,,,96.28,"All Products, Hardware",,,,,,,,,,,,,,,,,,,,,,,,,,,,,,,,Impulse
,simple,F02765,PS Cornice 2M x 10CM 1408 White,1,,visible,,,,,taxable,,1,10,3,0,0,,,,,1,,,96.28,"All Products, Hardware",,,,,,,,,,,,,,,,,,,,,,,,,,,,,,,,Impulse
,simple,F02771,PS Cornice 2M x 10CM 1550 Off White,1,,visible,,,,,taxable,,1,10,3,0,0,,,,,1,,,96.28,"All Products, Hardware",,,,,,,,,,,,,,,,,,,,,,,,,,,,,,,,Impulse
,simple,F02766,PS Cornice 2M x 10CM 1450 Off White,1,,visible,,,,,taxable,,1,10,3,0,0,,,,,1,,,96.28,"All Products, Hardware",,,,,,,,,,,,,,,,,,,,,,,,,,,,,,,,Impulse
,simple,F02767,PS Cornice 2M x 10CM 1511 Cream,1,,visible,,,,,taxable,,1,36,3,0,0,,,,,1,,,96.28,"All Products, Hardware",,,,,,,,,,,,,,,,,,,,,,,,,,,,,,,,Impulse
,simple,F02772,PS Cornice 2M x 10CM 1411 Cream,1,,visible,,,,,taxable,,1,302,3,0,0,,,,,1,,,96.28,"All Products, Hardware",,,,,,,,,,,,,,,,,,,,,,,,,,,,,,,,Impulse
,simple,F02392,PS Cornice 2M x 10CM T23WS White Silver,1,,visible,,,,,taxable,,1,10,3,0,0,,,,,1,,,111.67,"All Products, Hardware",,,,,,,,,,,,,,,,,,,,,,,,,,,,,,,,Impulse
,simple,F02395,PS Cornice 2M x 10CM T18WS White Silver,1,,visible,,,,,taxable,,1,18,3,0,0,,,,,1,,,111.67,"All Products, Hardware",,,,,,,,,,,,,,,,,,,,,,,,,,,,,,,,Impulse
,simple,F02398,PS Cornice 2M x 10CM T23WG White Gold,1,,visible,,,,,taxable,,1,16,3,0,0,,,,,1,,,111.67,"All Products, Hardware",,,,,,,,,,,,,,,,,,,,,,,,,,,,,,,,Impulse
,simple,F02401,PS Cornice 2M x 10CM T18WG White Gold,1,,visible,,,,,taxable,,1,10,3,0,0,,,,,1,,,111.67,"All Products, Hardware",,,,,,,,,,,,,,,,,,,,,,,,,,,,,,,,Impulse
,simple,F02404,PS Cornice 2M x 10CM T23S Silver,1,,visible,,,,,taxable,,1,10,3,0,0,,,,,1,,,111.67,"All Products, Hardware",,,,,,,,,,,,,,,,,,,,,,,,,,,,,,,,Impulse
,simple,F02407,PS Cornice 2M x 10CM T18S Silver,1,,visible,,,,,taxable,,1,10,3,0,0,,,,,1,,,111.67,"All Products, Hardware",,,,,,,,,,,,,,,,,,,,,,,,,,,,,,,,Impulse
,simple,F02410,PS Cornice 2M x 10CM T23LG Light Gold,1,,visible,,,,,taxable,,1,32,3,0,0,,,,,1,,,111.67,"All Products, Hardware, Hardware > Lighting",,,,,,,,,,,,,,,,,,,,,,,,,,,,,,,,Impulse
,simple,F02411,PS Cornice 2M x 10CM T18LG Light Gold,1,,visible,,,,,taxable,,1,58,3,0,0,,,,,1,,,111.67,"All Products, Hardware, Hardware > Lighting",,,,,,,,,,,,,,,,,,,,,,,,,,,,,,,,Impulse
,simple,F02396,PS Cornice 2M x 10CM T17WS White Silver,1,,visible,,,,,taxable,,1,10,3,0,0,,,,,1,,,111.67,"All Products, Hardware",,,,,,,,,,,,,,,,,,,,,,,,,,,,,,,,Impulse
,simple,F02408,PS Cornice 2M x 10CM T17S Silver,1,,visible,,,,,taxable,,1,342,3,0,0,,,,,1,,,111.67,"All Products, Hardware",,,,,,,,,,,,,,,,,,,,,,,,,,,,,,,,Impulse
,simple,F02402,PS Cornice 2M x 10CM T17WG White Gold,1,,visible,,,,,taxable,,1,18,3,0,0,,,,,1,,,111.67,"All Products, Hardware",,,,,,,,,,,,,,,,,,,,,,,,,,,,,,,,Impulse
,simple,F02412,PS Cornice 2M x 10CM T17LG Light Gold,1,,visible,,,,,taxable,,1,198,3,0,0,,,,,1,,,111.67,"All Products, Hardware, Hardware > Lighting",,,,,,,,,,,,,,,,,,,,,,,,,,,,,,,,Impulse
,simple,F03832,EPS Cornices 2M B01 White,1,,visible,,,,,taxable,,1,10,3,0,0,,,,,1,,,32.12,"All Products, Hardware",,,,,,,,,,,,,,,,,,,,,,,,,,,,,,,,Impulse
,simple,F03833,EPS Cornices 2M B02 White,1,,visible,,,,,taxable,,1,160,3,0,0,,,,,1,,,32.12,"All Products, Hardware",,,,,,,,,,,,,,,,,,,,,,,,,,,,,,,,Impulse
,simple,F03834,EPS Cornices 2M B03 White,1,,visible,,,,,taxable,,1,10,3,0,0,,,,,1,,,32.12,"All Products, Hardware",,,,,,,,,,,,,,,,,,,,,,,,,,,,,,,,Impulse
,simple,F03835,EPS Cornices 2M B05 White,1,,visible,,,,,taxable,,1,10,3,0,0,,,,,1,,,32.12,"All Products, Hardware",,,,,,,,,,,,,,,,,,,,,,,,,,,,,,,,Impulse
,simple,F03836,EPS Cornices 2M B06 White,1,,visible,,,,,taxable,,1,10,3,0,0,,,,,1,,,32.12,"All Products, Hardware",,,,,,,,,,,,,,,,,,,,,,,,,,,,,,,,Impulse
,simple,F03837,EPS Cornices 2M B07 White,1,,visible,,,,,taxable,,1,10,3,0,0,,,,,1,,,32.12,"All Products, Hardware",,,,,,,,,,,,,,,,,,,,,,,,,,,,,,,,Impulse
,simple,F03839,EPS Cornices 2M B08 White,1,,visible,,,,,taxable,,1,10,3,0,0,,,,,1,,,32.12,"All Products, Hardware",,,,,,,,,,,,,,,,,,,,,,,,,,,,,,,,Impulse
,simple,F03838,EPS Cornices 2M B12 White,1,,visible,,,,,taxable,,1,384,3,0,0,,,,,1,,,32.12,"All Products, Hardware",,,,,,,,,,,,,,,,,,,,,,,,,,,,,,,,Impulse
,simple,F03840,EPS Cornices 2M B14 White,1,,visible,,,,,taxable,,1,10,3,0,0,,,,,1,,,32.12,"All Products, Hardware",,,,,,,,,,,,,,,,,,,,,,,,,,,,,,,,Impulse
,simple,F03828,EPS Cornices 2M B02 White Silver,1,,visible,,,,,taxable,,1,10,3,0,0,,,,,1,,,43.39,"All Products, Hardware",,,,,,,,,,,,,,,,,,,,,,,,,,,,,,,,Impulse
,simple,F03830,EPS Cornices 2M B02 White Gold,1,,visible,,,,,taxable,,1,10,3,0,0,,,,,1,,,43.39,"All Products, Hardware",,,,,,,,,,,,,,,,,,,,,,,,,,,,,,,,Impulse
,simple,F03829,EPS Cornices 2M B04 White Silver,1,,visible,,,,,taxable,,1,10,3,0,0,,,,,1,,,43.39,"All Products, Hardware",,,,,,,,,,,,,,,,,,,,,,,,,,,,,,,,Impulse
,simple,F03831,EPS Cornices 2M B04 White Gold,1,,visible,,,,,taxable,,1,10,3,0,0,,,,,1,,,43.39,"All Products, Hardware",,,,,,,,,,,,,,,,,,,,,,,,,,,,,,,,Impulse
,simple,F02847,OLIVIA EPS Cornice (Turkish) 2MTR (TR-03),1,,visible,,,,,taxable,,1,10,3,0,0,,,,,1,,,32.12,"All Products, Hardware",,,,,,,,,,,,,,,,,,,,,,,,,,,,,,,,Impulse
,simple,F02850,VERSACE EPS Cornice (Turkish) 2MTR (TR-02),1,,visible,,,,,taxable,,1,10,3,0,0,,,,,1,,,32.12,"All Products, Hardware",,,,,,,,,,,,,,,,,,,,,,,,,,,,,,,,Impulse
,simple,F02849,TAC EPS Cornice (Turkish) 2MTR (TR-09),1,,visible,,,,,taxable,,1,60,3,0,0,,,,,1,,,32.12,"All Products, Hardware",,,,,,,,,,,,,,,,,,,,,,,,,,,,,,,,Impulse
,simple,F02848,OLIVIET EPS Cornice (Turkish) 2MTR (TR-07),1,,visible,,,,,taxable,,1,89,3,0,0,,,,,1,,,32.12,"All Products, Hardware",,,,,,,,,,,,,,,,,,,,,,,,,,,,,,,,Impulse
,simple,F02853,SARMASIK EPS Cornice (Turkish) 2MTR (TR-06),1,,visible,,,,,taxable,,1,10,3,0,0,,,,,1,,,32.12,"All Products, Hardware",,,,,,,,,,,,,,,,,,,,,,,,,,,,,,,,Impulse
,simple,F03009,VIONA EPS Cornice (Turkish) 2MTR (TR-04),1,,visible,,,,,taxable,,1,10,3,0,0,,,,,1,,,32.12,"All Products, Hardware",,,,,,,,,,,,,,,,,,,,,,,,,,,,,,,,Impulse
,simple,F03010,FLORYA EPS Cornice (Turkish) 2MTR (TR-10),1,,visible,,,,,taxable,,1,29,3,0,0,,,,,1,,,32.12,"All Products, Hardware",,,,,,,,,,,,,,,,,,,,,,,,,,,,,,,,Impulse
,simple,F03011,ESIN EPS Cornice (Turkish) 2MTR (TR-),1,,visible,,,,,taxable,,1,10,3,0,0,,,,,1,,,32.12,"All Products, Hardware",,,,,,,,,,,,,,,,,,,,,,,,,,,,,,,,Impulse
,simple,F03012,VENEDIK EPS Cornice (Turkish) 2MTR (TR-01),1,,visible,,,,,taxable,,1,102,3,0,0,,,,,1,,,32.12,"All Products, Hardware",,,,,,,,,,,,,,,,,,,,,,,,,,,,,,,,Impulse
,simple,F02852,EPS (Turkish) Dadoo Rail 2M (TDR-04),1,,visible,,,,,taxable,,1,10,3,0,0,,,,,1,,,30.51,"All Products, Hardware",,,,,,,,,,,,,,,,,,,,,,,,,,,,,,,,Impulse
,simple,F02851,EPS (Turkish) Dadoo Rail 2M (TDR-01),1,,visible,,,,,taxable,,1,200,3,0,0,,,,,1,,,30.51,"All Products, Hardware",,,,,,,,,,,,,,,,,,,,,,,,,,,,,,,,Impulse
,simple,F02773,F02773 - (15WS) #6009705656547 WHITE SILVER,1,,visible,,,,,taxable,,1,10,3,0,0,,,,,1,,,105.23,"All Products, Hardware",,,,,,,,,,,,,,,,,,,,,,,,,,,,,,,,Impulse
,simple,F02768,F02768 - (14WS) #6009705656493 WHITE SILVER,1,,visible,,,,,taxable,,1,10,3,0,0,,,,,1,,,105.23,"All Products, Hardware",,,,,,,,,,,,,,,,,,,,,,,,,,,,,,,,Impulse
,simple,F02774,F02774 - (15WG) #6009705656554 WHITE GOLD,1,,visible,,,,,taxable,,1,10,3,0,0,,,,,1,,,105.23,"All Products, Hardware",,,,,,,,,,,,,,,,,,,,,,,,,,,,,,,,Impulse
,simple,F02769,F02769 - (14WG) #6009705656509 WHITE GOLD,1,,visible,,,,,taxable,,1,10,3,0,0,,,,,1,,,105.23,"All Products, Hardware",,,,,,,,,,,,,,,,,,,,,,,,,,,,,,,,Impulse
,simple,F02391,F02391 - (T24WS) #6009705656240 WHITE SILVER,1,,visible,,,,,taxable,,1,16,3,0,0,,,,,1,,,111.67,"All Products, Hardware",,,,,,,,,,,,,,,,,,,,,,,,,,,,,,,,Impulse
,simple,F02393,F02393 - (T21WS) #6009705656264 WHITE SILVER,1,,visible,,,,,taxable,,1,10,3,0,0,,,,,1,,,111.67,"All Products, Hardware",,,,,,,,,,,,,,,,,,,,,,,,,,,,,,,,Impulse
,simple,F02397,F02397 - (T24WG) #6009705656301 WHITE GOLD,1,,visible,,,,,taxable,,1,10,3,0,0,,,,,1,,,111.67,"All Products, Hardware",,,,,,,,,,,,,,,,,,,,,,,,,,,,,,,,Impulse
,simple,F02399,F02399 - (T21WG) #6009705656325 WHITE GOLD,1,,visible,,,,,taxable,,1,4,3,0,0,,,,,1,,,111.67,"All Products, Hardware",,,,,,,,,,,,,,,,,,,,,,,,,,,,,,,,Impulse
,simple,F02403,F02403 - (T24S) #6009705656363 SILVER,1,,visible,,,,,taxable,,1,10,3,0,0,,,,,1,,,111.67,"All Products, Hardware",,,,,,,,,,,,,,,,,,,,,,,,,,,,,,,,Impulse
,simple,F02405,F02405 - (T21S) #6009705656387 SILVER,1,,visible,,,,,taxable,,1,4,3,0,0,,,,,1,,,111.67,"All Products, Hardware",,,,,,,,,,,,,,,,,,,,,,,,,,,,,,,,Impulse
,simple,F02409,F02409 - (T24LG) #6009705656424 LIGHT GOLD,1,,visible,,,,,taxable,,1,48,3,0,0,,,,,1,,,111.67,"All Products, Hardware, Hardware > Lighting",,,,,,,,,,,,,,,,,,,,,,,,,,,,,,,,Impulse
,simple,F02406,F02406 - (T19S) #6009705656394 SILVER,1,,visible,,,,,taxable,,1,10,3,0,0,,,,,1,,,111.67,"All Products, Hardware",,,,,,,,,,,,,,,,,,,,,,,,,,,,,,,,Impulse
,simple,F02394,F02394 - (T19WS) #6009705656271 WHITE SILVER,1,,visible,,,,,taxable,,1,10,3,0,0,,,,,1,,,111.67,"All Products, Hardware",,,,,,,,,,,,,,,,,,,,,,,,,,,,,,,,Impulse
,simple,F02400,F02400 - (T19WG) #6009705656332 WHITE GOLD,1,,visible,,,,,taxable,,1,10,3,0,0,,,,,1,,,111.67,"All Products, Hardware",,,,,,,,,,,,,,,,,,,,,,,,,,,,,,,,Impulse
,simple,F03826,F03826 - (T22WS) #5902023706004 WHITE SILVER,1,,visible,,,,,taxable,,1,10,3,0,0,,,,,1,,,105.23,"All Products, Hardware",,,,,,,,,,,,,,,,,,,,,,,,,,,,,,,,Impulse
,simple,F03827,F03827 - (T25WS) #5902023706104 WHITE SILVER,1,,visible,,,,,taxable,,1,10,3,0,0,,,,,1,,,105.23,"All Products, Hardware",,,,,,,,,,,,,,,,,,,,,,,,,,,,,,,,Impulse
,simple,F02653,M1 - WHITE 2.4M x 5CM WIDTH DADOO RAIL PU CORNICE,1,,visible,,,,,taxable,,1,1536,3,0,0,,,,,1,,,68.1,"All Products, Hardware",,,,,,,,,,,,,,,,,,,,,,,,,,,,,,,,IMPULSE
,simple,F02655,M1S - SILVER 2.4M x 5CM WIDTH DADOO RAIL PU CORNICE,1,,visible,,,,,taxable,,1,672,3,0,0,,,,,1,,,81.95,"All Products, Hardware",,,,,,,,,,,,,,,,,,,,,,,,,,,,,,,,IMPULSE
,simple,F02657,M1G - GOLD 2.4M x 5CM WIDTH DADOO RAIL PU CORNICE,1,,visible,,,,,taxable,,1,1536,3,0,0,,,,,1,,,81.95,"All Products, Hardware",,,,,,,,,,,,,,,,,,,,,,,,,,,,,,,,IMPULSE
,simple,F02654,M3 - WHITE 2.4M x 5.2CM WIDTH DADOO RAIL PU CORNICE,1,,visible,,,,,taxable,,1,4,3,0,0,,,,,1,,,68.1,"All Products, Hardware",,,,,,,,,,,,,,,,,,,,,,,,,,,,,,,,IMPULSE
,simple,F02656,M3S - SILVER 2.4M x 5.2CM WIDTH DADOO RAIL PU CORNICE,1,,visible,,,,,taxable,,1,104,3,0,0,,,,,1,,,81.95,"All Products, Hardware",,,,,,,,,,,,,,,,,,,,,,,,,,,,,,,,IMPULSE
,simple,F02658,M3G - GOLD 2.4M x 5.2CM WIDTH DADOO RAIL PU CORNICE,1,,visible,,,,,taxable,,1,764,3,0,0,,,,,1,,,81.95,"All Products, Hardware",,,,,,,,,,,,,,,,,,,,,,,,,,,,,,,,IMPULSE
,simple,F02659,M21 - WHITE 2.4M x 10CM WIDTH PU CORNICE,1,,visible,,,,,taxable,,1,10,3,0,0,,,,,1,,,102.88,"All Products, Hardware",,,,,,,,,,,,,,,,,,,,,,,,,,,,,,,,IMPULSE
,simple,F02661,M21S - SILVER 2.4M x 10CM WIDTH PU CORNICE,1,,visible,,,,,taxable,,1,10,3,0,0,,,,,1,,,119.94,"All Products, Hardware",,,,,,,,,,,,,,,,,,,,,,,,,,,,,,,,IMPULSE
,simple,F02663,M21G - GOLD 2.4M x 10CM WIDTH PU CORNICE,1,,visible,,,,,taxable,,1,10,3,0,0,,,,,1,,,119.94,"All Products, Hardware",,,,,,,,,,,,,,,,,,,,,,,,,,,,,,,,IMPULSE
,simple,F02660,M22 - WHITE 2.4M x 13.5CM WIDTH PU CORNICE,1,,visible,,,,,taxable,,1,10,3,0,0,,,,,1,,,110.93,"All Products, Hardware",,,,,,,,,,,,,,,,,,,,,,,,,,,,,,,,IMPULSE
,simple,F02662,M22S - SILVER 2.4M x 13.5CM WIDTH PU CORNICE,1,,visible,,,,,taxable,,1,10,3,0,0,,,,,1,,,127.03,"All Products, Hardware",,,,,,,,,,,,,,,,,,,,,,,,,,,,,,,,IMPULSE
,simple,F02664,M22G - 1GOLD 2.4M x 13.5CM WIDTH PU CORNICE,1,,visible,,,,,taxable,,1,10,3,0,0,,,,,1,,,127.03,"All Products, Hardware",,,,,,,,,,,,,,,,,,,,,,,,,,,,,,,,IMPULSE
,simple,F02687,60CM Medalion PU Cornice 60CM-White LH60,1,,visible,,,,,taxable,,1,2,3,0,0,,,,,1,,,136.04,"All Products, Hardware",,,,,,,,,,,,,,,,,,,,,,,,,,,,,,,,Impulse
,simple,F02688,60CM Medalion PU Cornice 60CM-Silver LH60S,1,,visible,,,,,taxable,,1,4,3,0,0,,,,,1,,,164.22,"All Products, Hardware",,,,,,,,,,,,,,,,,,,,,,,,,,,,,,,,Impulse
,simple,F02689,60CM Medalion PU Cornice 60CM-Gold LH60G,1,,visible,,,,,taxable,,1,10,3,0,0,,,,,1,,,164.22,"All Products, Hardware",,,,,,,,,,,,,,,,,,,,,,,,,,,,,,,,Impulse
,simple,F02690,60CM Square Medalion PU Cornice 60CM-White LH70,1,,visible,,,,,taxable,,1,2,3,0,0,,,,,1,,,167.44,"All Products, Hardware",,,,,,,,,,,,,,,,,,,,,,,,,,,,,,,,Impulse
,simple,F02691,60CM Square Medalion PU Cornice 60CM-Silver LH70S,1,,visible,,,,,taxable,,1,7,3,0,0,,,,,1,,,197.22,"All Products, Hardware",,,,,,,,,,,,,,,,,,,,,,,,,,,,,,,,Impulse
,simple,F02692,60CM Square Medalion PU Cornice 60CM-Gold LH70G,1,,visible,,,,,taxable,,1,10,3,0,0,,,,,1,,,197.22,"All Products, Hardware",,,,,,,,,,,,,,,,,,,,,,,,,,,,,,,,Impulse
,simple,F02665,M23 - WHITE 2.4M x 12CM WIDTH PU CORNICE,1,,visible,,,,,taxable,,1,10,3,0,0,,,,,1,,,100.62,"All Products, Hardware",,,,,,,,,,,,,,,,,,,,,,,,,,,,,,,,IMPULSE
,simple,F02667,M23S - SILVER 2.4M x 12CM WIDTH PU CORNICE,1,,visible,,,,,taxable,,1,10,3,0,0,,,,,1,,,117.37,"All Products, Hardware",,,,,,,,,,,,,,,,,,,,,,,,,,,,,,,,IMPULSE
,simple,F02669,M23G - GOLD 2.4M x 12CM WIDTH PU CORNICE,1,,visible,,,,,taxable,,1,10,3,0,0,,,,,1,,,117.37,"All Products, Hardware",,,,,,,,,,,,,,,,,,,,,,,,,,,,,,,,IMPULSE
,simple,F02666,M24 - WHITE 2.4M x 12CM WIDTH PU CORNICE,1,,visible,,,,,taxable,,1,10,3,0,0,,,,,1,,,101.27,"All Products, Hardware",,,,,,,,,,,,,,,,,,,,,,,,,,,,,,,,IMPULSE
,simple,F02668,M24S - SILVER 2.4M x 12CM WIDTH PU CORNICE,1,,visible,,,,,taxable,,1,10,3,0,0,,,,,1,,,117.37,"All Products, Hardware",,,,,,,,,,,,,,,,,,,,,,,,,,,,,,,,IMPULSE
,simple,F02670,M24G - GOLD 2.4M x 12CM WIDTH PU CORNICE,1,,visible,,,,,taxable,,1,10,3,0,0,,,,,1,,,117.37,"All Products, Hardware",,,,,,,,,,,,,,,,,,,,,,,,,,,,,,,,IMPULSE
,simple,F02671,M25 - WHITE 2.4M x 13CM WIDTH PU CORNICE,1,,visible,,,,,taxable,,1,10,3,0,0,,,,,1,,,102.88,"All Products, Hardware",,,,,,,,,,,,,,,,,,,,,,,,,,,,,,,,IMPULSE
,simple,F02673,M25S - SILVER 2.4M x 13CM WIDTH PU CORNICE,1,,visible,,,,,taxable,,1,10,3,0,0,,,,,1,,,119.94,"All Products, Hardware",,,,,,,,,,,,,,,,,,,,,,,,,,,,,,,,IMPULSE
,simple,F02675,M25G - GOLD 2.4M x 13CM WIDTH PU CORNICE,1,,visible,,,,,taxable,,1,10,3,0,0,,,,,1,,,119.94,"All Products, Hardware",,,,,,,,,,,,,,,,,,,,,,,,,,,,,,,,IMPULSE
,simple,F02672,M26 - WHITE 2.4M x 11CM WIDTH PU CORNICE,1,,visible,,,,,taxable,,1,10,3,0,0,,,,,1,,,101.27,"All Products, Hardware",,,,,,,,,,,,,,,,,,,,,,,,,,,,,,,,IMPULSE
,simple,F02674,M26S - SILVER 2.4M x 11CM WIDTH PU CORNICE,1,,visible,,,,,taxable,,1,10,3,0,0,,,,,1,,,117.37,"All Products, Hardware",,,,,,,,,,,,,,,,,,,,,,,,,,,,,,,,IMPULSE
,simple,F02676,M26G - GOLD 2.4M x 11CM WIDTH PU CORNICE,1,,visible,,,,,taxable,,1,10,3,0,0,,,,,1,,,117.37,"All Products, Hardware",,,,,,,,,,,,,,,,,,,,,,,,,,,,,,,,IMPULSE
,simple,F02677,M27 - WHITE PU Cornice 2.4M x 13CM,1,,visible,,,,,taxable,,1,10,3,0,0,,,,,1,,,104.65,"All Products, Hardware",,,,,,,,,,,,,,,,,,,,,,,,,,,,,,,,Impulse
,simple,F02679,M27S - SILVER PU Cornice 2.4M x 13CM,1,,visible,,,,,taxable,,1,10,3,0,0,,,,,1,,,122.2,"All Products, Hardware",,,,,,,,,,,,,,,,,,,,,,,,,,,,,,,,Impulse
,simple,F02681,M27G - GOLD PU Cornice 2.4M x 13CM,1,,visible,,,,,taxable,,1,10,3,0,0,,,,,1,,,122.2,"All Products, Hardware",,,,,,,,,,,,,,,,,,,,,,,,,,,,,,,,Impulse
,simple,F02678,M28 - WHITE PU Cornice 2.4M x 10CM,1,,visible,,,,,taxable,,1,2,3,0,0,,,,,1,,,101.27,"All Products, Hardware",,,,,,,,,,,,,,,,,,,,,,,,,,,,,,,,Impulse
,simple,F02680,M28S - SILVER PU Cornice 2.4M x 10CM,1,,visible,,,,,taxable,,1,10,3,0,0,,,,,1,,,117.37,"All Products, Hardware",,,,,,,,,,,,,,,,,,,,,,,,,,,,,,,,Impulse
,simple,F02682,M28G - GOLD PU Cornice 2.4M x 10CM,1,,visible,,,,,taxable,,1,10,3,0,0,,,,,1,,,117.37,"All Products, Hardware",,,,,,,,,,,,,,,,,,,,,,,,,,,,,,,,Impulse
,simple,F02683,M29 - WHITE PU Cornice 2.4M x 13CM,1,,visible,,,,,taxable,,1,10,3,0,0,,,,,1,,,83.72,"All Products, Hardware",,,,,,,,,,,,,,,,,,,,,,,,,,,,,,,,Impulse
,simple,F02684,M29S - SILVER PU Cornice 2.4M x 13CM,1,,visible,,,,,taxable,,1,10,3,0,0,,,,,1,,,102.88,"All Products, Hardware",,,,,,,,,,,,,,,,,,,,,,,,,,,,,,,,Impulse
,simple,F02685,M29G - GOLD PU Cornice 2.4M x 13CM,1,,visible,,,,,taxable,,1,10,3,0,0,,,,,1,,,102.88,"All Products, Hardware",,,,,,,,,,,,,,,,,,,,,,,,,,,,,,,,Impulse
,simple,F02686,M33 - WHITE PU Cornice 2.4M x 8CM,1,,visible,,,,,taxable,,1,10,3,0,0,,,,,1,,,99.82,"All Products, Hardware",,,,,,,,,,,,,,,,,,,,,,,,,,,,,,,,Impulse
,simple,F02055,"Gallery 6"" Porcelain",1,,visible,,,,,taxable,,1,3,3,0,0,,,,,1,,,20.91,"All Products, Hardware, Hardware > Lighting",,,,,,,,,,,,,,,,,,,,,,,,,,,,,,,,Impulse
,simple,F04004,Globe LED 7W B22 Pin Type 10's -A60,1,,visible,,,,,taxable,,1,10,3,0,0,,,,,1,,,89.95,"All Products, Hardware",,,,,,,,,,,,,,,,,,,,,,,,,,,,,,,,TYSON
,simple,F02054,Flood Light LED 10W Tyson,1,,visible,,,,,taxable,,1,46,3,0,0,,,,,1,,,65.2,"All Products, Hardware, Hardware > Lighting",,,,,,,,,,,,,,,,,,,,,,,,,,,,,,,,TYSON
,simple,F02053,Flood Light LED 20W Tyson,1,,visible,,,,,taxable,,1,84,3,0,0,,,,,1,,,97.4,"All Products, Hardware, Hardware > Lighting",,,,,,,,,,,,,,,,,,,,,,,,,,,,,,,,TYSON
,simple,F02052,Flood Light LED 30W Tyson,1,,visible,,,,,taxable,,1,91,3,0,0,,,,,1,,,128.72,"All Products, Hardware, Hardware > Lighting",,,,,,,,,,,,,,,,,,,,,,,,,,,,,,,,TYSON
,simple,F02051,Flood Light LED 50W Tyson,1,,visible,,,,,taxable,,1,93,3,0,0,,,,,1,,,180.32,"All Products, Hardware, Hardware > Lighting",,,,,,,,,,,,,,,,,,,,,,,,,,,,,,,,TYSON
,simple,F02050,Flood Light LED 100W Tyson,1,,visible,,,,,taxable,,1,80,3,0,0,,,,,1,,,320.39,"All Products, Hardware, Hardware > Lighting",,,,,,,,,,,,,,,,,,,,,,,,,,,,,,,,TYSON
,simple,F02049,Flood Light LED 200W Tyson,1,,visible,,,,,taxable,,1,54,3,0,0,,,,,1,,,706.79,"All Products, Hardware, Hardware > Lighting",,,,,,,,,,,,,,,,,,,,,,,,,,,,,,,,TYSON
,simple,F03649,Booster Cable 2000AMP,1,,visible,,,,,taxable,,1,15,3,0,0,,,,,1,,,309.04,"All Products, Hardware, Hardware > Electrical",,,,,,,,,,,,,,,,,,,,,,,,,,,,,,,,Impulse
,simple,F03629,Earth Spike + Clamp 10MM,1,,visible,,,,,taxable,,1,10,3,0,0,,,,,1,,,90.08,"All Products, Hardware, Hardware > Hand Tools, Hardware > Lighting",,,,,,,,,,,,,,,,,,,,,,,,,,,,,,,,Impulse
,simple,F03670,Cable Joint Kit (JK0) 1.5MM - 4MM,1,,visible,,,,,taxable,,1,10,3,0,0,,,,,1,,,96.52,"All Products, Hardware, Hardware > Electrical",,,,,,,,,,,,,,,,,,,,,,,,,,,,,,,,Tyson
,simple,F03704,Cable Joint Kit (JK1) 4MM - 10MM,1,,visible,,,,,taxable,,1,2,3,0,0,,,,,1,,,132.82,"All Products, Hardware, Hardware > Electrical",,,,,,,,,,,,,,,,,,,,,,,,,,,,,,,,Tyson
,simple,F03678,Cable Joint Kit (JK2) 10MM - 16MM,1,,visible,,,,,taxable,,1,7,3,0,0,,,,,1,,,170.58,"All Products, Hardware, Hardware > Electrical",,,,,,,,,,,,,,,,,,,,,,,,,,,,,,,,Tyson
,simple,F03679,Cable Joint Kit (JK3) 16MM - 35MM,1,,visible,,,,,taxable,,1,10,3,0,0,,,,,1,,,257.52,"All Products, Hardware, Hardware > Electrical",,,,,,,,,,,,,,,,,,,,,,,,,,,,,,,,Tyson
,simple,F03656,"Stove Plate Spiral 6"" (DNS145)",1,,visible,,,,,taxable,,1,43,3,0,0,,,,,1,,,70.03,"All Products, Hardware",,,,,,,,,,,,,,,,,,,,,,,,,,,,,,,,Impulse
,simple,F03657,"Stove Plate Spiral 8"" (DNS190)",1,,visible,,,,,taxable,,1,66,3,0,0,,,,,1,,,122.28,"All Products, Hardware",,,,,,,,,,,,,,,,,,,,,,,,,,,,,,,,Impulse
,simple,F03634,"Stove Plate Solid 1000W - 6"" (SOLID6)",1,,visible,,,,,taxable,,1,2,3,0,0,,,,,1,,,192.39,"All Products, Hardware",,,,,,,,,,,,,,,,,,,,,,,,,,,,,,,,Impulse
,simple,F03636,"Stove Plate Solid 1500W - 8"" (SOLID8)",1,,visible,,,,,taxable,,1,10,3,0,0,,,,,1,,,218.88,"All Products, Hardware",,,,,,,,,,,,,,,,,,,,,,,,,,,,,,,,Impulse
,simple,F03635,"Stove Plate Solid Red Dot 1500W - 6"" (6RED)",1,,visible,,,,,taxable,,1,8,3,0,0,,,,,1,,,221.38,"All Products, Hardware",,,,,,,,,,,,,,,,,,,,,,,,,,,,,,,,Impulse
,simple,F03637,"Stove Plate Solid Red Dot 2000W - 8"" (8RED)",1,,visible,,,,,taxable,,1,16,3,0,0,,,,,1,,,263.96,"All Products, Hardware",,,,,,,,,,,,,,,,,,,,,,,,,,,,,,,,Impulse
,simple,F02081,ADAPTOR 3 x 2 PIN R24,1,,visible,,,,,taxable,,1,159,3,0,0,,,,,1,,,20.12,"All Products, Hardware, Hardware > Electrical",,,,,,,,,,,,,,,,,,,,,,,,,,,,,,,,Impulse
,simple,F03416 (D10),Light Day - Night Sensor 10A,1,,visible,,,,,taxable,,1,10,3,0,0,,,,,1,,,40.95,"All Products, Hardware, Hardware > Lighting",,,,,,,,,,,,,,,,,,,,,,,,,,,,,,,,TYSON
,simple,F03414 (D15),Light Day - Night Sensor 15A,1,,visible,,,,,taxable,,1,10,3,0,0,,,,,1,,,69.95,"All Products, Hardware, Hardware > Lighting",,,,,,,,,,,,,,,,,,,,,,,,,,,,,,,,TYSON
,simple,F03415 (D25),Light Day - Night Sensor 25A,1,,visible,,,,,taxable,,1,10,3,0,0,,,,,1,,,83.95,"All Products, Hardware, Hardware > Lighting",,,,,,,,,,,,,,,,,,,,,,,,,,,,,,,,TYSON
,simple,F03631,Geyser Element Spiral 2KW,1,,visible,,,,,taxable,,1,47,3,0,0,,,,,1,,,239.89,"All Products, Hardware",,,,,,,,,,,,,,,,,,,,,,,,,,,,,,,,Impulse
,simple,F03632,Geyser Element Spiral 3KW,1,,visible,,,,,taxable,,1,46,3,0,0,,,,,1,,,267.18,"All Products, Hardware",,,,,,,,,,,,,,,,,,,,,,,,,,,,,,,,Impulse
,simple,F03633,Geyser Element Spiral 4KW,1,,visible,,,,,taxable,,1,21,3,0,0,,,,,1,,,283.28,"All Products, Hardware",,,,,,,,,,,,,,,,,,,,,,,,,,,,,,,,Impulse
,simple,F03638 (TSE11),Geyser Thermostat 20AMP Round - Grey,1,,visible,,,,,taxable,,1,10,3,0,0,,,,,1,,,93.95,"All Products, Homeware, Homeware > Kitchen",,,,,,,,,,,,,,,,,,,,,,,,,,,,,,,,Impulse
,simple,F03639 (VKF11),Geyser Thermostat 20AMP Square,1,,visible,,,,,taxable,,1,10,3,0,0,,,,,1,,,115.0,"All Products, Homeware, Homeware > Kitchen",,,,,,,,,,,,,,,,,,,,,,,,,,,,,,,,Impulse
,simple,F03669 (SPT04-S),Plug 3Pin Surge Protection,1,,visible,,,,,taxable,,1,10,3,0,0,,,,,1,,,45.95,"All Products, Hardware, Hardware > Electrical",,,,,,,,,,,,,,,,,,,,,,,,,,,,,,,,SR Plug
,simple,F03651 (H147),Speaker Wire 0.5MM Clear (Copper) 100M,1,,visible,,,,,taxable,,1,10,3,0,0,,,,,1,,,145.5,"All Products, Hardware, Hardware > Electrical",,,,,,,,,,,,,,,,,,,,,,,,,,,,,,,,Impulse
,simple,F03990 (H149),Speaker Wire 0.5MM White (Copper) 20meter,1,,visible,,,,,taxable,,1,10,3,0,0,,,,,1,,,39.5,"All Products, Hardware, Hardware > Electrical",,,,,,,,,,,,,,,,,,,,,,,,,,,,,,,,Impulse
,simple,F03653 (H148),Speaker Wire 0.5MM White (Copper) 100meter,1,,visible,,,,,taxable,,1,10,3,0,0,,,,,1,,,145.5,"All Products, Hardware, Hardware > Electrical",,,,,,,,,,,,,,,,,,,,,,,,,,,,,,,,Impulse
,simple,F03655 (H145W),Speaker Wire 1MM White (Copper) 100M,1,,visible,,,,,taxable,,1,10,3,0,0,,,,,1,,,259.0,"All Products, Hardware, Hardware > Electrical",,,,,,,,,,,,,,,,,,,,,,,,,,,,,,,,Impulse
,simple,F03652 (H146),Speaker Wire 0.5MM Red-Black (Copper) 100M,1,,visible,,,,,taxable,,1,10,3,0,0,,,,,1,,,145.0,"All Products, Hardware, Hardware > Electrical",,,,,,,,,,,,,,,,,,,,,,,,,,,,,,,,Impulse
,simple,F03654 (H145RB),Speaker Wire 1MM Red-Black (Copper) 100M,1,,visible,,,,,taxable,,1,10,3,0,0,,,,,1,,,259.0,"All Products, Hardware, Hardware > Electrical",,,,,,,,,,,,,,,,,,,,,,,,,,,,,,,,Impulse
,simple,F03428-CL022,Indoor Lighting Rustic,1,,visible,,,,,taxable,,1,10,3,0,0,,,,,1,,,135.95,"All Products, Hardware, Hardware > Lighting",,,,,,,,,,,,,,,,,,,,,,,,,,,,,,,,Impulse
,simple,F03427-CL021,Indoor Lighting Rustic,1,,visible,,,,,taxable,,1,10,3,0,0,,,,,1,,,135.95,"All Products, Hardware, Hardware > Lighting",,,,,,,,,,,,,,,,,,,,,,,,,,,,,,,,Impulse
,simple,F03423-CL011,Indoor Lighting Rustic,1,,visible,,,,,taxable,,1,10,3,0,0,,,,,1,,,135.95,"All Products, Hardware, Hardware > Lighting",,,,,,,,,,,,,,,,,,,,,,,,,,,,,,,,Impulse
,simple,F03426-CL017,Indoor Lighting Rustic,1,,visible,,,,,taxable,,1,10,3,0,0,,,,,1,,,135.95,"All Products, Hardware, Hardware > Lighting",,,,,,,,,,,,,,,,,,,,,,,,,,,,,,,,Impulse
,simple,F03421-CL007,Indoor Lighting Rustic,1,,visible,,,,,taxable,,1,10,3,0,0,,,,,1,,,135.95,"All Products, Hardware, Hardware > Lighting",,,,,,,,,,,,,,,,,,,,,,,,,,,,,,,,Impulse
,simple,F03422-CL009,Indoor Lighting Rustic,1,,visible,,,,,taxable,,1,10,3,0,0,,,,,1,,,135.95,"All Products, Hardware, Hardware > Lighting",,,,,,,,,,,,,,,,,,,,,,,,,,,,,,,,Impulse
,simple,F03425-CL015,Indoor Lighting Rustic,1,,visible,,,,,taxable,,1,10,3,0,0,,,,,1,,,135.95,"All Products, Hardware, Hardware > Lighting",,,,,,,,,,,,,,,,,,,,,,,,,,,,,,,,Impulse
,simple,F03424-CL013,Indoor Lighting Rustic,1,,visible,,,,,taxable,,1,10,3,0,0,,,,,1,,,135.95,"All Products, Hardware, Hardware > Lighting",,,,,,,,,,,,,,,,,,,,,,,,,,,,,,,,Impulse
,simple,F03683-CL016,Indoor Lighting Rustic Cluster,1,,visible,,,,,taxable,,1,10,3,0,0,,,,,1,,,399.0,"All Products, Hardware, Hardware > Lighting",,,,,,,,,,,,,,,,,,,,,,,,,,,,,,,,Impulse
,simple,F03682-CL014,Indoor Lighting Rustic Cluster,1,,visible,,,,,taxable,,1,10,3,0,0,,,,,1,,,430.0,"All Products, Hardware, Hardware > Lighting",,,,,,,,,,,,,,,,,,,,,,,,,,,,,,,,Impulse
,simple,F03858-CL010,Indoor Lighting Rustic Cluster,1,,visible,,,,,taxable,,1,10,3,0,0,,,,,1,,,430.0,"All Products, Hardware, Hardware > Lighting",,,,,,,,,,,,,,,,,,,,,,,,,,,,,,,,Impulse
,simple,F03859-CL008,Indoor Lighting Rustic Cluster,1,,visible,,,,,taxable,,1,10,3,0,0,,,,,1,,,430.0,"All Products, Hardware, Hardware > Lighting",,,,,,,,,,,,,,,,,,,,,,,,,,,,,,,,Impulse
,simple,F03435-CL001,Outdoor Light Fitting,1,,visible,,,,,taxable,,1,10,3,0,0,,,,,1,,,95.0,"All Products, Hardware, Hardware > Lighting",,,,,,,,,,,,,,,,,,,,,,,,,,,,,,,,Impulse
,simple,F03430-CL002,Outdoor Light Fitting,1,,visible,,,,,taxable,,1,10,3,0,0,,,,,1,,,97.95,"All Products, Hardware, Hardware > Lighting",,,,,,,,,,,,,,,,,,,,,,,,,,,,,,,,Impulse
,simple,F3431-CL005,Outdoor Light Fitting,1,,visible,,,,,taxable,,1,10,3,0,0,,,,,1,,,135.0,"All Products, Hardware, Hardware > Lighting",,,,,,,,,,,,,,,,,,,,,,,,,,,,,,,,Impulse
,simple,F03433-CL003,LED Wall Light 4 Ray Oval,1,,visible,,,,,taxable,,1,10,3,0,0,,,,,1,,,57.95,"All Products, Hardware, Hardware > Lighting",,,,,,,,,,,,,,,,,,,,,,,,,,,,,,,,Impulse
,simple,F03434-CL004,LED Wall Light 6 Ray Oval,1,,visible,,,,,taxable,,1,10,3,0,0,,,,,1,,,70.95,"All Products, Hardware, Hardware > Lighting",,,,,,,,,,,,,,,,,,,,,,,,,,,,,,,,Impulse
,simple,F03432-CL006,LED Wall Light Z Shape Front,1,,visible,,,,,taxable,,1,10,3,0,0,,,,,1,,,120.0,"All Products, Hardware, Hardware > Lighting",,,,,,,,,,,,,,,,,,,,,,,,,,,,,,,,Impulse
,simple,F02070,C-Breaker Din Rail White 63A White,1,,visible,,,,,taxable,,1,75,3,0,0,,,,,1,,,32.12,"All Products, Hardware, Hardware > Electrical",,,,,,,,,,,,,,,,,,,,,,,,,,,,,,,,Impulse
,simple,F03622,Raytric Ready Board Surface 6 Way,1,,visible,,,,,taxable,,1,43,3,0,0,,,,,1,,,416.99,"All Products, Hardware",,,,,,,,,,,,,,,,,,,,,,,,,,,,,,,,Raytric
,simple,F03623,Raytric Ready Board Surface 8 Way,1,,visible,,,,,taxable,,1,28,3,0,0,,,,,1,,,497.49,"All Products, Hardware",,,,,,,,,,,,,,,,,,,,,,,,,,,,,,,,Raytric
,simple,F03624,Raytric Ready Board Surface 12 Way,1,,visible,,,,,taxable,,1,12,3,0,0,,,,,1,,,674.59,"All Products, Hardware",,,,,,,,,,,,,,,,,,,,,,,,,,,,,,,,Raytric
,simple,F03703,Raytric Ready Board Flush Din 8 Way,1,,visible,,,,,taxable,,1,96,3,0,0,,,,,1,,,497.49,"All Products, Hardware",,,,,,,,,,,,,,,,,,,,,,,,,,,,,,,,Raytric
,simple,F03625,Raytric Ready Board Flush Din 12 Way,1,,visible,,,,,taxable,,1,64,3,0,0,,,,,1,,,674.59,"All Products, Hardware",,,,,,,,,,,,,,,,,,,,,,,,,,,,,,,,Raytric
,simple,F02159,Diamond Light LED Ceiling 18W,1,,visible,,,,,taxable,,1,17,3,0,0,,,,,1,,,138.38,"All Products, Hardware, Hardware > Lighting",,,,,,,,,,,,,,,,,,,,,,,,,,,,,,,,Impulse
,simple,F02163,Squares Light LED Ceiling 18W,1,,visible,,,,,taxable,,1,48,3,0,0,,,,,1,,,138.38,"All Products, Hardware, Hardware > Lighting",,,,,,,,,,,,,,,,,,,,,,,,,,,,,,,,Impulse
,simple,F02259,Space Light LED Ceiling 18W,1,,visible,,,,,taxable,,1,129,3,0,0,,,,,1,,,141.6,"All Products, Hardware, Hardware > Lighting",,,,,,,,,,,,,,,,,,,,,,,,,,,,,,,,Impulse
,simple,F02289,Circles Light LED Ceiling 28W,1,,visible,,,,,taxable,,1,20,3,0,0,,,,,1,,,194.73,"All Products, Hardware, Hardware > Lighting",,,,,,,,,,,,,,,,,,,,,,,,,,,,,,,,Impulse
,simple,F02285,Diamond Light LED Ceiling 28W,1,,visible,,,,,taxable,,1,34,3,0,0,,,,,1,,,193.2,"All Products, Hardware, Hardware > Lighting",,,,,,,,,,,,,,,,,,,,,,,,,,,,,,,,Impulse
,simple,F02288,Spray Light LED Ceiling 28W,1,,visible,,,,,taxable,,1,22,3,0,0,,,,,1,,,193.2,"All Products, Hardware, Hardware > Garden & Outdoor, Hardware > Lighting",,,,,,,,,,,,,,,,,,,,,,,,,,,,,,,,Impulse
,simple,F02287,Space Light LED Ceiling 28W,1,,visible,,,,,taxable,,1,42,3,0,0,,,,,1,,,193.2,"All Products, Hardware, Hardware > Lighting",,,,,,,,,,,,,,,,,,,,,,,,,,,,,,,,Impulse
,simple,F02286,Stary Sky Light LED Ceiling 28W,1,,visible,,,,,taxable,,1,45,3,0,0,,,,,1,,,193.2,"All Products, Hardware, Hardware > Lighting",,,,,,,,,,,,,,,,,,,,,,,,,,,,,,,,Impulse
,simple,F02290,Squares Light LED Ceiling 28W,1,,visible,,,,,taxable,,1,25,3,0,0,,,,,1,,,193.2,"All Products, Hardware, Hardware > Lighting",,,,,,,,,,,,,,,,,,,,,,,,,,,,,,,,Impulse
,simple,F02838,Light Fitting Tyson Single 2 FT B Single,1,,visible,,,,,taxable,,1,116,3,0,0,,,,,1,,,53.05,"All Products, Hardware, Hardware > Lighting",,,,,,,,,,,,,,,,,,,,,,,,,,,,,,,,Impulse
,simple,F02841,Light Fitting Tyson Single 4 FT B Single,1,,visible,,,,,taxable,,1,95,3,0,0,,,,,1,,,57.15,"All Products, Hardware, Hardware > Lighting",,,,,,,,,,,,,,,,,,,,,,,,,,,,,,,,Impulse
,simple,F02843,Light Fitting Tyson Single 5 FT B Single,1,,visible,,,,,taxable,,1,201,3,0,0,,,,,1,,,84.52,"All Products, Hardware, Hardware > Lighting",,,,,,,,,,,,,,,,,,,,,,,,,,,,,,,,Impulse
,simple,F02839,Light Fitting Tyson Double 2 FT B Double,1,,visible,,,,,taxable,,1,104,3,0,0,,,,,1,,,55.54,"All Products, Hardware, Hardware > Lighting",,,,,,,,,,,,,,,,,,,,,,,,,,,,,,,,Impulse
,simple,F02840,Light Fitting Tyson Double 4 FT B Double,1,,visible,,,,,taxable,,1,46,3,0,0,,,,,1,,,69.15,"All Products, Hardware, Hardware > Lighting",,,,,,,,,,,,,,,,,,,,,,,,,,,,,,,,Impulse
,simple,F02842,Light Fitting Tyson Double 5 FT B Double,1,,visible,,,,,taxable,,1,3,3,0,0,,,,,1,,,92.57,"All Products, Hardware, Hardware > Lighting",,,,,,,,,,,,,,,,,,,,,,,,,,,,,,,,Impulse
,simple,F02833,2 FT 9 Watt Fluorescent Tube,1,,visible,,,,,taxable,,1,70,3,0,0,,,,,1,,,33.73,"All Products, Hardware",,,,,,,,,,,,,,,,,,,,,,,,,,,,,,,,Impulse
,simple,F02832,4 FT 18 Watt Fluorescent Tube,1,,visible,,,,,taxable,,1,2,3,0,0,,,,,1,,,33.73,"All Products, Hardware",,,,,,,,,,,,,,,,,,,,,,,,,,,,,,,,Impulse
,simple,F02831,5 FT 24 Watt Fluorescent Tube,1,,visible,,,,,taxable,,1,10,3,0,0,,,,,1,,,49.83,"All Products, Hardware",,,,,,,,,,,,,,,,,,,,,,,,,,,,,,,,Impulse
,simple,F02897,Clear Round Ribbed,1,,visible,,,,,taxable,,1,10,3,0,0,,,,,1,,,35.34,"All Products, Hardware, Hardware > Lighting",,,,,,,,,,,,,,,,,,,,,,,,,,,,,,,,Impulse
,simple,F02896,Round White,1,,visible,,,,,taxable,,1,68,3,0,0,,,,,1,,,35.34,"All Products, Hardware, Hardware > Lighting",,,,,,,,,,,,,,,,,,,,,,,,,,,,,,,,Impulse
,simple,F02178,Light LED Ceiling Glass Fitting TLC02,1,,visible,,,,,taxable,,1,4,3,0,0,,,,,1,,,125.5,"All Products, Hardware, Hardware > Lighting",,,,,,,,,,,,,,,,,,,,,,,,,,,,,,,,Impulse
,simple,F02179,Light LED Ceiling Glass Fitting TLC03,1,,visible,,,,,taxable,,1,7,3,0,0,,,,,1,,,125.5,"All Products, Hardware, Hardware > Lighting",,,,,,,,,,,,,,,,,,,,,,,,,,,,,,,,Impulse
,simple,F03337A,Armani Grey A,1,,visible,,,,,taxable,,1,2,3,0,0,,,,,1,,,561.89,"All Products, Hardware",,,,,,,,,,,,,,,,,,,,,,,,,,,,,,,,Impulse
,simple,F03337B,Armani Grey B,1,,visible,,,,,taxable,,1,105,3,0,0,,,,,1,,,561.89,"All Products, Hardware",,,,,,,,,,,,,,,,,,,,,,,,,,,,,,,,Impulse
,simple,F03338A,Galaxy Ink A,1,,visible,,,,,taxable,,1,77,3,0,0,,,,,1,,,561.89,"All Products, Hardware",,,,,,,,,,,,,,,,,,,,,,,,,,,,,,,,Impulse
,simple,F03338B,Galaxy Ink B,1,,visible,,,,,taxable,,1,56,3,0,0,,,,,1,,,561.89,"All Products, Hardware",,,,,,,,,,,,,,,,,,,,,,,,,,,,,,,,Impulse
,simple,F03331,Fantasy Gold,1,,visible,,,,,taxable,,1,211,3,0,0,,,,,1,,,513.59,"All Products, Homeware, Homeware > Appliances, Homeware > Appliances > Small Appliances",,,,,,,,,,,,,,,,,,,,,,,,,,,,,,,,Impulse
,simple,F03326,Longines Gold,1,,visible,,,,,taxable,,1,123,3,0,0,,,,,1,,,513.59,"All Products, Hardware",,,,,,,,,,,,,,,,,,,,,,,,,,,,,,,,Impulse
,simple,F03334,Auric Gold,1,,visible,,,,,taxable,,1,181,3,0,0,,,,,1,,,561.89,"All Products, Hardware",,,,,,,,,,,,,,,,,,,,,,,,,,,,,,,,Impulse
,simple,F03327,Sky Gold,1,,visible,,,,,taxable,,1,30,3,0,0,,,,,1,,,561.89,"All Products, Hardware",,,,,,,,,,,,,,,,,,,,,,,,,,,,,,,,Impulse
,simple,F03328,Fantasy Natural,1,,visible,,,,,taxable,,1,103,3,0,0,,,,,1,,,513.59,"All Products, Homeware, Homeware > Appliances, Homeware > Appliances > Small Appliances",,,,,,,,,,,,,,,,,,,,,,,,,,,,,,,,Impulse
,simple,F02837,Down Light Fixed - Gold,1,,visible,,,,,taxable,,1,211,3,0,0,,,,,1,,,12.8,"All Products, Hardware, Hardware > Lighting",,,,,,,,,,,,,,,,,,,,,,,,,,,,,,,,Impulse
,simple,F02835,Down Light Tilt - White,1,,visible,,,,,taxable,,1,370,3,0,0,,,,,1,,,30.51,"All Products, Hardware, Hardware > Lighting",,,,,,,,,,,,,,,,,,,,,,,,,,,,,,,,Impulse
,simple,F02836,Down Light Tilt - Chrome,1,,visible,,,,,taxable,,1,474,3,0,0,,,,,1,,,30.51,"All Products, Hardware, Hardware > Lighting",,,,,,,,,,,,,,,,,,,,,,,,,,,,,,,,Impulse
,simple,F02834,Down Light Tilt - Gun Metal,1,,visible,,,,,taxable,,1,180,3,0,0,,,,,1,,,30.51,"All Products, Hardware, Hardware > Lighting",,,,,,,,,,,,,,,,,,,,,,,,,,,,,,,,Impulse
,simple,F02844,Down Light Tilt - Gold,1,,visible,,,,,taxable,,1,360,3,0,0,,,,,1,,,30.51,"All Products, Hardware, Hardware > Lighting",,,,,,,,,,,,,,,,,,,,,,,,,,,,,,,,Impulse
,simple,F03888,Down Light Kit 5W GU10 3PCE - Tilt - White,1,,visible,,,,,taxable,,1,100,3,0,0,,,,,1,,,80.5,"All Products, Hardware, Hardware > Lighting",,,,,,,,,,,,,,,,,,,,,,,,,,,,,,,,AUSMA
,simple,F03889,Down Light Kit 5W GU10 3PCE - Tilt - Gun Metal,1,,visible,,,,,taxable,,1,100,3,0,0,,,,,1,,,80.5,"All Products, Hardware, Hardware > Lighting",,,,,,,,,,,,,,,,,,,,,,,,,,,,,,,,AUSMA
,simple,F03666,Down Light Kit 5W GU10 3PCE - Tilt - Chrome,1,,visible,,,,,taxable,,1,271,3,0,0,,,,,1,,,51.44,"All Products, Hardware, Hardware > Lighting",,,,,,,,,,,,,,,,,,,,,,,,,,,,,,,,AUSMA
,simple,F03887,Down Light Kit 5W GU10 3PCE - Tilt - Gold,1,,visible,,,,,taxable,,1,100,3,0,0,,,,,1,,,80.5,"All Products, Hardware, Hardware > Lighting",,,,,,,,,,,,,,,,,,,,,,,,,,,,,,,,AUSMA
,simple,F03680,LED Lens Module Spare 18W,1,,visible,,,,,taxable,,1,98,3,0,0,,,,,1,,,34.61,"All Products, Hardware",,,,,,,,,,,,,,,,,,,,,,,,,,,,,,,,Redisson
,simple,F03661,LED Lens Module Spare 24W,1,,visible,,,,,taxable,,1,79,3,0,0,,,,,1,,,41.78,"All Products, Hardware",,,,,,,,,,,,,,,,,,,,,,,,,,,,,,,,Redisson
,simple,F03660,LED Lens Module Spare 36W,1,,visible,,,,,taxable,,1,62,3,0,0,,,,,1,,,53.05,"All Products, Hardware",,,,,,,,,,,,,,,,,,,,,,,,,,,,,,,,Redisson
,simple,F02846,LED Spot Light 5W,1,,visible,,,,,taxable,,1,1,3,0,0,,,,,1,,,10.46,"All Products, Hardware, Hardware > Lighting",,,,,,,,,,,,,,,,,,,,,,,,,,,,,,,,TYSON
,simple,F02513,Lamp Holder 10's GU10,1,,visible,,,,,taxable,,1,896,3,0,0,,,,,1,,,46.61,"All Products, Hardware, Hardware > Lighting",,,,,,,,,,,,,,,,,,,,,,,,,,,,,,,,Impulse
,simple,F02247,Element Bucket With Lock Lid 20LT,1,,visible,,,,,taxable,,1,10,3,0,0,,,,,1,,,144.82,"All Products, Hardware, Hardware > Locks & Security, Homeware, Homeware > Cleaning & Organization",,,,,,,,,,,,,,,,,,,,,,,,,,,,,,,,Impulse
,simple,F03417,LED Ceiling Light Retro 480MM CL025,1,,visible,,,,,taxable,,1,79,3,0,0,,,,,1,,,346.15,"All Products, Hardware, Hardware > Lighting",,,,,,,,,,,,,,,,,,,,,,,,,,,,,,,,Impulse
,simple,F03418,LED Ceiling Light Retro 480MM CL026,1,,visible,,,,,taxable,,1,16,3,0,0,,,,,1,,,346.15,"All Products, Hardware, Hardware > Lighting",,,,,,,,,,,,,,,,,,,,,,,,,,,,,,,,Impulse
,simple,F03419,LED Ceiling Light Urban 400MM CL023,1,,visible,,,,,taxable,,1,55,3,0,0,,,,,1,,,378.35,"All Products, Hardware, Hardware > Lighting",,,,,,,,,,,,,,,,,,,,,,,,,,,,,,,,Impulse
,simple,F03420,LED Ceiling Light Urban 400MM CL024,1,,visible,,,,,taxable,,1,8,3,0,0,,,,,1,,,378.35,"All Products, Hardware, Hardware > Lighting",,,,,,,,,,,,,,,,,,,,,,,,,,,,,,,,Impulse
,simple,F03695,Ceiling Light Elegance 400MM CL035,1,,visible,,,,,taxable,,1,28,3,0,0,,,,,1,,,529.69,"All Products, Hardware, Hardware > Lighting",,,,,,,,,,,,,,,,,,,,,,,,,,,,,,,,Impulse
,simple,F03696,Ceiling Light Elegance 400MM CL036,1,,visible,,,,,taxable,,1,8,3,0,0,,,,,1,,,529.69,"All Products, Hardware, Hardware > Lighting",,,,,,,,,,,,,,,,,,,,,,,,,,,,,,,,Impulse
,simple,F03697,Ceiling Light Elegance 400MM CL037,1,,visible,,,,,taxable,,1,20,3,0,0,,,,,1,,,529.69,"All Products, Hardware, Hardware > Lighting",,,,,,,,,,,,,,,,,,,,,,,,,,,,,,,,Impulse
,simple,F02492,FOOD SAVER SMALL 5PCE SET BG ASSTD COLOURS,1,,visible,,,,,taxable,,1,10,3,0,0,,,,,1,,,55.54,"All Products, Homeware, Homeware > Storage & Organisation",,,,,,,,,,,,,,,,,,,,,,,,,,,,,,,,Impulse
,simple,F02358,FOOD SAVER SMALL 5PCE SET BG ASSTD COLOURS,1,,visible,,,,,taxable,,1,87,3,0,0,,,,,1,,,58.76,"All Products, Homeware, Homeware > Storage & Organisation",,,,,,,,,,,,,,,,,,,,,,,,,,,,,,,,Impulse
,simple,F02886,3PIECE MIA,1,,visible,,,,,taxable,,1,260,3,0,0,,,,,1,,,41.78,"All Products, Homeware, Homeware > Storage & Organisation",,,,,,,,,,,,,,,,,,,,,,,,,,,,,,,,Impulse
,simple,F02355,3PIECE SET,1,,visible,,,,,taxable,,1,10,3,0,0,,,,,1,,,46.61,"All Products, Homeware, Homeware > Storage & Organisation",,,,,,,,,,,,,,,,,,,,,,,,,,,,,,,,Impulse
,simple,F02356,5PIECE SET,1,,visible,,,,,taxable,,1,110,3,0,0,,,,,1,,,62.71,"All Products, Homeware, Homeware > Storage & Organisation",,,,,,,,,,,,,,,,,,,,,,,,,,,,,,,,Impulse
,simple,F01974,Broom Whisk Deluxe,1,,visible,,,,,taxable,,1,10,3,0,0,,,,,1,,,36.95,"All Products, Homeware, Homeware > Cleaning & Organization",,,,,,,,,,,,,,,,,,,,,,,,,,,,,,,,Impulse
,simple,F02156,Broom Super Deluxe Metal,1,,visible,,,,,taxable,,1,66,3,0,0,,,,,1,,,72.37,"All Products, Homeware, Homeware > Cleaning & Organization",,,,,,,,,,,,,,,,,,,,,,,,,,,,,,,,Impulse
,simple,F01970,Broom Econo Budget,1,,visible,,,,,taxable,,1,159,3,0,0,,,,,1,,,21.72,"All Products, Homeware, Homeware > Cleaning & Organization",,,,,,,,,,,,,,,,,,,,,,,,,,,,,,,,Impulse
,simple,F01973,Broom Grip Metal Clip,1,,visible,,,,,taxable,,1,761,3,0,0,,,,,1,,,48.22,"All Products, Homeware, Homeware > Cleaning & Organization",,,,,,,,,,,,,,,,,,,,,,,,,,,,,,,,Impulse
,simple,F01977,Broom Platform Soft 450MM,1,,visible,,,,,taxable,,1,78,3,0,0,,,,,1,,,73.98,"All Products, Homeware, Homeware > Cleaning & Organization",,,,,,,,,,,,,,,,,,,,,,,,,,,,,,,,Impulse
,simple,F01976,Broom Platform Hard 300MM,1,,visible,,,,,taxable,,1,2,3,0,0,,,,,1,,,57.88,"All Products, Homeware, Homeware > Cleaning & Organization",,,,,,,,,,,,,,,,,,,,,,,,,,,,,,,,Impulse
,simple,F01978,Broom Platform Hard 450MM,1,,visible,,,,,taxable,,1,5,3,0,0,,,,,1,,,78.81,"All Products, Homeware, Homeware > Cleaning & Organization",,,,,,,,,,,,,,,,,,,,,,,,,,,,,,,,Impulse
,simple,F02778,LED Ceiling Light Fancy 28W 390MM - Crystal,1,,visible,,,,,taxable,,1,3,3,0,0,,,,,1,,,346.15,"All Products, Hardware, Hardware > Lighting, Homeware, Homeware > Appliances, Homeware > Appliances > Small Appliances",,,,,,,,,,,,,,,,,,,,,,,,,,,,,,,,Impulse
,simple,F02873,LED Ceiling Light Fancy 28W 390MM - Ruyi,1,,visible,,,,,taxable,,1,6,3,0,0,,,,,1,,,346.15,"All Products, Hardware, Hardware > Lighting, Homeware, Homeware > Appliances, Homeware > Appliances > Small Appliances",,,,,,,,,,,,,,,,,,,,,,,,,,,,,,,,Impulse
,simple,F03698 (CL038),Ceiling Light Elegance - Large 500M,1,,visible,,,,,taxable,,1,10,3,0,0,,,,,1,,,419.0,"All Products, Hardware, Hardware > Lighting",,,,,,,,,,,,,,,,,,,,,,,,,,,,,,,,Impulse
,simple,F03699 (CL039),Ceiling Light Elegance - Large 500M,1,,visible,,,,,taxable,,1,10,3,0,0,,,,,1,,,419.0,"All Products, Hardware, Hardware > Lighting",,,,,,,,,,,,,,,,,,,,,,,,,,,,,,,,Impulse
,simple,F03701 (CL041),Ceiling Light Elegance - Large 500M,1,,visible,,,,,taxable,,1,10,3,0,0,,,,,1,,,419.0,"All Products, Hardware, Hardware > Lighting",,,,,,,,,,,,,,,,,,,,,,,,,,,,,,,,Impulse
,simple,F03702 (CL042),Ceiling Light Elegance - Large 500M,1,,visible,,,,,taxable,,1,10,3,0,0,,,,,1,,,419.0,"All Products, Hardware, Hardware > Lighting",,,,,,,,,,,,,,,,,,,,,,,,,,,,,,,,Impulse
,simple,F03687 (CL027),Ceiling Light Elegance - Large 500M,1,,visible,,,,,taxable,,1,10,3,0,0,,,,,1,,,459.0,"All Products, Hardware, Hardware > Lighting",,,,,,,,,,,,,,,,,,,,,,,,,,,,,,,,Impulse
,simple,F03688 (CL028),Ceiling Light Elegance - Large 500M,1,,visible,,,,,taxable,,1,10,3,0,0,,,,,1,,,459.0,"All Products, Hardware, Hardware > Lighting",,,,,,,,,,,,,,,,,,,,,,,,,,,,,,,,Impulse
,simple,F03689 (CL029),Ceiling Light Elegance - Large 500M,1,,visible,,,,,taxable,,1,10,3,0,0,,,,,1,,,459.0,"All Products, Hardware, Hardware > Lighting",,,,,,,,,,,,,,,,,,,,,,,,,,,,,,,,Impulse
,simple,F03690 (CL030),Ceiling Light Elegance - Large 500M,1,,visible,,,,,taxable,,1,10,3,0,0,,,,,1,,,459.0,"All Products, Hardware, Hardware > Lighting",,,,,,,,,,,,,,,,,,,,,,,,,,,,,,,,Impulse
,simple,F03691 (CL031),Ceiling Light Elegance - Large 500M,1,,visible,,,,,taxable,,1,10,3,0,0,,,,,1,,,459.0,"All Products, Hardware, Hardware > Lighting",,,,,,,,,,,,,,,,,,,,,,,,,,,,,,,,Impulse
,simple,F03692 (CL032),Ceiling Light Elegance - Large 500M,1,,visible,,,,,taxable,,1,10,3,0,0,,,,,1,,,459.0,"All Products, Hardware, Hardware > Lighting",,,,,,,,,,,,,,,,,,,,,,,,,,,,,,,,Impulse
,simple,F02777,MOP (BUDGET) CLIP METAL 200G,1,,visible,,,,,taxable,,1,78,3,0,0,,,,,1,,,26.16,"All Products, Homeware, Homeware > Cleaning & Organization",,,,,,,,,,,,,,,,,,,,,,,,,,,,,,,,Impulse
,simple,F01983,MOP CLIP METAL JUMBO 350G,1,,visible,,,,,taxable,,1,43,3,0,0,,,,,1,,,41.05,"All Products, Homeware, Homeware > Cleaning & Organization",,,,,,,,,,,,,,,,,,,,,,,,,,,,,,,,Impulse
,simple,F01984,MOP CLIP METAL 500G,1,,visible,,,,,taxable,,1,140,3,0,0,,,,,1,,,52.32,"All Products, Homeware, Homeware > Cleaning & Organization",,,,,,,,,,,,,,,,,,,,,,,,,,,,,,,,Impulse
,simple,F03860,Dust Pan & Brush Set Budget,1,,visible,,,,,taxable,,1,2641,3,0,0,,,,,1,,,14.09,"All Products, Hardware, Hardware > Painting & Decorating",,,,,,,,,,,,,,,,,,,,,,,,,,,,,,,,Impulse
,simple,F03861,Dust Pan & Brush Set,1,,visible,,,,,taxable,,1,2027,3,0,0,,,,,1,,,15.7,"All Products, Hardware, Hardware > Painting & Decorating",,,,,,,,,,,,,,,,,,,,,,,,,,,,,,,,Impulse
,simple,F03160,Squeegie Metal Handle 50CM,1,,visible,,,,,taxable,,1,6,3,0,0,,,,,1,,,112.62,"All Products, Hardware",,,,,,,,,,,,,,,,,,,,,,,,,,,,,,,,Impulse
,simple,F03159,Squeegie Rubber Strips Spare Parts,1,,visible,,,,,taxable,,1,47,3,0,0,,,,,1,,,61.1,"All Products, Hardware",,,,,,,,,,,,,,,,,,,,,,,,,,,,,,,,Impulse
,simple,F03163,Mop Tornado Twist & Turn Ultra Fine Fibre,1,,visible,,,,,taxable,,1,1,3,0,0,,,,,1,,,125.5,"All Products, Homeware, Homeware > Cleaning & Organization",,,,,,,,,,,,,,,,,,,,,,,,,,,,,,,,Impulse
,simple,F03162,Mop Tornado Twist & Turn Ultra Fine Fibre Purple (Fancy),1,,visible,,,,,taxable,,1,10,3,0,0,,,,,1,,,128.72,"All Products, Homeware, Homeware > Appliances, Homeware > Appliances > Small Appliances, Homeware > Cleaning & Organization",,,,,,,,,,,,,,,,,,,,,,,,,,,,,,,,Impulse
,simple,F03161,Squeegie Plastic Handle 45CM,1,,visible,,,,,taxable,,1,10,3,0,0,,,,,1,,,128.72,"All Products, Hardware",,,,,,,,,,,,,,,,,,,,,,,,,,,,,,,,Impulse
,simple,F02503,Broom Whisk Plastic Wooden Handle,1,,visible,,,,,taxable,,1,9497,3,0,0,,,,,1,,,21.33,"All Products, Homeware, Homeware > Cleaning & Organization",,,,,,,,,,,,,,,,,,,,,,,,,,,,,,,,Impulse
,simple,F02504,Broom Whisk + Handle Fancy Heavy Duty,1,,visible,,,,,taxable,,1,7965,3,0,0,,,,,1,,,33.73,"All Products, Homeware, Homeware > Appliances, Homeware > Appliances > Small Appliances, Homeware > Cleaning & Organization",,,,,,,,,,,,,,,,,,,,,,,,,,,,,,,,Impulse
,simple,F02249,Toilet Brush And Bowl,1,,visible,,,,,taxable,,1,1754,3,0,0,,,,,1,,,14.47,"All Products, Hardware, Hardware > Painting & Decorating",,,,,,,,,,,,,,,,,,,,,,,,,,,,,,,,Impulse
,simple,F03618,Water Bottle Assorted Colors 250ML,1,,visible,,,,,taxable,,1,8416,3,0,0,,,,,1,,,45.0,"All Products, Hardware",,,,,,,,,,,,,,,,,,,,,,,,,,,,,,,,Impulse
,simple,F03395,Water Bottle Jambu 1000ML,1,,visible,,,,,taxable,,1,223,3,0,0,,,,,1,,,20.12,"All Products, Hardware",,,,,,,,,,,,,,,,,,,,,,,,,,,,,,,,Squeeze
,simple,F03394,Water Bottle Solid Col 1000ML,1,,visible,,,,,taxable,,1,399,3,0,0,,,,,1,,,28.17,"All Products, Hardware",,,,,,,,,,,,,,,,,,,,,,,,,,,,,,,,Squeeze
,simple,F03393,Water Bottle Jambu 100ML,1,,visible,,,,,taxable,,1,37,3,0,0,,,,,1,,,28.17,"All Products, Hardware",,,,,,,,,,,,,,,,,,,,,,,,,,,,,,,,Spring
,simple,F03396,Freezer Bottle 1.5LT Asstd,1,,visible,,,,,taxable,,1,1,3,0,0,,,,,1,,,48.22,"All Products, Hardware",,,,,,,,,,,,,,,,,,,,,,,,,,,,,,,,Icy
,simple,F03965,Bottle 600ML + Lunch Box 1 Combo Pack,1,,visible,,,,,taxable,,1,359,3,0,0,,,,,1,,,36.22,"All Products, Homeware, Homeware > Storage & Organisation",,,,,,,,,,,,,,,,,,,,,,,,,,,,,,,,Impulse
,simple,F03694,Bottle 600ML + Lunch Box 1.5LT Combo,1,,visible,,,,,taxable,,1,1,3,0,0,,,,,1,,,738.99,"All Products, Homeware, Homeware > Storage & Organisation",,,,,,,,,,,,,,,,,,,,,,,,,,,,,,,,Impulse
,simple,F03389,Container Square 600ML Lock Lid,1,,visible,,,,,taxable,,1,88,3,0,0,,,,,1,,,19.8,"All Products, Hardware, Hardware > Locks & Security, Homeware, Homeware > Storage & Organisation",,,,,,,,,,,,,,,,,,,,,,,,,,,,,,,,Impulse
,simple,F02284,Lunch Box Sqr Rani Asstd,1,,visible,,,,,taxable,,1,10,3,0,0,,,,,1,,,8.95,"All Products, Homeware, Homeware > Storage & Organisation",,,,,,,,,,,,,,,,,,,,,,,,,,,,,,,,Rani
,simple,F03410,LUNCH BOX SET RECTANGLE 4PC,1,,visible,,,,,taxable,,1,209,3,0,0,,,,,1,,,36.22,"All Products, Homeware, Homeware > Storage & Organisation",,,,,,,,,,,,,,,,,,,,,,,,,,,,,,,,Impulse
,simple,F03412,LUNCH BOX SQUARE 1.3L,1,,visible,,,,,taxable,,1,422,3,0,0,,,,,1,,,15.29,"All Products, Homeware, Homeware > Storage & Organisation",,,,,,,,,,,,,,,,,,,,,,,,,,,,,,,,Impulse
,simple,F03411,LUNCH BOX SET 12'S RECT. 1.3L,1,,visible,,,,,taxable,,1,100,3,0,0,,,,,1,,,15.29,"All Products, Homeware, Homeware > Storage & Organisation",,,,,,,,,,,,,,,,,,,,,,,,,,,,,,,,Impulse
,simple,F03408,CEREAL CONTAINER 3PCE SET,1,,visible,,,,,taxable,,1,48,3,0,0,,,,,1,,,112.62,"All Products, Homeware, Homeware > Storage & Organisation",,,,,,,,,,,,,,,,,,,,,,,,,,,,,,,,Impulse
,simple,F03407,BASIN 60LT WITH HANDLES ASSTD COLOURS,1,,visible,,,,,taxable,,1,142,3,0,0,,,,,1,,,40.73,"All Products, Hardware",,,,,,,,,,,,,,,,,,,,,,,,,,,,,,,,Impulse
,simple,F03406,BASIN 90LT WITH LINES ASSTD COLOURS,1,,visible,,,,,taxable,,1,115,3,0,0,,,,,1,,,57.88,"All Products, Hardware",,,,,,,,,,,,,,,,,,,,,,,,,,,,,,,,Impulse
,simple,F03405,BASIN 90LT W/HANDLES ASSTD COLOURS,1,,visible,,,,,taxable,,1,112,3,0,0,,,,,1,,,70.76,"All Products, Hardware",,,,,,,,,,,,,,,,,,,,,,,,,,,,,,,,Impulse
,simple,F03404,BASIN 130LT WITH LINES ASSTD COLOURS,1,,visible,,,,,taxable,,1,10,3,0,0,,,,,1,,,127.11,"All Products, Hardware",,,,,,,,,,,,,,,,,,,,,,,,,,,,,,,,Impulse
,simple,F03390,CONTAINERS OVAL RAINBOW 4PCS,1,,visible,,,,,taxable,,1,63,3,0,0,,,,,1,,,29.78,"All Products, Homeware, Homeware > Storage & Organisation",,,,,,,,,,,,,,,,,,,,,,,,,,,,,,,,Impulse
,simple,F03391,LUNCH BOX SET RECT. 5PC ASSTD COL,1,,visible,,,,,taxable,,1,86,3,0,0,,,,,1,,,64.32,"All Products, Homeware, Homeware > Storage & Organisation",,,,,,,,,,,,,,,,,,,,,,,,,,,,,,,,Impulse
,simple,F03392,CONTAINER OVAL 7PCS,1,,visible,,,,,taxable,,1,179,3,0,0,,,,,1,,,101.35,"All Products, Homeware, Homeware > Storage & Organisation",,,,,,,,,,,,,,,,,,,,,,,,,,,,,,,,Impulse
,simple,F03397,TEA - COFFEE - SUGAR CANISTER SET 3PCE,1,,visible,,,,,taxable,,1,32,3,0,0,,,,,1,,,61.98,"All Products, Hardware",,,,,,,,,,,,,,,,,,,,,,,,,,,,,,,,Impulse
,simple,F03398,STORAGE JAR SET 3PCE,1,,visible,,,,,taxable,,1,6,3,0,0,,,,,1,,,57.88,"All Products, Homeware, Homeware > Storage & Organisation",,,,,,,,,,,,,,,,,,,,,,,,,,,,,,,,Impulse
,simple,F02026,WINE CUPS 6's ASSTD COLOURS,1,,visible,,,,,taxable,,1,24,3,0,0,,,,,1,,,36.22,"All Products, Hardware",,,,,,,,,,,,,,,,,,,,,,,,,,,,,,,,Impulse
,simple,F02283,COLLANDER MED PLASTIC ASSTD COL,1,,visible,,,,,taxable,,1,5,3,0,0,,,,,1,,,13.28,"All Products, Hardware",,,,,,,,,,,,,,,,,,,,,,,,,,,,,,,,Impulse
,simple,F02908,JUG 1.5LT BG ASSORTED COLOURS,1,,visible,,,,,taxable,,1,253,3,0,0,,,,,1,,,12.07,"All Products, Hardware",,,,,,,,,,,,,,,,,,,,,,,,,,,,,,,,Impulse
,simple,F02910,CONTAINER WITH LID ASSTD COLOURS,1,,visible,,,,,taxable,,1,373,3,0,0,,,,,1,,,32.12,"All Products, Homeware, Homeware > Storage & Organisation",,,,,,,,,,,,,,,,,,,,,,,,,,,,,,,,Impulse
,simple,F02809,Tuffone Refuse Bags 750 x 950mm 10's,1,,visible,,,,,taxable,,1,637,3,0,0,,,,,1,,,16.9,"All Products, Hardware",,,,,,,,,,,,,,,,,,,,,,,,,,,,,,,,Tuffone
,simple,F02810,Tuffone Refuse Bags 750 x 950mm 20's,1,,visible,,,,,taxable,,1,540,3,0,0,,,,,1,,,24.95,"All Products, Hardware",,,,,,,,,,,,,,,,,,,,,,,,,,,,,,,,Tuffone
,simple,F02964,Tuffone Refuse Bags Flat Pack 20's Black Standard 750 x 950mm ± 18 Micron,1,,visible,,,,,taxable,,1,74,3,0,0,,,,,1,,,25.76,"All Products, Hardware",,,,,,,,,,,,,,,,,,,,,,,,,,,,,,,,Tuffone
,simple,F02963,Tuffone Refuse Bags Flat Pack 20's Clear 800 x 910mm ± 35 Micron,1,,visible,,,,,taxable,,1,41,3,0,0,,,,,1,,,46.61,"All Products, Hardware",,,,,,,,,,,,,,,,,,,,,,,,,,,,,,,,Tuffone
,simple,F02965,Tuffone Refuse Bags Flat Pack 20's Black Super Strong 750 x 950mm ± 25 Micron,1,,visible,,,,,taxable,,1,71,3,0,0,,,,,1,,,35.34,"All Products, Hardware",,,,,,,,,,,,,,,,,,,,,,,,,,,,,,,,Tuffone
,simple,F02966,Tuffone Refuse Bags Flat Pack 20's Black Extra Strong 750 x 950mm ± 35 Micron,1,,visible,,,,,taxable,,1,210,3,0,0,,,,,1,,,47.49,"All Products, Hardware",,,,,,,,,,,,,,,,,,,,,,,,,,,,,,,,Tuffone
,simple,F02315,CONT. SET OVAL 3 IN 1 BG ASSTD COL,1,,visible,,,,,taxable,,1,10,3,0,0,,,,,1,,,11.13,"All Products, Homeware, Homeware > Storage & Organisation",,,,,,,,,,,,,,,,,,,,,,,,,,,,,,,,Impulse
,simple,F02008,CONT. RECT 2 TONE 1400ML ASSTD COL,1,,visible,,,,,taxable,,1,20,3,0,0,,,,,1,,,28.9,"All Products, Homeware, Homeware > Storage & Organisation",,,,,,,,,,,,,,,,,,,,,,,,,,,,,,,,Impulse
,simple,F02013,CONT. SQUARE 2 TONE 1400ML ASSTD COL,1,,visible,,,,,taxable,,1,97,3,0,0,,,,,1,,,24.95,"All Products, Homeware, Homeware > Storage & Organisation",,,,,,,,,,,,,,,,,,,,,,,,,,,,,,,,Impulse
,simple,F02268,BOWL SALAD OTIMA ASSTD COLOURS,1,,visible,,,,,taxable,,1,24,3,0,0,,,,,1,,,52.32,"All Products, Hardware",,,,,,,,,,,,,,,,,,,,,,,,,,,,,,,,OTIMA
,simple,F02254,BOWL PLASTIC SMALL ASSTD COLOURS,1,,visible,,,,,taxable,,1,10,3,0,0,,,,,1,,,21.75,"All Products, Hardware",,,,,,,,,,,,,,,,,,,,,,,,,,,,,,,,Impulse
,simple,F02255,BOWL PLASTIC MEDIUM ASSTD COLOURS,1,,visible,,,,,taxable,,1,10,3,0,0,,,,,1,,,58.36,"All Products, Hardware",,,,,,,,,,,,,,,,,,,,,,,,,,,,,,,,Impulse
,simple,F02256,BOWL PLASTIC LARGE ASSTD COLOURS,1,,visible,,,,,taxable,,1,10,3,0,0,,,,,1,,,77.2,"All Products, Hardware",,,,,,,,,,,,,,,,,,,,,,,,,,,,,,,,Impulse
,simple,F02351,DUSTPAN & BRUSH SET BG,1,,visible,,,,,taxable,,1,3,3,0,0,,,,,1,,,49.51,"All Products, Hardware, Hardware > Painting & Decorating, Homeware, Homeware > Cleaning & Organization",,,,,,,,,,,,,,,,,,,,,,,,,,,,,,,,Impulse
,simple,F01211,BABY BATH SMALL ASSTD COLOURS,1,,visible,,,,,taxable,,1,151,3,0,0,,,,,1,,,45.0,"All Products, Hardware",,,,,,,,,,,,,,,,,,,,,,,,,,,,,,,,Impulse
,simple,F01992,BABY BATH JUMBO OLIVE ASSTD,1,,visible,,,,,taxable,,1,8,3,0,0,,,,,1,,,88.47,"All Products, Hardware",,,,,,,,,,,,,,,,,,,,,,,,,,,,,,,,Impulse
,simple,F02350,VEGETABLE RACK OVAL ASSTD COL,1,,visible,,,,,taxable,,1,117,3,0,0,,,,,1,,,74.86,"All Products, Homeware, Homeware > Storage & Organisation",,,,,,,,,,,,,,,,,,,,,,,,,,,,,,,,Impulse
,simple,F02320,VEGETABLE RACK MULTI PURPOSE 3 TIER OTIMA ASSTD,1,,visible,,,,,taxable,,1,139,3,0,0,,,,,1,,,130.33,"All Products, Homeware, Homeware > Storage & Organisation",,,,,,,,,,,,,,,,,,,,,,,,,,,,,,,,OTIMA
,simple,F02357,ORGANIZER PLASTIC BG CLEAR,1,,visible,,,,,taxable,,1,10,3,0,0,,,,,1,,,65.2,"All Products, Hardware",,,,,,,,,,,,,,,,,,,,,,,,,,,,,,,,Impulse
,simple,F02909,TEA/COFFEE/SUGAR 3PCE SET ASSTD,1,,visible,,,,,taxable,,1,953,3,0,0,,,,,1,,,39.44,"All Products, Hardware",,,,,,,,,,,,,,,,,,,,,,,,,,,,,,,,Impulse
,simple,F02366,TRAY PLASTIC ASSTD COLOUR,1,,visible,,,,,taxable,,1,8,3,0,0,,,,,1,,,29.78,"All Products, Hardware",,,,,,,,,,,,,,,,,,,,,,,,,,,,,,,,Impulse
,simple,F02353,HONEY JAR PLASTIC BG,1,,visible,,,,,taxable,,1,220,3,0,0,,,,,1,,,5.15,"All Products, Hardware",,,,,,,,,,,,,,,,,,,,,,,,,,,,,,,,Impulse
,simple,F02368,SAUCE DISPENSER 3PCE PLASTIC,1,,visible,,,,,taxable,,1,36,3,0,0,,,,,1,,,40.17,"All Products, Hardware",,,,,,,,,,,,,,,,,,,,,,,,,,,,,,,,Impulse
,simple,F02352,EGG TRAY 18PCE BG ASSTD COL,1,,visible,,,,,taxable,,1,25,3,0,0,,,,,1,,,37.03,"All Products, Hardware",,,,,,,,,,,,,,,,,,,,,,,,,,,,,,,,Impulse
,simple,F02329,WATER BOTTLE 250ML ASSTD COLOURS,1,,visible,,,,,taxable,,1,770,3,0,0,,,,,1,,,20.93,"All Products, Hardware",,,,,,,,,,,,,,,,,,,,,,,,,,,,,,,,Impulse
,simple,F02328,WATER BOTTLE 500ML ASSTD COLOURS,1,,visible,,,,,taxable,,1,1356,3,0,0,,,,,1,,,23.02,"All Products, Hardware",,,,,,,,,,,,,,,,,,,,,,,,,,,,,,,,Impulse
,simple,F02535,ICE MOULD ICE TRAY PLASTIC,1,,visible,,,,,taxable,,1,2990,3,0,0,,,,,1,,,15.29,"All Products, Hardware",,,,,,,,,,,,,,,,,,,,,,,,,,,,,,,,Impulse
,simple,F02272,SWEET BOWL PLASTIC 6's ASSTD COL,1,,visible,,,,,taxable,,1,10,3,0,0,,,,,1,,,8.49,"All Products, Hardware",,,,,,,,,,,,,,,,,,,,,,,,,,,,,,,,Impulse
,simple,F02348,PAINT TRAY ASSTD COL,1,,visible,,,,,taxable,,1,16353,3,0,0,,,,,1,,,12.07,"All Products, Hardware",,,,,,,,,,,,,,,,,,,,,,,,,,,,,,,,Impulse
,simple,F02762,11OZ MATT 2 TONE GLAZED,1,,visible,,,,,taxable,,1,10,3,0,0,,,,,1,,,10.93,"All Products, Homeware, Homeware > Decor",,,,,,,,,,,,,,,,,,,,,,,,,,,,,,,,Impulse
,simple,F03930,14OZ MATT GLAZED,1,,visible,,,,,taxable,,1,10,3,0,0,,,,,1,,,0.14,"All Products, Homeware, Homeware > Decor",,,,,,,,,,,,,,,,,,,,,,,,,,,,,,,,Impulse
,simple,F01240,GLAZED MUG 12-17OZ ASSTD SIZES,1,,visible,,,,,taxable,,1,9362,3,0,0,,,,,1,,,12.8,"All Products, Hardware",,,,,,,,,,,,,,,,,,,,,,,,,,,,,,,,Impulse
,simple,F01080,MUG 16OZ GLAZED ASSTD SHAPE,1,,visible,,,,,taxable,,1,4,3,0,0,,,,,1,,,14.41,"All Products, Hardware",,,,,,,,,,,,,,,,,,,,,,,,,,,,,,,,Impulse
,simple,F00785,TRAVEL MUG 425ML,1,,visible,,,,,taxable,,1,1665,3,0,0,,,,,1,,,27.29,"All Products, Hardware",,,,,,,,,,,,,,,,,,,,,,,,,,,,,,,,Impulse
,simple,F00126,MUG HAND PAINTED,1,,visible,,,,,taxable,,1,10,3,0,0,,,,,1,,,10.45,"All Products, Hardware",,,,,,,,,,,,,,,,,,,,,,,,,,,,,,,,Impulse
,simple,F02962,Baking Paper Double Sided Non Stick 30CM x 10M,1,,visible,,,,,taxable,,1,10,3,0,0,,,,,1,,,33.0,"All Products, Hardware",,,,,,,,,,,,,,,,,,,,,,,,,,,,,,,,Impulse
,simple,F02960,Coffee Cup Lids 1000P CS - Black,1,,visible,,,,,taxable,,1,10,3,0,0,,,,,1,,,787.29,"All Products, Hardware",,,,,,,,,,,,,,,,,,,,,,,,,,,,,,,,Impulse
,simple,F02961,Coffee Cup Lids 1000P CS - White,1,,visible,,,,,taxable,,1,2,3,0,0,,,,,1,,,787.29,"All Products, Hardware",,,,,,,,,,,,,,,,,,,,,,,,,,,,,,,,Impulse
,simple,F02958,Coffee Cup 8OZ 250ML 25's - Black Cups,1,,visible,,,,,taxable,,1,2,3,0,0,,,,,1,,,1014.3,"All Products, Hardware",,,,,,,,,,,,,,,,,,,,,,,,,,,,,,,,Impulse
,simple,F02959,Coffee Cup 8OZ 250ML 25's - Craft Cups,1,,visible,,,,,taxable,,1,10,3,0,0,,,,,1,,,1014.3,"All Products, Hardware",,,,,,,,,,,,,,,,,,,,,,,,,,,,,,,,Impulse
,simple,F01349/008,Mugs 11oz Porcelain Glazed - Coffee Design,1,,visible,,,,,taxable,,1,10,3,0,0,,,,,1,,,8.39,"All Products, Hardware",,,,,,,,,,,,,,,,,,,,,,,,,,,,,,,,Impulse
,simple,F01314/004,Mugs 11oz Porcelain Glazed - Colorful Circles Design,1,,visible,,,,,taxable,,1,10,3,0,0,,,,,1,,,8.39,"All Products, Hardware",,,,,,,,,,,,,,,,,,,,,,,,,,,,,,,,Impulse
,simple,F01195/G,Mugs 11oz Porcelain Glazed - Coffee Text Design,1,,visible,,,,,taxable,,1,10,3,0,0,,,,,1,,,8.39,"All Products, Hardware",,,,,,,,,,,,,,,,,,,,,,,,,,,,,,,,Impulse
,simple,F01278/006,Mugs 11oz Porcelain Glazed - Dots & Stripes Design,1,,visible,,,,,taxable,,1,10,3,0,0,,,,,1,,,8.39,"All Products, Hardware",,,,,,,,,,,,,,,,,,,,,,,,,,,,,,,,Impulse
,simple,F01346/002,Mugs 11oz Porcelain Glazed - Coffee House Design,1,,visible,,,,,taxable,,1,10,3,0,0,,,,,1,,,8.39,"All Products, Hardware",,,,,,,,,,,,,,,,,,,,,,,,,,,,,,,,Impulse
,simple,F00368/E,Mugs 11oz Porcelain Glazed - Coffee Cafe Design,1,,visible,,,,,taxable,,1,10,3,0,0,,,,,1,,,8.39,"All Products, Hardware",,,,,,,,,,,,,,,,,,,,,,,,,,,,,,,,Impulse
,simple,F01276/A,Mugs 11oz Porcelain Glazed - Coffee Cup Design,1,,visible,,,,,taxable,,1,10,3,0,0,,,,,1,,,8.39,"All Products, Hardware",,,,,,,,,,,,,,,,,,,,,,,,,,,,,,,,Impulse
,simple,F01196/C,Mugs 11oz Porcelain Glazed - Coffee Kaffee Café Design,1,,visible,,,,,taxable,,1,10,3,0,0,,,,,1,,,8.39,"All Products, Hardware",,,,,,,,,,,,,,,,,,,,,,,,,,,,,,,,Impulse
,simple,F01092/B,Mugs 11oz Porcelain Glazed - Nescafe Coffee Design,1,,visible,,,,,taxable,,1,10,3,0,0,,,,,1,,,8.39,"All Products, Hardware",,,,,,,,,,,,,,,,,,,,,,,,,,,,,,,,Impulse
,simple,F01279/005,Mugs 11oz Porcelain Glazed - Hearts & Stripes Design,1,,visible,,,,,taxable,,1,10,3,0,0,,,,,1,,,8.39,"All Products, Hardware",,,,,,,,,,,,,,,,,,,,,,,,,,,,,,,,Impulse
,simple,F00015,Lantern Large - 35CM,1,,visible,,,,,taxable,,1,2,3,0,0,,,,,1,,,123.89,"All Products, Hardware, Hardware > Lighting",,,,,,,,,,,,,,,,,,,,,,,,,,,,,,,,Impulse
,simple,F02349,Vacuum Flask 3.2LT,1,,visible,,,,,taxable,,1,1815,3,0,0,,,,,1,,,135.16,"All Products, Homeware, Homeware > Kitchen",,,,,,,,,,,,,,,,,,,,,,,,,,,,,,,,Ganthermoon
,simple,F03371,Hot Water Bottle 1LT + Cover,1,,visible,,,,,taxable,,1,10,3,0,0,,,,,1,,,1932.0,"All Products, Homeware, Homeware > Health & Wellness",,,,,,,,,,,,,,,,,,,,,,,,,,,,,,,,Impulse
,simple,F02423,GAS GEYSER 12 LITRE,1,,visible,,,,,taxable,,1,10,3,0,0,,,,,1,,,4528.12,"All Products, Hardware",,,,,,,,,,,,,,,,,,,,,,,,,,,,,,,,Candere
,simple,F01194,12OZ ASSTD DECAL,1,,visible,,,,,taxable,,1,10467,3,0,0,,,,,1,,,13.68,"All Products, Hardware",,,,,,,,,,,,,,,,,,,,,,,,,,,,,,,,Impulse
,simple,F01348,FINE BONE CHINE COFFEE SHORT MUG,1,,visible,,,,,taxable,,1,566,3,0,0,,,,,1,,,12.8,"All Products, Hardware",,,,,,,,,,,,,,,,,,,,,,,,,,,,,,,,Impulse
,simple,F01316,FINE BONE CHINE COFFEE SHORT MUG,1,,visible,,,,,taxable,,1,1547,3,0,0,,,,,1,,,12.8,"All Products, Hardware",,,,,,,,,,,,,,,,,,,,,,,,,,,,,,,,Impulse
,simple,F01350,FINE BONE CHINE COFFEE SHORT MUG,1,,visible,,,,,taxable,,1,2309,3,0,0,,,,,1,,,12.8,"All Products, Hardware",,,,,,,,,,,,,,,,,,,,,,,,,,,,,,,,Impulse
,simple,F01315,FINE BONE CHINA GRAPHICS DESIGN,1,,visible,,,,,taxable,,1,1383,3,0,0,,,,,1,,,16.02,"All Products, Hardware",,,,,,,,,,,,,,,,,,,,,,,,,,,,,,,,Impulse
,simple,F01351,FINE BONE CHINA HEARTS DESIGN,1,,visible,,,,,taxable,,1,484,3,0,0,,,,,1,,,16.02,"All Products, Hardware",,,,,,,,,,,,,,,,,,,,,,,,,,,,,,,,Impulse
,simple,F00618,MUG 8-9OZ ASSORTED COLOUR GLAZED (B-GRADE),1,,visible,,,,,taxable,,1,23020,3,0,0,,,,,1,,,6.91,"All Products, Hardware",,,,,,,,,,,,,,,,,,,,,,,,,,,,,,,,Impulse
,simple,F01193,111 - 2OZ ASSTD GLAZED 2 COLOR,1,,visible,,,,,taxable,,1,34748,3,0,0,,,,,1,,,13.68,"All Products, Hardware",,,,,,,,,,,,,,,,,,,,,,,,,,,,,,,,Impulse
,simple,F03248,MUG CERAMIC FANCY WITH MIRROR LID,1,,visible,,,,,taxable,,1,3349,3,0,0,,,,,1,,,61.1,"All Products, Homeware, Homeware > Appliances, Homeware > Appliances > Small Appliances",,,,,,,,,,,,,,,,,,,,,,,,,,,,,,,,Impulse
,simple,F00293,"7"" Hand Painted",1,,visible,,,,,taxable,,1,13057,3,0,0,,,,,1,,,12.8,"All Products, Hardware",,,,,,,,,,,,,,,,,,,,,,,,,,,,,,,,Impulse
,simple,F00841,"8.25"" Hand Painted",1,,visible,,,,,taxable,,1,16297,3,0,0,,,,,1,,,16.02,"All Products, Hardware",,,,,,,,,,,,,,,,,,,,,,,,,,,,,,,,Impulse
,simple,F00344,8.25 Ethnic,1,,visible,,,,,taxable,,1,24901,3,0,0,,,,,1,,,16.02,"All Products, Hardware",,,,,,,,,,,,,,,,,,,,,,,,,,,,,,,,Impulse
,simple,F02760,"8"" Deep Reactive GL",1,,visible,,,,,taxable,,1,6236,3,0,0,,,,,1,,,22.46,"All Products, Hardware",,,,,,,,,,,,,,,,,,,,,,,,,,,,,,,,Impulse
,simple,F01090,"5.5"" Glazed Matt Asstd Colours",1,,visible,,,,,taxable,,1,10,3,0,0,,,,,1,,,13.67,"All Products, Homeware, Homeware > Decor",,,,,,,,,,,,,,,,,,,,,,,,,,,,,,,,Impulse
,simple,F03963,"6"" Bowl Deep Glazed",1,,visible,,,,,taxable,,1,10,3,0,0,,,,,1,,,8.05,"All Products, Hardware",,,,,,,,,,,,,,,,,,,,,,,,,,,,,,,,Impulse
,simple,F01185,"8"" Reactive Glazed Asstd Bowl",1,,visible,,,,,taxable,,1,10,3,0,0,,,,,1,,,16.02,"All Products, Hardware",,,,,,,,,,,,,,,,,,,,,,,,,,,,,,,,Impulse
,simple,F01186,"9"" Plate Soup Decal/Full Colour",1,,visible,,,,,taxable,,1,16622,3,0,0,,,,,1,,,14.41,"All Products, Hardware",,,,,,,,,,,,,,,,,,,,,,,,,,,,,,,,Impulse
,simple,F00623,Rose Designs Spoons 12's Tea Spoon,1,,visible,,,,,taxable,,1,1053,3,0,0,,,,,1,,,24.07,"All Products, Hardware",,,,,,,,,,,,,,,,,,,,,,,,,,,,,,,,Impulse
,simple,F00624,Rose Designs Spoons 12's Table Spoon,1,,visible,,,,,taxable,,1,4815,3,0,0,,,,,1,,,31.39,"All Products, Hardware",,,,,,,,,,,,,,,,,,,,,,,,,,,,,,,,Impulse
,simple,F00625,Rose Fork 12's,1,,visible,,,,,taxable,,1,683,3,0,0,,,,,1,,,31.39,"All Products, Hardware",,,,,,,,,,,,,,,,,,,,,,,,,,,,,,,,Impulse
,simple,F00626,Rose Knife 12's,1,,visible,,,,,taxable,,1,250,3,0,0,,,,,1,,,53.93,"All Products, Hardware, Hardware > Cutting & Grinding",,,,,,,,,,,,,,,,,,,,,,,,,,,,,,,,Impulse
,simple,F01102,Bread Knife,1,,visible,,,,,taxable,,1,645,3,0,0,,,,,1,,,28.9,"All Products, Hardware, Hardware > Cutting & Grinding",,,,,,,,,,,,,,,,,,,,,,,,,,,,,,,,Impulse
,simple,F02537,Heavy Duty S/S Fine Dining Table Spoon 6's,1,,visible,,,,,taxable,,1,10,3,0,0,,,,,1,,,40.17,"All Products, Hardware",,,,,,,,,,,,,,,,,,,,,,,,,,,,,,,,Impulse
,simple,F02538,Heavy Duty S/S Fine Dining Knife 6's,1,,visible,,,,,taxable,,1,174,3,0,0,,,,,1,,,52.32,"All Products, Hardware, Hardware > Cutting & Grinding",,,,,,,,,,,,,,,,,,,,,,,,,,,,,,,,Impulse
,simple,F01093,Grater Metal 4 Sided,1,,visible,,,,,taxable,,1,402,3,0,0,,,,,1,,,20.12,"All Products, Hardware",,,,,,,,,,,,,,,,,,,,,,,,,,,,,,,,Impulse
,simple,F01360,Grater Good Quality Asstd Col,1,,visible,,,,,taxable,,1,1042,3,0,0,,,,,1,,,40.17,"All Products, Hardware",,,,,,,,,,,,,,,,,,,,,,,,,,,,,,,,Impulse
,simple,F00780,Metal Can + Bottle Opener,1,,visible,,,,,taxable,,1,581,3,0,0,,,,,1,,,17.63,"All Products, Hardware",,,,,,,,,,,,,,,,,,,,,,,,,,,,,,,,Impulse
,simple,F02585,Can Opener Plastic Handle,1,,visible,,,,,taxable,,1,465,3,0,0,,,,,1,,,40.17,"All Products, Hardware",,,,,,,,,,,,,,,,,,,,,,,,,,,,,,,,Impulse
,simple,F02560,Food Cliper Small Tong,1,,visible,,,,,taxable,,1,737,3,0,0,,,,,1,,,14.41,"All Products, Hardware",,,,,,,,,,,,,,,,,,,,,,,,,,,,,,,,Impulse
,simple,F02562,Food Clipper 25.5CM Flipper Narrow,1,,visible,,,,,taxable,,1,116,3,0,0,,,,,1,,,27.29,"All Products, Hardware",,,,,,,,,,,,,,,,,,,,,,,,,,,,,,,,Impulse
,simple,F02563,Food Clipper 23CM Flipper Broad,1,,visible,,,,,taxable,,1,21,3,0,0,,,,,1,,,30.51,"All Products, Hardware",,,,,,,,,,,,,,,,,,,,,,,,,,,,,,,,Impulse
,simple,F00771,Muffin Tray Cake Mould 6's (Cups),1,,visible,,,,,taxable,,1,1,3,0,0,,,,,1,,,29.78,"All Products, Hardware",,,,,,,,,,,,,,,,,,,,,,,,,,,,,,,,Impulse
,simple,F00772,Muffin Tray Cake Mould 12's (Cups),1,,visible,,,,,taxable,,1,2,3,0,0,,,,,1,,,56.27,"All Products, Hardware",,,,,,,,,,,,,,,,,,,,,,,,,,,,,,,,Impulse
,simple,F01184,"4.5"" Decal Asstd",1,,visible,,,,,taxable,,1,6588,3,0,0,,,,,1,,,9.64,"All Products, Hardware",,,,,,,,,,,,,,,,,,,,,,,,,,,,,,,,Impulse
,simple,F01473,"6"" Decal Porcelain",1,,visible,,,,,taxable,,1,7810,3,0,0,,,,,1,,,14.41,"All Products, Hardware",,,,,,,,,,,,,,,,,,,,,,,,,,,,,,,,Impulse
,simple,F03400,"7"" Decal Asstd",1,,visible,,,,,taxable,,1,9418,3,0,0,,,,,1,,,15.29,"All Products, Hardware",,,,,,,,,,,,,,,,,,,,,,,,,,,,,,,,Impulse
,simple,F01474,"8"" Decal Porcelain",1,,visible,,,,,taxable,,1,6152,3,0,0,,,,,1,,,20.85,"All Products, Hardware",,,,,,,,,,,,,,,,,,,,,,,,,,,,,,,,Impulse
,simple,F01204,"8"" Soup Fancy Decal Porcelain",1,,visible,,,,,taxable,,1,1735,3,0,0,,,,,1,,,14.15,"All Products, Homeware, Homeware > Appliances, Homeware > Appliances > Small Appliances",,,,,,,,,,,,,,,,,,,,,,,,,,,,,,,,Impulse
,simple,F01543,14CM Glass Diamond,1,,visible,,,,,taxable,,1,10,3,0,0,,,,,1,,,8.52,"All Products, Hardware",,,,,,,,,,,,,,,,,,,,,,,,,,,,,,,,Impulse
,simple,F03617,"Plate 10.6"" Pasta Plate Reactive",1,,visible,,,,,taxable,,1,5202,3,0,0,,,,,1,,,30.51,"All Products, Hardware",,,,,,,,,,,,,,,,,,,,,,,,,,,,,,,,Impulse
,simple,F01270,"Bowl White Deep/Salad Bowl 5.5""",1,,visible,,,,,taxable,,1,4840,3,0,0,,,,,1,,,11.25,"All Products, Hardware",,,,,,,,,,,,,,,,,,,,,,,,,,,,,,,,Impulse
,simple,F00799,"Bowl White Deep/Salad Bowl 7""",1,,visible,,,,,taxable,,1,7560,3,0,0,,,,,1,,,13.68,"All Products, Hardware",,,,,,,,,,,,,,,,,,,,,,,,,,,,,,,,Impulse
,simple,F00676,"Bowl White Deep/Salad Bowl 6""",1,,visible,,,,,taxable,,1,10,3,0,0,,,,,1,,,6.02,"All Products, Hardware",,,,,,,,,,,,,,,,,,,,,,,,,,,,,,,,Impulse
,simple,F00677,"Bowl White Deep/Salad Bowl 8""",1,,visible,,,,,taxable,,1,10,3,0,0,,,,,1,,,11.54,"All Products, Hardware",,,,,,,,,,,,,,,,,,,,,,,,,,,,,,,,Impulse
,simple,F01607,"Bowl 8"" White Embossed Deep Black Rim",1,,visible,,,,,taxable,,1,6199,3,0,0,,,,,1,,,15.76,"All Products, Hardware",,,,,,,,,,,,,,,,,,,,,,,,,,,,,,,,Impulse
,simple,F02452,Pocket Tissues 3 Ply 10's,1,,visible,,,,,taxable,,1,10,3,0,0,,,,,1,,,39.61,"All Products, Hardware",,,,,,,,,,,,,,,,,,,,,,,,,,,,,,,,Impulse
,simple,F02451,Toilet Roll 2 Ply 48's Mega Soft,1,,visible,,,,,taxable,,1,17,3,0,0,,,,,1,,,243.43,"All Products, Hardware",,,,,,,,,,,,,,,,,,,,,,,,,,,,,,,,Mega Soft
,simple,F02449,Paper Towel Roller Jumbo Daisy Soft,1,,visible,,,,,taxable,,1,10,3,0,0,,,,,1,,,48.22,"All Products, Hardware, Hardware > Painting & Decorating",,,,,,,,,,,,,,,,,,,,,,,,,,,,,,,,Daisy Soft
,simple,F02453,Toilet Roll 18's 2 Ply Daisy 350 Sheets,1,,visible,,,,,taxable,,1,10,3,0,0,,,,,1,,,160.92,"All Products, Hardware",,,,,,,,,,,,,,,,,,,,,,,,,,,,,,,,Daisy
,simple,F02450,Toilet Roll 1 Ply 48's Virgin,1,,visible,,,,,taxable,,1,3,3,0,0,,,,,1,,,213.32,"All Products, Hardware",,,,,,,,,,,,,,,,,,,,,,,,,,,,,,,,Daisy Soft
,simple,F03478,Drain Rod 3 x 3M,1,,visible,,,,,taxable,,1,54,3,0,0,,,,,1,,,79.69,"All Products, Hardware",,,,,,,,,,,,,,,,,,,,,,,,,,,,,,,,Impulse
,simple,F03479,Drain Rod 3 x 5M,1,,visible,,,,,taxable,,1,65,3,0,0,,,,,1,,,112.62,"All Products, Hardware",,,,,,,,,,,,,,,,,,,,,,,,,,,,,,,,Impulse
,simple,F02784,Aluminium Foil Tray 10PK + Foil Lid 450ML 15 x 12CM x 50MM,1,,visible,,,,,taxable,,1,1004,3,0,0,,,,,1,,,40.17,"All Products, Hardware",,,,,,,,,,,,,,,,,,,,,,,,,,,,,,,,Impulse
,simple,F02785,Aluminium Foil Tray 10PK + Foil Lid 1100ML 22 x 16CM x 50MM,1,,visible,,,,,taxable,,1,821,3,0,0,,,,,1,,,53.05,"All Products, Hardware",,,,,,,,,,,,,,,,,,,,,,,,,,,,,,,,Impulse
,simple,F02789,Aluminium Foil Tray 2PK + Plastic Lid 9700ML 52.5 x 32.8CM x 76MM,1,,visible,,,,,taxable,,1,549,3,0,0,,,,,1,,,93.3,"All Products, Hardware",,,,,,,,,,,,,,,,,,,,,,,,,,,,,,,,Impulse
,simple,F02420,Cleaning Sponge 3 Pack,1,,visible,,,,,taxable,,1,10,3,0,0,,,,,1,,,7.71,"All Products, Homeware, Homeware > Cleaning & Organization",,,,,,,,,,,,,,,,,,,,,,,,,,,,,,,,Impulse
,simple,F02421,Cleaning Sponge 5 Pack,1,,visible,,,,,taxable,,1,13944,3,0,0,,,,,1,,,12.07,"All Products, Homeware, Homeware > Cleaning & Organization",,,,,,,,,,,,,,,,,,,,,,,,,,,,,,,,Impulse
,simple,F02422,Pot Scourer 2PK 12KG S/Steel,1,,visible,,,,,taxable,,1,40854,3,0,0,,,,,1,,,5.62,"All Products, Hardware",,,,,,,,,,,,,,,,,,,,,,,,,,,,,,,,Impulse
,simple,F02540,"Strainer S/S 3 Piece 7"" - 8"" - 10""",1,,visible,,,,,taxable,,1,51,3,0,0,,,,,1,,,27.29,"All Products, Hardware",,,,,,,,,,,,,,,,,,,,,,,,,,,,,,,,Impulse
,simple,F02541,"Strainer S/S 3 Piece 12"" - 14"" - 16""",1,,visible,,,,,taxable,,1,253,3,0,0,,,,,1,,,46.61,"All Products, Hardware",,,,,,,,,,,,,,,,,,,,,,,,,,,,,,,,Impulse
,simple,F03619,Diamond Embossed Tumbler Set 3 Piece,1,,visible,,,,,taxable,,1,3388,3,0,0,,,,,1,,,46.61,"All Products, Hardware",,,,,,,,,,,,,,,,,,,,,,,,,,,,,,,,Impulse
,simple,F03485,Cup & Saucer 12PCS Set White,1,,visible,,,,,taxable,,1,310,3,0,0,,,,,1,,,112.62,"All Products, Hardware",,,,,,,,,,,,,,,,,,,,,,,,,,,,,,,,Impulse
,simple,F03486,Cup & Saucer 12PCS Set Gold Line,1,,visible,,,,,taxable,,1,463,3,0,0,,,,,1,,,193.12,"All Products, Hardware",,,,,,,,,,,,,,,,,,,,,,,,,,,,,,,,Impulse
,simple,F02542,Dinner Set 16PC Asstd Designs,1,,visible,,,,,taxable,,1,491,3,0,0,,,,,1,,,288.19,"All Products, Hardware",,,,,,,,,,,,,,,,,,,,,,,,,,,,,,,,Impulse
,simple,F00725,"Porcelain Fancy Glamour A Grade Printed Plates 10.5"" - Blue White",1,,visible,,,,,taxable,,1,2792,3,0,0,,,,,1,,,25.68,"All Products, Homeware, Homeware > Appliances, Homeware > Appliances > Small Appliances",,,,,,,,,,,,,,,,,,,,,,,,,,,,,,,,Impulse
,simple,F03929B,PLATE WHITE FINE BONE CHINA ROUND A - GRADE,1,,visible,,,,,taxable,,1,10,3,0,0,,,,,1,,,15.95,"All Products, Hardware",,,,,,,,,,,,,,,,,,,,,,,,,,,,,,,,Impulse
,simple,F03929A,PLATE WHITE FINE BONE CHINA FLAT A - GRADE,1,,visible,,,,,taxable,,1,10,3,0,0,,,,,1,,,15.95,"All Products, Hardware",,,,,,,,,,,,,,,,,,,,,,,,,,,,,,,,Impulse
,simple,F00318,"PLATE DINNER WHITE OCTAGONAL 10-11""",1,,visible,,,,,taxable,,1,10,3,0,0,,,,,1,,,19.3,"All Products, Hardware",,,,,,,,,,,,,,,,,,,,,,,,,,,,,,,,Impulse
,simple,F00493,"PLATE 10.5"" WHITE SQUARE",1,,visible,,,,,taxable,,1,65,3,0,0,,,,,1,,,22.46,"All Products, Hardware",,,,,,,,,,,,,,,,,,,,,,,,,,,,,,,,Impulse
,simple,F00011,HAND PAINTED PLATE,1,,visible,,,,,taxable,,1,2741,3,0,0,,,,,1,,,17.63,"All Products, Hardware",,,,,,,,,,,,,,,,,,,,,,,,,,,,,,,,Impulse
,simple,F00450,"ETHNIC PLATE 10.5""",1,,visible,,,,,taxable,,1,11911,3,0,0,,,,,1,,,16.9,"All Products, Hardware",,,,,,,,,,,,,,,,,,,,,,,,,,,,,,,,Impulse
,simple,F02417,"PLATE 10.5"" GLAZED REACTIVE ASSORTED",1,,visible,,,,,taxable,,1,195,3,0,0,,,,,1,,,18.51,"All Products, Hardware",,,,,,,,,,,,,,,,,,,,,,,,,,,,,,,,Impulse
,simple,F03962,"PLATE 10.5"" MOONLIGHT ASSORTED",1,,visible,,,,,taxable,,1,10,3,0,0,,,,,1,,,6.44,"All Products, Hardware, Hardware > Lighting",,,,,,,,,,,,,,,,,,,,,,,,,,,,,,,,Impulse
,simple,F00733,TUMBLER HI-BALL LOOSE,1,,visible,,,,,taxable,,1,39117,3,0,0,,,,,1,,,6.1,"All Products, Hardware",,,,,,,,,,,,,,,,,,,,,,,,,,,,,,,,Impulse
,simple,F01161,TUMBLER ZOMBIE LOOSE,1,,visible,,,,,taxable,,1,41857,3,0,0,,,,,1,,,8.84,"All Products, Hardware",,,,,,,,,,,,,,,,,,,,,,,,,,,,,,,,Impulse
,simple,F01159,TUMBLER WILLY LOOSE,1,,visible,,,,,taxable,,1,653,3,0,0,,,,,1,,,9.16,"All Products, Hardware",,,,,,,,,,,,,,,,,,,,,,,,,,,,,,,,Impulse
,simple,F03319,TUMBLER WHISKEY 270ML,1,,visible,,,,,taxable,,1,17785,3,0,0,,,,,1,,,6.75,"All Products, Hardware",,,,,,,,,,,,,,,,,,,,,,,,,,,,,,,,Impulse
,simple,F01158,HI-BALL 6 PACK,1,,visible,,,,,taxable,,1,45,3,0,0,,,,,1,,,41.78,"All Products, Hardware",,,,,,,,,,,,,,,,,,,,,,,,,,,,,,,,Impulse
,simple,F01162,ZOMBIE 6 PACK,1,,visible,,,,,taxable,,1,23,3,0,0,,,,,1,,,54.66,"All Products, Hardware",,,,,,,,,,,,,,,,,,,,,,,,,,,,,,,,Impulse
,simple,F01160,WILLY 6 PACK,1,,visible,,,,,taxable,,1,2,3,0,0,,,,,1,,,55.85,"All Products, Hardware",,,,,,,,,,,,,,,,,,,,,,,,,,,,,,,,Pulse
,simple,F01510,RGJC - 15 Tumbler 6's Juice Glass Set 8oz,1,,visible,,,,,taxable,,1,1584,3,0,0,,,,,1,,,59.49,"All Products, Hardware",,,,,,,,,,,,,,,,,,,,,,,,,,,,,,,,Impulse
,simple,F01516,RGJC - 11 Tumbler 6's Juice Glass Set 8oz,1,,visible,,,,,taxable,,1,1974,3,0,0,,,,,1,,,59.49,"All Products, Hardware",,,,,,,,,,,,,,,,,,,,,,,,,,,,,,,,Impulse
,simple,F01517,RGJC - 17 Tumbler 6's Juice Glass Set 8oz,1,,visible,,,,,taxable,,1,1488,3,0,0,,,,,1,,,59.49,"All Products, Hardware",,,,,,,,,,,,,,,,,,,,,,,,,,,,,,,,Impulse
,simple,F01518,RGJC - 14 Tumbler 6's Juice Glass Set 8oz,1,,visible,,,,,taxable,,1,2146,3,0,0,,,,,1,,,59.49,"All Products, Hardware",,,,,,,,,,,,,,,,,,,,,,,,,,,,,,,,Impulse
,simple,F01512,CRY 5647 Tumbler 6's Juice Glass Set 8oz,1,,visible,,,,,taxable,,1,478,3,0,0,,,,,1,,,59.49,"All Products, Hardware",,,,,,,,,,,,,,,,,,,,,,,,,,,,,,,,Impulse
,simple,F01513,CRY 5649 Tumbler 6's Juice Glass Set 8oz,1,,visible,,,,,taxable,,1,236,3,0,0,,,,,1,,,59.49,"All Products, Hardware",,,,,,,,,,,,,,,,,,,,,,,,,,,,,,,,Impulse
,simple,F01515,CRY 5648 Tumbler 6's Juice Glass Set 8oz,1,,visible,,,,,taxable,,1,159,3,0,0,,,,,1,,,59.49,"All Products, Hardware",,,,,,,,,,,,,,,,,,,,,,,,,,,,,,,,Impulse
,simple,F01514,CRY 5650 Tumbler 6's Juice Glass Set 8oz,1,,visible,,,,,taxable,,1,494,3,0,0,,,,,1,,,59.49,"All Products, Hardware",,,,,,,,,,,,,,,,,,,,,,,,,,,,,,,,Impulse
,simple,F01509,RGWK - 08 Whisky Glass Set,1,,visible,,,,,taxable,,1,1215,3,0,0,,,,,1,,,77.2,"All Products, Hardware",,,,,,,,,,,,,,,,,,,,,,,,,,,,,,,,Impulse
,simple,F01511,RGWK - 05 Whisky Glass Set,1,,visible,,,,,taxable,,1,1741,3,0,0,,,,,1,,,77.2,"All Products, Hardware",,,,,,,,,,,,,,,,,,,,,,,,,,,,,,,,Impulse
,simple,F02826,Rect. Milk Jug 1.6LT,1,,visible,,,,,taxable,,1,2188,3,0,0,,,,,1,,,40.17,"All Products, Hardware",,,,,,,,,,,,,,,,,,,,,,,,,,,,,,,,Impulse
,simple,F02825,2LT JUG + LID,1,,visible,,,,,taxable,,1,849,3,0,0,,,,,1,,,41.78,"All Products, Hardware",,,,,,,,,,,,,,,,,,,,,,,,,,,,,,,,Impulse
