wc_id,sku,name,type,published,supplier,regular_price,has_price,has_image,has_desc,categories,gaps
7729,G7T9L7729,Potstory Rose Pot White,simple,False,unknown,,False,True,True,"All Products, Garden, Garden > Garden Pots, Homeware > Decor > Pots & Planters",no_price
7732,3TRB87732,Potstory Scroll Pot White,simple,False,unknown,,False,True,True,"All Products, Garden, Garden > Garden Pots, Homeware > Decor > Pots & Planters",no_price
7739,KPIL47739,Potstory Rib Pot Peach,variable,False,unknown,,False,True,True,"All Products, Garden, Garden > Garden Pots, Homeware > Decor > Pots & Planters",no_price
7744,I16137744,Potstory Acapulco White,variable,False,unknown,,False,True,True,"All Products, Garden, Garden > Garden Pots, Homeware > Decor > Pots & Planters",no_price
7747,4S7C97747,Potstory Shrub Pot Green,simple,False,unknown,,False,True,True,"All Products, Garden, Garden > Garden Pots, Homeware > Decor > Pots & Planters",no_price
7751,75S6W7751,Potstory Swazi Pot Black,simple,False,unknown,,False,True,True,"All Products, Garden, Garden > Garden Pots, Homeware > Decor > Pots & Planters",no_price
7758,34GQT7758,Potstory Oval Pot Small | Medium | Large Peach,variable,False,unknown,,False,True,True,"All Products, Garden, Garden > Garden Pots, Homeware > Decor > Pots & Planters",no_price
7762,AB9187762,Potstory Tivolee Medium/Large Black,variable,False,unknown,,False,True,True,"All Products, Garden, Garden > Garden Pots, Homeware > Decor > Pots & Planters",no_price
7767,6SF6X7767,Potstory Angolan Medium/Large Brown,variable,False,unknown,,False,True,True,"All Products, Garden, Garden > Garden Pots, Homeware > Decor > Pots & Planters",no_price
7768,79O877768,Potstory Elfin Brown,simple,False,unknown,250,True,True,True,"All Products, Garden, Garden > Garden Pots, Homeware > Decor > Pots & Planters",
7769,8H4TZ7769,Potstory Haiti Medium/ Large Brown,variable,False,unknown,,False,True,True,"All Products, Garden, Garden > Garden Pots, Homeware > Decor > Pots & Planters",no_price
7770,77V8M7770,Potstory Octagon Medium/ Large Gold,variable,False,unknown,,False,True,False,"All Products, Garden, Garden > Garden Pots, Homeware > Decor > Pots & Planters",no_price|no_description
7771,4F2DJ7771,Potstory Tortosa Peach,simple,False,unknown,,False,True,True,"All Products, Garden, Garden > Garden Pots, Homeware > Decor > Pots & Planters",no_price
7772,3L7WN7772,Potstory Constantia Brown,simple,False,unknown,,False,True,True,"All Products, Garden, Garden > Garden Pots, Homeware > Decor > Pots & Planters",no_price
7773,9J2VH7773,Potstory Chelsea Window Box Small White,simple,False,unknown,,False,True,True,"All Products, Garden, Garden > Garden Pots, Homeware > Decor > Pots & Planters",no_price
7774,19QTO7774,Potstory Window Basket Small - Black,variable,False,unknown,,False,True,True,"All Products, Garden, Garden > Garden Pots, Homeware > Decor > Pots & Planters",no_price
7775,1DUON7775,Potstory Bonsai Rectangle,simple,True,unknown,350,True,True,True,"All Products, Homeware > Decor, Garden, Garden > Garden Pots, Homeware > Decor > Pots & Planters",
7776,FC9PC7776,Potstory Serena Peach,simple,True,unknown,550,True,True,True,"All Products, Garden, Garden > Garden Pots, Homeware > Decor > Pots & Planters",
7777,RP42Y7777,Potstory Bonsai Pot Peach,simple,True,unknown,150,True,True,True,"All Products, Garden, Garden > Garden Pots, Homeware > Decor > Pots & Planters",
7778,N883V7778,Potstory - Square Pot with Rhino Motive - White,simple,True,unknown,800,True,True,True,"All Products, Homeware > Decor, Garden, Garden > Garden Pots, Homeware > Decor > Pots & Planters",
7779,1O7Z67779,Potstory Square Pot - Peach,simple,True,unknown,600,True,True,True,"All Products, Garden, Garden > Garden Pots, Homeware > Decor > Pots & Planters",
7780,IC4647780,Potstory African Jungle,simple,True,unknown,650,True,True,True,"All Products, Garden, Garden > Garden Pots, Homeware > Decor > Pots & Planters",
7782,U76177782,Potstory Classic,simple,True,unknown,650,True,True,False,"All Products, Garden, Garden > Garden Pots, Homeware > Decor > Pots & Planters",no_description
7783,978H27783,Potstory Window Box,simple,True,unknown,500,True,True,False,"All Products, Garden, Garden > Garden Pots, Homeware > Decor > Pots & Planters",no_description
9416,9902025256725,Mellerware - 500ml 25W Zest Citrus Juicer - Black,simple,False,unknown,420,True,False,False,"All Products, Homeware > Appliances, Homeware, Homeware > Appliances > Small Appliances",no_image|no_description
9428,PSILW,Potstory - Large Classic Round Pot - White,simple,True,unknown,300,True,True,True,"All Products, Garden, Garden > Garden Pots, Homeware > Decor > Pots & Planters",
9429,PSIMW,Potstory - Medium Classic Round Pot - White,simple,True,unknown,750,True,True,True,"All Products, Garden, Garden > Garden Pots, Homeware > Decor > Pots & Planters",
9430,PSAJB,Potstory - Square Pot with Elephant Motive - Brown,simple,True,unknown,750,True,True,True,"All Products, Garden, Garden > Garden Pots, Homeware > Decor > Pots & Planters",
9431,PSAJW,Potstory - Square Pot with Elephant Motive - White,simple,False,unknown,800,True,True,True,"All Products, Garden, Garden > Garden Pots, Homeware > Decor > Pots & Planters",
9432,PSSPB,Potstory - Classic Square Pot - Brown,simple,True,unknown,750,True,True,True,"All Products, Garden, Garden > Garden Pots, Homeware > Decor > Pots & Planters",
9433,PSRPB,Potstory Classic Round Rose Pot - Brown,simple,True,unknown,750,True,True,True,"All Products, Garden, Garden > Garden Pots, Homeware > Decor > Pots & Planters",
9434,PSRPW,Potstory - Classic Round Rose Pot - White,simple,False,unknown,750,True,True,True,"All Products, Garden, Garden > Garden Pots, Homeware > Decor > Pots & Planters",
9484,9902031123158,Instant Pot Duo 7-in-1 Smart Pressure Cooker (8L),simple,True,unknown,3299,True,True,True,"All Products, Homeware > Appliances, Homeware > Appliances > Small Appliances > Cookers, Homeware, Homeware > Appliances > Small Appliances",
9490,9902031455624,Kango Camping Kettle - 3.5L,simple,False,unknown,285,True,True,False,"All Products, Homeware > Kitchenware > Cookware & Bakeware, Homeware, Homeware > Appliances > Small Appliances > Kettles & Toasters, Homeware > Kitchenware, Homeware > Appliances > Small Appliances",no_description
9495,9902031123134,Instant Pot Duo 60 - 7-in-1 Smart Cooker,simple,True,unknown,2800,True,True,True,"All Products, Homeware > Appliances, Homeware > Appliances > Small Appliances > Cookers, Homeware, Homeware > Appliances > Small Appliances",
9507,F02042-1,3 Pack Selectrix: Plug Adaptor - White - 1 x Round 2 pin 16A with 1 x 2 pin 5A,simple,False,unknown,55,True,True,True,"All Products, Hardware > Electrical, Hardware > Electrical > Multiplugs & Adapters",
9526,9902025245392,Homestar 4 Bar Electric Heater,simple,True,unknown,1100,True,True,False,"All Products, Homeware > Appliances, Homeware > Fans & Heaters, Homeware > Appliances > Small Appliances",no_description
9530,9902025099612,1.4L Hart Camping Teapot,simple,False,unknown,180,True,True,True,"Homeware > Kitchenware > Cookware & Bakeware, Homeware, Homeware > Appliances > Small Appliances > Kettles & Toasters, Homeware > Kitchenware",
9553,9902025099582,Hart - J7 21 Litre Stew Pan,simple,False,unknown,890,True,False,False,"All Products, Homeware",no_image|no_description
9554,9902031267425,Round Bamboo Cutting Board,simple,True,unknown,200,True,True,True,"Homeware > Kitchenware > Cookware & Bakeware, Homeware, Homeware > Kitchenware, Lifestyle & Everyday Essentials > Under R99",
9555,9902025099605,Hart 7L Aluminium Stewpan,simple,False,unknown,460,True,False,False,"All Products, Homeware",no_image|no_description
9586,9902031267548,Kitchen Accessories - Cutting Board - Bamboo,simple,True,unknown,220,True,True,True,"Homeware > Kitchenware > Cookware & Bakeware, Homeware, Homeware > Kitchenware",
9600,9902031454689,Portable Electric Immersion Water Heating Rod Element,simple,False,unknown,170,True,False,False,All Products,no_image|no_description
9607,9902022757843,Immersion Water Heater 1500W,simple,False,unknown,130,True,False,False,All Products,no_image|no_description
9609,9902030019063,Buff Packing Tape-48mm*100m-36 in A Case,simple,False,unknown,1200,True,True,False,"All Products, Lifestyle & Everyday Essentials > Stationery",no_description
9610,9902030019322,6*Buff Packing Tape-48mm*100m,simple,False,unknown,410,True,True,False,"All Products, Lifestyle & Everyday Essentials > Stationery",no_description
9619,9902025249062,Sunbeam Hair Straightener Black (SPS-955),simple,True,unknown,520,True,True,False,"Homeware > Appliances, Homeware, Homeware > Appliances > Small Appliances > Irons, Homeware > Appliances > Small Appliances > Personal Care, Homeware > Appliances > Small Appliances",no_description
9620,9902025248812,Sunbeam SHD-1600A Deluxe Hair Dryer (1600w),simple,False,unknown,650,True,True,False,"Homeware > Appliances, Homeware, Homeware > Appliances > Small Appliances > Irons, Homeware > Appliances > Small Appliances",no_description
9623,9902031454696,Electric Water Heating Element-black,simple,False,unknown,150,True,False,False,All Products,no_image|no_description
9625,9902025248607,Condere Professional Hair Dryer 1800W,simple,True,unknown,420,True,True,False,"Homeware > Appliances, Homeware, Homeware > Appliances > Small Appliances > Irons, Homeware > Appliances > Small Appliances > Personal Care, Homeware > Appliances > Small Appliances",no_description
9639,9902025097144,Padel Balls - 3-Pack,simple,True,unknown,190,True,True,False,"Lifestyle & Everyday Essentials > Fitnastics, Lifestyle & Everyday Essentials, Lifestyle & Everyday Essentials > Novelty, Lifestyle & Everyday Essentials > Padel > Padel Rackets",no_description
9657,stoneglowcandle,Stoneglow - Frangipani Scented Candle,simple,True,unknown,1020,True,True,False,"All Products, Homeware > Decor > Candles & Holders, Lifestyle & Everyday Essentials > Novelty",no_description
9658,stonetruf,Stoneglow Truffle d'ORIENT - Scented Candle,simple,False,unknown,1050,True,True,False,"All Products, Homeware > Decor > Candles & Holders, Homeware > Decor, Lifestyle & Everyday Essentials, Lifestyle & Everyday Essentials > Novelty",no_description
9701,FLZ9PCSS,Falez - 9 Piece Stainless Steel Set,simple,False,unknown,2300,True,True,False,"All Products, Homeware > Kitchenware > Cookware & Bakeware, Homeware, Homeware > Kitchenware",no_description
9704,FlzBP9pc,Falez Black Plus 9pc Set,simple,True,unknown,3000,True,True,False,"All Products, Homeware > Kitchenware > Cookware & Bakeware, Homeware, Homeware > Kitchenware",no_description
9706,FLZ-SCR-CR-28,Falez Non-Stick Shallow Casserole - 28 cm,simple,False,unknown,890,True,True,False,"All Products, Homeware > Kitchenware > Cookware & Bakeware, Homeware, Homeware > Kitchenware",no_description
9707,FLZ-SCR-CR-30,Falez Non-Stick Shallow Casserole - 30 cm,simple,False,unknown,900,True,True,False,"All Products, Homeware > Kitchenware > Cookware & Bakeware, Homeware, Homeware > Kitchenware",no_description
9709,FLZ-FPN-CR-20,Falez Creamy Range Frying Pan - 20 cm,simple,True,unknown,450,True,True,False,"All Products, Homeware > Kitchenware > Cookware & Bakeware, Homeware, Homeware > Kitchenware",no_description
9710,FLZ-FPN-CR-24,Falez Creamy Range Frying Pan - 24 cm,simple,True,unknown,500,True,True,False,"All Products, Homeware > Kitchenware > Cookware & Bakeware, Homeware, Homeware > Kitchenware",no_description
9711,FLZ-FPN-CR-26,Falez Creamy Range Frying Pan - 26 cm,simple,True,unknown,550,True,True,False,"All Products, Homeware > Kitchenware > Cookware & Bakeware, Homeware, Homeware > Kitchenware",no_description
9712,FLZ-FPN-CR-28,Falez Creamy Range Frying Pan - 28 cm,simple,True,unknown,600,True,True,False,"Homeware > Kitchenware > Cookware & Bakeware, All Products, Homeware, Homeware > Kitchenware",no_description
9713,FLZ-DCR-CR-24,Falez Non-Stick Deep Casserole - 24 cm,simple,False,unknown,830,True,True,False,"All Products, Homeware > Kitchenware > Cookware & Bakeware, Homeware, Homeware > Kitchenware",no_description
9714,FLZ-DCR-CR-26,Falez Non-Stick Deep Casserole - 26 cm,simple,False,unknown,800,True,True,False,"All Products, Homeware > Kitchenware > Cookware & Bakeware, Homeware, Homeware > Kitchenware",no_description
9715,FLZ-DCR-CR-28,Falez Non-Stick Deep Casserole - 28 cm,simple,False,unknown,900,True,True,False,"All Products, Homeware > Kitchenware > Cookware & Bakeware, Homeware, Homeware > Kitchenware",no_description
9719,FLZ-ULT-SI-09,Falez Ultima Grainstone 9pc Pot Set,simple,False,unknown,3200,True,True,False,"All Products, Homeware > Kitchenware > Cookware & Bakeware, Homeware, Homeware > Kitchenware",no_description
9723,F00042-01,Hot Water bottle,variable,True,unknown,,False,True,True,"Homeware > Fans & Heaters, Lifestyle & Everyday Essentials, Lifestyle & Everyday Essentials > Novelty, Lifestyle & Everyday Essentials > Under R99",no_price
9729,OmsCM3273,OMS - Cake Mould - Gold,simple,False,unknown,,False,False,False,"All Products, Homeware",no_price|no_image|no_description
9750,9902026634867,Falez Creamy Granitec Grill-Pan - 28 cm,simple,False,unknown,590,True,False,False,"All Products, Homeware",no_image|no_description
9769,9902030363968,Potstory Fern Vase,simple,True,unknown,800,True,True,True,"Garden, Garden > Garden Pots, Homeware > Decor > Pots & Planters, Homeware > Decor > Vases",
9770,9902030363975,Potstory Blue and Red Fern Vase,simple,True,unknown,800,True,True,True,"Garden, Garden > Garden Pots, Homeware > Decor > Pots & Planters, Homeware > Decor > Vases",
9771,9902030363982,Potstory Red And Green Fern Vase,simple,False,unknown,750,True,True,False,"All Products, Garden, Garden > Garden Pots, Homeware > Decor > Pots & Planters, Homeware > Decor > Vases",no_description
9772,9902030363999,Potstory Metal Finish Meadow Pot,simple,True,unknown,750,True,True,True,"All Products, Garden, Garden > Garden Pots, Homeware > Decor > Pots & Planters",
9773,9902030364002,Potstory Marble Finish Meadow Pot White,simple,True,unknown,750,True,True,False,"All Products, Garden, Garden > Garden Pots, Homeware > Decor > Pots & Planters",no_description
9774,9902030364019,Potstory Wood Finish Pinnacle Brown,simple,False,unknown,650,True,True,False,"All Products, Garden, Garden > Garden Pots, Homeware > Decor > Pots & Planters",no_description
9776,9902030364439,Potstory Bonsai Pot White,simple,True,unknown,350,True,True,False,"All Products, Garden, Garden > Garden Pots, Homeware > Decor > Pots & Planters",no_description
9777,9902030364446,Potstory Flora Pot Light Grey,simple,True,unknown,400,True,True,True,"All Products, Garden, Garden > Garden Pots, Homeware > Decor > Pots & Planters",
9778,9902030364453,Potstory Elfin Pot Brown,simple,False,unknown,350,True,True,True,"All Products, Garden, Garden > Garden Pots, Homeware > Decor > Pots & Planters",
9779,9902030364460,Potstory Desk Bowl Brown,simple,False,unknown,350,True,True,True,"All Products, Garden, Garden > Garden Pots, Homeware > Decor > Pots & Planters",
9780,9902030364477,Potstory Bowl Pot Brown Large,simple,True,unknown,650,True,True,True,"All Products, Garden, Garden > Garden Pots, Homeware > Decor > Pots & Planters",
9781,9902030364484,Potstory Wall Pot Brown,simple,False,unknown,500,True,True,True,"All Products, Garden, Garden > Garden Pots, Homeware > Decor > Pots & Planters",
9782,9902030364491,Potstory Cuban Pot Light Grey,simple,False,unknown,500,True,True,True,"All Products, Garden, Garden > Garden Pots, Homeware > Decor > Pots & Planters",
9783,9902030364507,Potstory Scroll Pot Brown,simple,False,unknown,550,True,True,False,"All Products, Garden, Garden > Garden Pots, Homeware > Decor > Pots & Planters",no_description
9784,9902030364514,Potstory Cordoba Pot Green,simple,False,unknown,550,True,True,True,"All Products, Garden, Garden > Garden Pots, Homeware > Decor > Pots & Planters",
9785,9902030364521,Potstory Centurion Pot Light Grey,simple,True,unknown,550,True,True,False,"All Products, Garden, Garden > Garden Pots, Homeware > Decor > Pots & Planters",no_description
9786,9902030364538,Potstory Amber Pot Black,simple,True,unknown,550,True,True,True,"All Products, Garden, Garden > Garden Pots, Homeware > Decor > Pots & Planters",
9787,9902030364545,Potstory Tweed Pot Brown,simple,False,unknown,600,True,True,True,"All Products, Garden, Garden > Garden Pots, Homeware > Decor > Pots & Planters",
9788,9902030364552,Potstory Pinnacle Pot Black,simple,False,unknown,600,True,True,True,"All Products, Garden, Garden > Garden Pots, Homeware > Decor > Pots & Planters",
9789,9902030407747,Stoneglow Oroblanco & Cardamom Diffuser,simple,False,unknown,980,True,True,False,"All Products, Homeware > Decor > Candles & Holders, Homeware > Decor, Homeware, Homeware > Decor > Kitchen & Table Accessories, Lifestyle & Everyday Essentials, Lifestyle & Everyday Essentials > Novelty",no_description
9790,9902030407761,Stoneglow Mystique Diffuser,simple,False,unknown,980,True,True,False,"All Products, Homeware > Decor > Candles & Holders, Homeware > Decor, Homeware, Homeware > Decor > Kitchen & Table Accessories, Lifestyle & Everyday Essentials, Lifestyle & Everyday Essentials > Novelty",no_description
9791,9902030407778,Viva Cortica 0.65l Glass Cork Storage,simple,False,unknown,250,True,False,False,"All Products, Homeware",no_image|no_description
9794,9902033081333,10m Ratchet Strap 50mm Wide Lashing Tie Down,simple,False,unknown,150,True,True,False,"Hardware, Hardware > Locks & Clamps, Hardware > Hand Tools > Measuring Tapes",no_description
9832,9902039570565,The Novelty Box Beard Oil,simple,True,unknown,80,True,True,True,"Lifestyle & Everyday Essentials > Novelty, Lifestyle & Everyday Essentials > Under R99",
9848,9902039992442,Container Rectangular Two Toned 1400ml,simple,False,unknown,170,True,True,True,"All Products, Homeware > Kitchenware > Food Storage Containers, Homeware, Homeware > Kitchenware, Lifestyle & Everyday Essentials > Under R99",
9858,9902040162957,Trio of Tricolor Vases,simple,False,unknown,850,True,False,False,"All Products, Homeware, Homeware > Decor > Vases",no_image|no_description
9859,9902040162964,Potstory White Planter with Wooden Stand,simple,False,unknown,1100,True,True,False,"All Products, Garden, Garden > Garden Pots, Homeware > Decor > Pots & Planters, Homeware > Decor > Vases",no_description
9860,9902040162971,Trio of Brown Cylindrical Vases,simple,False,unknown,850,True,False,False,"All Products, Homeware, Homeware > Decor > Vases",no_image|no_description
9861,9902040162988,Portrait Vase,simple,False,unknown,600,True,False,False,"All Products, Homeware, Homeware > Decor > Vases",no_image|no_description
9862,9902040162995,Potstory - Small Red,simple,False,unknown,800,True,True,False,"All Products, Homeware > Decor, Garden, Garden > Garden Pots, Homeware > Decor > Pots & Planters, Homeware > Decor > Vases",no_description
9863,9902040163008,Teal Geometrical Vase,simple,False,unknown,550,True,False,False,"All Products, Homeware, Homeware > Decor > Vases",no_image|no_description
9870,9902043651403,Electrosense 6 Way Multiplug,simple,False,unknown,320,True,True,False,"All Products, Hardware > Electrical, Hardware > Electrical > Multiplugs & Adapters",no_description
9872,9902044317308,Happy Harvesting Hand & Body Cream Tube,simple,False,unknown,170,True,True,True,All Products,
9873,9902044317322,Happy Harvesting Organic Drakensburg Shampoo,simple,False,unknown,150,True,True,False,"All Products, Homeware > Appliances > Small Appliances > Personal Care",no_description
9874,9902044317339,Happy Harvesting Massage Oil 250ml,simple,False,unknown,290,True,True,False,All Products,no_description
9875,9902044317346,Happy Harvesting Lip Balm 10g,simple,False,unknown,120,True,True,False,All Products,no_description
9930,F02236-01,Alco Brick Laying Trowel TRP Handle,variable,False,unknown,,False,True,True,"Hardware > Hand Tools, Hardware, Hardware > Hand Tools > Trowels",no_price
9931,F02239-01,Alco Brick Laying Trowel TRP Handle - Pointed,variable,True,unknown,,False,True,True,"Hardware > Hand Tools, Hardware, Hardware > Hand Tools > Trowels, Lifestyle & Everyday Essentials > Under R99",no_price
9932,F02234-01,Alco Brick Laying Trowel TRP Wooden Handle,variable,True,unknown,,False,True,True,"Hardware > Hand Tools, Hardware, Hardware > Hand Tools > Trowels, Lifestyle & Everyday Essentials > Under R99",no_price
9935,F01340-01,Alco Trowel Tiler's Notch,variable,True,unknown,,False,True,True,"Hardware > Hand Tools, Hardware, Hardware > Hand Tools > Trowels, Lifestyle & Everyday Essentials > Under R99",no_price
9956,F002241,Alco Plier Fencing Un - Insulated Handle 300mm,simple,True,unknown,300,True,True,True,"All Products, Hardware > Hand Tools, Hardware, Hardware > Hand Tools > Tightening & Fastening",
9988,9902054073317,Alco Ratchet Tie Down 500 m x 9m - 5t,simple,True,unknown,260,True,True,True,"All Products, Hardware, Hardware > Locks & Clamps",
9989,9902054129465,Alco Corner Bracket Carded 25 x 25mm,simple,False,unknown,130,True,True,False,"All Products, Hardware, Hardware > Locks & Clamps",no_description
9995,9902054129618,Clear Tape 50m,simple,True,unknown,120,True,True,False,"All Products, Lifestyle & Everyday Essentials > Stationery",no_description
9996,9902054129632,Clear Tape 100m,simple,True,unknown,130,True,True,False,"All Products, Lifestyle & Everyday Essentials > Stationery",no_description
9997,9902054129663,Brown Tape 100m,simple,True,unknown,130,True,True,False,"All Products, Lifestyle & Everyday Essentials > Stationery",no_description
9998,9902054129687,Brown Tape 50m,variable,True,unknown,,False,True,True,"All Products, Hardware, Lifestyle & Everyday Essentials, Lifestyle & Everyday Essentials > Stationery, Lifestyle & Everyday Essentials > Under R99",no_price
10008,F00884-01,Discus Lock Stainless Steel,variable,True,unknown,,False,True,True,"All Products, Hardware, Hardware > Locks & Clamps, Lifestyle & Everyday Essentials > Under R99",no_price
10012,9902054134742,Alco Iron Disc,simple,False,unknown,160,True,True,False,"All Products, Hardware > Cutting Tools, Hardware",no_description
10014,9902054134773,Steel Cutting Disk,variable,True,unknown,,False,True,True,"All Products, Hardware > Cutting Tools, Hardware",no_price
10015,F01100-01,Stone Cutting Disc,variable,False,unknown,,False,True,True,"All Products, Hardware > Cutting Tools, Hardware",no_price
10017,F01000-01,Diamond Cutting Disc Plain,variable,True,unknown,,False,True,True,"All Products, Hardware > Cutting Tools, Hardware, Lifestyle & Everyday Essentials > Under R99",no_price
10018,F00998-01,Diamond Cutting Disc Segmented,variable,True,unknown,,False,True,True,"All Products, Hardware, Hardware > Cutting Tools",no_price
10019,9902054134834,Alco Segmented Disc 115mm,simple,True,unknown,180,True,True,False,"All Products, Hardware > Cutting Tools, Hardware",no_description
10020,9902054134841,Alco Plain Disc 115mm,simple,False,unknown,190,True,True,False,"All Products, Hardware > Cutting Tools, Hardware",no_description
10025,9902054134933,"Alco Iron 3"" 75 x 1.20mm Pair",simple,False,unknown,130,True,True,False,"All Products, Hardware, Hardware > Locks & Clamps",no_description
10038,9902054344738,Adaptor 3 x 2 Pin R24,simple,False,unknown,170,True,True,False,"All Products, Hardware > Electrical, Hardware > Electrical > Multiplugs & Adapters, Lifestyle & Everyday Essentials > Under R99",no_description
10054,9902054344912,"Gallery 6"" Porcelain",simple,True,unknown,180,True,True,False,"All Products, Hardware > Electrical, Hardware > Electrical > Globes, Hardware > Electrical > Lights, Hardware > Electrical > Wall Sockets + Switches",no_description
10059,9902054344974,Tyson Flood Light LED 10W,simple,False,unknown,220,True,True,True,"All Products, Hardware > Electrical, Hardware > Electrical > Globes, Hardware > Electrical > Lights",
10060,9902054344998,Tyson Flood Light LED 20W,simple,True,unknown,260,True,True,True,"All Products, Hardware > Electrical, Hardware > Electrical > Globes, Hardware > Electrical > Lights",
10061,9902054345025,Tyson Flood Light LED 30W,simple,True,unknown,290,True,True,True,"Hardware > Electrical, Hardware > Electrical > Globes, Hardware > Electrical > Lights",
10062,9902054345049,Tyson Flood Light LED 50W,simple,True,unknown,350,True,True,True,"Hardware > Electrical, Hardware > Electrical > Globes, Hardware > Electrical > Lights",
10063,9902054345063,Tyson Flood Light LED 100W,simple,False,unknown,450,True,True,True,"All Products, Hardware > Electrical, Hardware > Electrical > Globes, Hardware > Electrical > Lights",
10064,9902054345087,Tyson Flood Light LED 200W,simple,True,unknown,790,True,True,True,"All Products, Hardware > Electrical, Hardware > Electrical > Globes, Hardware > Electrical > Lights",
10069,9902054366839,Nova Easy Vegetable and Dry Fruit Slicer Grater,simple,False,unknown,170,True,True,True,"Homeware > Dining, Homeware > Kitchenware > Food Storage Containers, Homeware, Homeware > Kitchenware > Kitchen Organization, Homeware > Kitchenware, Lifestyle & Everyday Essentials > Under R99",
10071,9902054517460,Fit Nastics Kids Air Walker,simple,True,unknown,2000,True,True,True,"All Products, Lifestyle & Everyday Essentials > Fitnastics, Lifestyle & Everyday Essentials",
10072,9902054517545,Fit Nastics Kids Bench Press,simple,True,unknown,2500,True,True,True,"All Products, Lifestyle & Everyday Essentials > Fitnastics, Lifestyle & Everyday Essentials",
10073,9902054517637,Fit Nastics Kids Dumbbells,simple,True,unknown,1200,True,True,True,"All Products, Lifestyle & Everyday Essentials > Fitnastics, Lifestyle & Everyday Essentials",
10074,9902054517675,Fit Nastics Kids Seated Row,simple,True,unknown,1800,True,True,True,"Lifestyle & Everyday Essentials > Fitnastics, Lifestyle & Everyday Essentials, All Products",
10075,9902054517798,Fit Nastics Kids Stepper,simple,True,unknown,2000,True,True,True,"Lifestyle & Everyday Essentials > Fitnastics, Lifestyle & Everyday Essentials, All Products",
10076,9902054517866,Fit Nastics Kids Training Bike,simple,True,unknown,2500,True,True,True,"All Products, Lifestyle & Everyday Essentials > Fitnastics, Lifestyle & Everyday Essentials",
10078,9902054518023,Fit Nastics Kids Treadmill,simple,True,unknown,3000,True,True,True,"Lifestyle & Everyday Essentials > Fitnastics, Lifestyle & Everyday Essentials, All Products",
10079,9902054667127,Fan Rake Plastic,simple,False,unknown,80,True,True,False,"Garden, Garden > Garden Tools, Lifestyle & Everyday Essentials > Under R99",no_description
10080,9902054667141,Fan Rake Plastic Green,simple,False,unknown,80,True,True,False,"Garden, Garden > Garden Tools, Lifestyle & Everyday Essentials > Under R99",no_description
10110,9902055103488,Lunch Box Square,simple,True,unknown,130,True,True,True,"All Products, Homeware > Kitchenware > Food Storage Containers, Homeware, Homeware > Kitchenware, Lifestyle & Everyday Essentials > Under R99",
10133,9902055103716,Plastic Sweet Bowl 6's,simple,True,unknown,140,True,True,True,"All Products, Homeware > Dining > Bowls, Homeware > Dining, Homeware > Kitchenware > Food Storage Containers, Homeware > Kitchenware, Lifestyle & Everyday Essentials > Under R99",
10158,9902055205472,3 Tier Veg Rack,simple,False,unknown,380,True,True,True,"Homeware > Kitchenware > Kitchen Organization, Homeware > Kitchenware",
10168,F02300-01,Otima Dustbin Black,variable,True,unknown,,False,True,True,"All Products, Homeware > Cleaning & Organization > Cleaning, Homeware > Cleaning & Organization, Homeware, Homeware > Kitchenware, Lifestyle & Everyday Essentials > Under R99",no_price
10170,9902055205816,Laundry Basket + Lid,simple,False,unknown,350,True,True,True,"Homeware > Cleaning & Organization, Homeware, Homeware > Cleaning & Organization > Storage Baskets & Bins",
10173,9902055205885,Toilet Brush Bowl Set,simple,True,unknown,180,True,True,True,"All Products, Homeware > Cleaning & Organization > Cleaning, Homeware > Cleaning & Organization, Homeware, Homeware > Kitchenware, Lifestyle & Everyday Essentials > Under R99",
10174,9902056250198,"Rustic Plate 10.5"" 2's",simple,False,unknown,100,True,True,False,"Homeware > Dining, Homeware, Homeware > Dining > Plates",no_description
10176,9902056250211,"Rustic Plate 10.5""  4's",simple,False,unknown,200,True,True,False,"Homeware > Dining, Homeware, Homeware > Dining > Plates",no_description
10177,9902056250228,"Rustic Plate 10.5""  6's",simple,False,unknown,300,True,True,False,"Homeware > Dining, Homeware, Homeware > Dining > Plates",no_description
10179,9902056250242,"Glazed Bowl H/P 8.25""",variable,False,unknown,,False,True,True,"Homeware > Dining > Bowls, Homeware > Dining, Homeware",no_price
10180,9902056250259,"Hand Painted Plate 10.5"" 2's",simple,True,unknown,100,True,True,False,"Homeware > Dining, Homeware, Homeware > Dining > Plates, Lifestyle & Everyday Essentials > Under R99",no_description
10181,9902056250266,"Hand Painted Plate 10.5"" 4's",simple,True,unknown,200,True,True,False,"Homeware > Dining, Homeware, Homeware > Dining > Plates",no_description
10182,9902056250273,"Hand Painted Plate 10.5"" 6's",simple,True,unknown,300,True,True,False,"Homeware > Dining, Homeware, Homeware > Dining > Plates",no_description
10183,9902056250280,"White Plate 10.5"" 2's",simple,True,unknown,100,True,True,False,"Homeware > Dining, Homeware, Homeware > Dining > Plates, Lifestyle & Everyday Essentials > Under R99",no_description
10184,9902056250297,"White Plate 10.5"" 4's",simple,True,unknown,200,True,True,False,"Homeware > Dining, Homeware, Homeware > Dining > Plates",no_description
10185,9902056250303,"White Plate 10.5"" 6's",simple,True,unknown,300,True,True,False,"Homeware > Dining, Homeware, Homeware > Dining > Plates",no_description
10186,9902056250310,"Glazed Plate 10.5"" Solid Colour  2's",simple,False,unknown,100,True,True,False,"Homeware > Dining, Homeware, Homeware > Dining > Plates, Lifestyle & Everyday Essentials > Under R99",no_description
10187,9902056250327,"Glazed Plate 10.5"" Solid Colour 4's",simple,False,unknown,200,True,True,False,"Homeware > Dining, Homeware, Homeware > Dining > Plates",no_description
10188,9902056250334,"Glazed Plate 10.5"" Solid Colour 6's",simple,False,unknown,300,True,True,False,"Homeware > Dining, Homeware, Homeware > Dining > Plates",no_description
10189,9902056250341,"Soup Plate Decal 9"" 2's",simple,True,unknown,180,True,True,False,"All Products, Homeware > Dining, Homeware, Homeware > Dining > Plates, Lifestyle & Everyday Essentials > Under R99",no_description
10190,9902056250358,"Soup Plate Decal 9"" 4's",simple,True,unknown,250,True,True,False,"Homeware > Dining, Homeware, Homeware > Dining > Plates, Lifestyle & Everyday Essentials > Under R99",no_description
10191,9902056250365,"Soup Plate Decal 9"" 6's",simple,True,unknown,300,True,True,False,"Homeware > Dining, Homeware, Homeware > Dining > Plates",no_description
10192,9902056250372,"Square Porcelain Plate 10.5"" 2's",simple,True,unknown,100,True,True,False,"Homeware > Dining, Homeware, Homeware > Dining > Plates, Lifestyle & Everyday Essentials > Under R99",no_description
10193,9902056250389,"Square Porcelain Plate 10.5"" 4's",simple,True,unknown,200,True,True,False,"Homeware > Dining, Homeware, Homeware > Dining > Plates",no_description
10194,9902056250396,"Ethic RND Plate 10.5"" 2's",simple,False,unknown,100,True,True,False,"Homeware > Dining, Homeware, Homeware > Dining > Plates",no_description
10195,9902056250402,"Ethic RND Plate 10.5"" 4's",simple,False,unknown,200,True,True,False,"Homeware > Dining, Homeware, Homeware > Dining > Plates",no_description
10196,9902056250419,"Ethic RND Plate 10.5"" 6's",simple,False,unknown,300,True,True,False,"Homeware > Dining, Homeware, Homeware > Dining > Plates",no_description
10197,9902056250426,"Ethic Print Bowl 8.25"" 2's",simple,True,unknown,100,True,True,False,"Homeware > Dining > Bowls, Homeware > Dining, Homeware, Lifestyle & Everyday Essentials > Under R99",no_description
10198,9902056250433,"Ethic Print Bowl 8.25"" 4's",simple,True,unknown,200,True,True,False,"Homeware > Dining > Bowls, Homeware > Dining, Homeware, Lifestyle & Everyday Essentials > Under R99",no_description
10199,9902056250440,"Ethic Print Bowl 8.25"" 6's",simple,True,unknown,300,True,True,False,"Homeware > Dining > Bowls, Homeware > Dining, Homeware",no_description
10200,9902056250457,"Hand Printed Bowl 5"" 2's",simple,False,unknown,100,True,True,False,"Homeware > Dining > Bowls, Homeware > Dining, Homeware",no_description
10201,9902056250464,"Hand Printed Bowl 5"" 4's",simple,False,unknown,200,True,True,False,"Homeware > Dining > Bowls, Homeware > Dining, Homeware",no_description
10202,9902056250471,"Hand Printed Bowl 5"" 6's",simple,False,unknown,300,True,True,False,"Homeware > Dining > Bowls, Homeware > Dining, Homeware",no_description
10206,9902056250518,"Deep White Bowl 6"" 2's",simple,False,unknown,100,True,True,False,"Homeware > Dining > Bowls, Homeware > Dining, Homeware, Lifestyle & Everyday Essentials > Under R99",no_description
10207,9902056250525,"Deep White Bowl 6"" 4's",simple,False,unknown,200,True,True,False,"Homeware > Dining > Bowls, Homeware > Dining, Homeware",no_description
10208,9902056250532,"Deep White Bowl 6"" 6's",simple,False,unknown,300,True,True,False,"Homeware > Dining > Bowls, Homeware > Dining, Homeware",no_description
10209,9902056250549,"Square Porcelain Plate 10.5"" (6's)",simple,True,unknown,250,True,True,True,"Homeware > Dining, Homeware, Homeware > Dining > Plates",
10221,9902056255926,Stainless Steel Teaspoon 6's KZH,simple,False,unknown,50,True,True,False,"Homeware > Dining > Cutlery, Homeware > Dining, Homeware, Lifestyle & Everyday Essentials > Under R99",no_description
10222,9902056255933,Stainless Steel Tablespoon 6's KZH,simple,False,unknown,25,True,True,False,"Homeware > Dining > Cutlery, Homeware > Dining, Homeware, Lifestyle & Everyday Essentials > Under R99",no_description
10224,9902056256398,High Ball Tumblers 2's,simple,False,unknown,160,True,True,True,"Homeware > Dining, Homeware, Homeware > Dining > Drinkware > Tumblers, Lifestyle & Everyday Essentials > Under R99",
10225,9902056256404,High Ball Tumblers 4's,simple,False,unknown,170,True,True,True,"Homeware > Dining, Homeware > Dining > Drinkware > Tumblers, Lifestyle & Everyday Essentials > Under R99",
10226,9902056256411,High Ball Tumblers 6's,simple,False,unknown,220,True,True,True,"Homeware > Dining, Homeware, Homeware > Dining > Drinkware > Tumblers",
10227,9902056256428,Willy Tumblers 2's,simple,False,unknown,150,True,True,True,"Homeware > Dining, Homeware, Homeware > Dining > Drinkware > Tumblers, Lifestyle & Everyday Essentials > Under R99",
10228,9902056256435,Willy Tumblers 4's,simple,False,unknown,180,True,True,True,"Homeware > Dining, Homeware, Homeware > Dining > Drinkware > Tumblers",
10229,9902056256442,Willy Tumblers 6's,simple,False,unknown,320,True,True,True,"Homeware > Dining, Homeware, Homeware > Dining > Drinkware > Tumblers",
10230,9902056256459,Whiskey Tumblers 2's,simple,True,unknown,170,True,True,False,"All Products, Homeware > Dining, Homeware, Homeware > Dining > Drinkware > Tumblers",no_description
10231,9902056256466,Whiskey Tumblers 4's,simple,True,unknown,220,True,True,False,"All Products, Homeware > Dining, Homeware, Homeware > Dining > Drinkware > Tumblers",no_description
10232,9902056256473,Whiskey Tumblers 6's,simple,True,unknown,250,True,True,False,"All Products, Homeware > Dining, Homeware, Homeware > Dining > Drinkware > Tumblers",no_description
10233,9902056256480,Zombie Tumblers 2's,simple,False,unknown,180,True,True,True,"Homeware > Dining, Homeware, Homeware > Dining > Drinkware > Tumblers, Lifestyle & Everyday Essentials > Under R99",
10234,9902056256510,Zombie Tumblers 4's,simple,False,unknown,250,True,True,True,"Homeware > Dining, Homeware, Homeware > Dining > Drinkware > Tumblers",
10235,9902056256534,Zombie Tumblers 6's,simple,False,unknown,290,True,True,True,"Homeware > Dining, Homeware, Homeware > Dining > Drinkware > Tumblers",
10238,9902056281086,Pegs Extra Strong,simple,False,unknown,140,True,True,False,"All Products, Homeware > Cleaning & Organization, Homeware, Homeware > Cleaning & Organization > Laundry",no_description
10246,F01627-01,Wrecking Bar,variable,False,unknown,,False,True,True,"Hardware > Hand Tools > Hammers, Hardware > Hand Tools, Hardware, Lifestyle & Everyday Essentials > Under R99",no_price
10256,F01828-01,Necked Barrel Bolt - Brass,variable,True,unknown,,False,True,True,"All Products, Hardware, Hardware > Locks & Clamps, Lifestyle & Everyday Essentials > Under R99",no_price
10257,9902056295960,Necked Barrel Bolt - Chrome,variable,False,unknown,,False,True,True,"All Products, Hardware, Hardware > Locks & Clamps, Lifestyle & Everyday Essentials > Under R99",no_price
10260,9902056295991,Alco Stay Peg Cabin Hook,variable,False,unknown,,False,True,True,"All Products, Hardware, Hardware > Locks & Clamps, Lifestyle & Everyday Essentials > Under R99",no_price
10261,9902056296004,Alco Window Handle Poly Bag Right,simple,True,unknown,130,True,True,True,"All Products, Hardware, Hardware > Locks & Clamps, Lifestyle & Everyday Essentials > Under R99",
10262,9902056296011,Alco Window Handle Poly Bag Left,simple,True,unknown,130,True,True,True,"All Products, Hardware, Hardware > Locks & Clamps, Lifestyle & Everyday Essentials > Under R99",
10266,9902056296059,Tower Bolt 100mm,simple,False,unknown,160,True,True,True,"All Products, Hardware, Hardware > Locks & Clamps, Lifestyle & Everyday Essentials > Under R99",
10270,9902056296097,Alco Hex Key Set 9 piece,simple,False,unknown,150,True,True,True,"Hardware > Hand Tools, Hardware, Hardware > Hand Tools > Tightening & Fastening, Lifestyle & Everyday Essentials > Under R99",
10550,GU5KX10550,Shirt With Sequin Sleeve Detail With Collar,variable,True,unknown,,False,True,False,"Lifestyle & Everyday Essentials > Fashion, Lifestyle & Everyday Essentials",no_price|no_description
10555,essenshrtseq,Shirt With Cut Out On Sleeves,variable,False,unknown,,False,True,True,"Lifestyle & Everyday Essentials > Fashion, Lifestyle & Everyday Essentials",no_price
10577,essenshrt,Shirt With Collar & Belt,variable,False,unknown,,False,True,True,"Lifestyle & Everyday Essentials > Fashion, Lifestyle & Everyday Essentials",no_price
10603,esseshrtprl,Shirt With Pearl Detail,variable,True,unknown,,False,True,True,"Lifestyle & Everyday Essentials > Fashion, Lifestyle & Everyday Essentials",no_price
10632,DY3B610632,Dress- Pearl & Lace,variable,True,unknown,,False,True,False,"Lifestyle & Everyday Essentials > Fashion, Lifestyle & Everyday Essentials",no_price|no_description
10637,E46M110637,Shirt With 3D Flowers On Bell Sleeves,variable,True,unknown,,False,True,False,"Lifestyle & Everyday Essentials > Fashion, Lifestyle & Everyday Essentials",no_price|no_description
10651,I2AWU10651,Throw Poncho Style,variable,True,unknown,,False,True,False,"Lifestyle & Everyday Essentials > Fashion, Lifestyle & Everyday Essentials",no_price|no_description
10670,S29ZQ10670,Dress/Top With Embroidery & Beadwork,variable,False,unknown,,False,True,False,"Lifestyle & Everyday Essentials, Lifestyle & Everyday Essentials > Fashion",no_price|no_description
10675,D1TJ510675,Sleeveless Dress With Side Slits,variable,False,unknown,,False,True,False,"Lifestyle & Everyday Essentials > Fashion, Lifestyle & Everyday Essentials",no_price|no_description
10681,9U14D10681,Jumpsuit-Lightweight Floral,variable,False,unknown,,False,True,False,"Lifestyle & Everyday Essentials > Fashion, Lifestyle & Everyday Essentials",no_price|no_description
10687,8373210687,Jumpsuit,simple,True,unknown,1250,True,True,False,"Lifestyle & Everyday Essentials > Fashion, Lifestyle & Everyday Essentials",no_description
10692,strpess,Striped Pants,variable,True,unknown,,False,True,True,"Lifestyle & Everyday Essentials, Lifestyle & Everyday Essentials > Fashion",no_price
10697,T16P810697,Checkered Bell Bottom Pants With Pom Poms,variable,False,unknown,,False,True,False,"Lifestyle & Everyday Essentials, Lifestyle & Everyday Essentials > Fashion",no_price|no_description
10706,19LOL10706,Shirt With Cotton Embroidery Flowers,variable,False,unknown,,False,True,False,"Lifestyle & Everyday Essentials > Fashion, Lifestyle & Everyday Essentials",no_price|no_description
10731,1C8F610731,Chiffon Shirt/Dress,variable,False,unknown,,False,True,False,"Lifestyle & Everyday Essentials > Fashion, Lifestyle & Everyday Essentials",no_price|no_description
10743,7DB1Z10743,Chiffon Shirt With Pearl Detail & Front Zip,variable,False,unknown,,False,True,False,"Lifestyle & Everyday Essentials > Fashion, Lifestyle & Everyday Essentials",no_price|no_description
10747,3NOG910747,Shirt- Hi/Low Lace Work,variable,True,unknown,,False,True,False,"Lifestyle & Everyday Essentials > Fashion, Lifestyle & Everyday Essentials",no_price|no_description
10751,9FC3910751,Shimmer Sequin Pants,variable,False,unknown,,False,True,False,"Lifestyle & Everyday Essentials > Fashion, Lifestyle & Everyday Essentials",no_price|no_description
10755,HTZRA10755,Top With 3D Flowers & Frill Sleeves,variable,False,unknown,,False,True,False,"Lifestyle & Everyday Essentials > Fashion, Lifestyle & Everyday Essentials",no_price|no_description
10759,IKEQH10759,Fitted Dress With Chiffon Top,variable,False,unknown,,False,True,False,"Lifestyle & Everyday Essentials > Fashion, Lifestyle & Everyday Essentials",no_price|no_description
10769,ZT31810769,Casual Tee Knit Fabric,simple,True,unknown,350,True,True,False,"Lifestyle & Everyday Essentials > Fashion, Lifestyle & Everyday Essentials",no_description
10770,HWX9O10770,Casual Tee,simple,False,unknown,350,True,True,False,"Lifestyle & Everyday Essentials > Fashion, Lifestyle & Everyday Essentials",no_description
10771,7L2PH10771,Pink Shirt With Sequins On Sleeves,variable,False,unknown,,False,True,False,"Lifestyle & Everyday Essentials > Fashion, Lifestyle & Everyday Essentials",no_price|no_description
10775,R131P10775,Dress- Tulips,variable,False,unknown,,False,True,False,"Lifestyle & Everyday Essentials > Fashion, Lifestyle & Everyday Essentials",no_price|no_description
10779,PLBA410779,Beaded Work Top,variable,True,unknown,,False,True,False,"Lifestyle & Everyday Essentials > Fashion, Lifestyle & Everyday Essentials",no_price|no_description
10783,3WF4910783,Organza Shirt,variable,True,unknown,,False,True,False,"Lifestyle & Everyday Essentials > Fashion, Lifestyle & Everyday Essentials",no_price|no_description
10789,14W4310789,Satin Dress,simple,False,unknown,950,True,True,False,"Lifestyle & Everyday Essentials > Fashion, Lifestyle & Everyday Essentials",no_description
10792,7TE3F10792,Shirt With Sequined Sides,variable,False,unknown,,False,True,False,"Lifestyle & Everyday Essentials > Fashion, Lifestyle & Everyday Essentials",no_price|no_description
10806,2Z2F310806,Throw With Tassels On Edge,simple,False,unknown,550,True,True,False,"Lifestyle & Everyday Essentials > Fashion, Lifestyle & Everyday Essentials",no_description
10813,135C610813,Corduroy Top Sequined With Hood,variable,False,unknown,,False,True,False,"Lifestyle & Everyday Essentials > Fashion, Lifestyle & Everyday Essentials",no_price|no_description
10817,HLK3T10817,Kids Gown Kaftan,variable,True,unknown,,False,True,False,"Lifestyle & Everyday Essentials > Fashion, Lifestyle & Everyday Essentials",no_price|no_description
10820,CWTV810820,Shirt With Bell Sleeves,variable,False,unknown,,False,True,False,"Lifestyle & Everyday Essentials > Fashion, Lifestyle & Everyday Essentials",no_price|no_description
10824,Q2NIR10824,Mesh Bodysuit With Detail,variable,False,unknown,,False,True,False,"Lifestyle & Everyday Essentials > Fashion, Lifestyle & Everyday Essentials",no_price|no_description
10825,9O76910825,Lace Shirt,variable,False,unknown,,False,True,False,"Lifestyle & Everyday Essentials > Fashion, Lifestyle & Everyday Essentials",no_price|no_description
10836,U1CV410836,Hi Low Sequin Dress,variable,True,unknown,,False,True,False,"Lifestyle & Everyday Essentials, Lifestyle & Everyday Essentials > Fashion",no_price|no_description
10839,G5PPK10839,Sleeveless Coat,variable,True,unknown,,False,True,False,"Lifestyle & Everyday Essentials > Fashion, Lifestyle & Everyday Essentials",no_price|no_description
11467,9902061679656,Smart Saver Oval Storage Containers,simple,False,unknown,290,True,True,False,"All Products, Homeware > Kitchenware > Food Storage Containers, Homeware, Homeware > Kitchenware",no_description
11520,AQ2Q511520,Sleeveless Body Stocking,simple,False,unknown,350,True,True,False,"All Products, Lifestyle & Everyday Essentials > Fashion, Lifestyle & Everyday Essentials",no_description
11523,69Y3411523,Strapped Body Stocking,simple,False,unknown,350,True,True,False,"All Products, Lifestyle & Everyday Essentials > Fashion, Lifestyle & Everyday Essentials",no_description
11526,7UITM11526,Full Lace Body Stocking,simple,True,unknown,350,True,True,False,"All Products, Lifestyle & Everyday Essentials > Fashion, Lifestyle & Everyday Essentials",no_description
11528,LIHKS11528,Lace Dress Body Stocking,simple,False,unknown,350,True,True,False,"All Products, Lifestyle & Everyday Essentials > Fashion, Lifestyle & Everyday Essentials",no_description
11531,SM9QP11531,Delicate Lace Teddy,simple,True,unknown,650,True,True,False,"All Products, Lifestyle & Everyday Essentials > Fashion, Lifestyle & Everyday Essentials",no_description
11536,93YR811536,Red Lace Bra Set,simple,False,unknown,650,True,True,False,"All Products, Lifestyle & Everyday Essentials > Fashion, Lifestyle & Everyday Essentials",no_description
11541,K7X3111541,Strappy Lace Bodystocking Dress,simple,False,unknown,350,True,True,False,"All Products, Lifestyle & Everyday Essentials > Fashion, Lifestyle & Everyday Essentials",no_description
11546,G2YMS11546,Sparkle Rhinestone Fishnet Teddy Lingerie,simple,False,unknown,450,True,True,False,"All Products, Lifestyle & Everyday Essentials > Fashion, Lifestyle & Everyday Essentials",no_description
11593,9902062788562,Paw Patrol Lenticular Tower Puzzle,simple,False,unknown,280,True,True,False,"All Products, Lifestyle & Everyday Essentials, Lifestyle & Everyday Essentials > Novelty",no_description
11600,9902062939209,Condere - Quartz Heater - ZR-2002,simple,False,unknown,500,True,True,True,"All Products, Homeware > Appliances, Homeware > Fans & Heaters, Homeware > Appliances > Small Appliances",
11602,9902060654906,Body Exfoliating Sponge,simple,False,unknown,100,True,True,False,"Homeware > Cleaning & Organization > Brushware, Homeware > Cleaning & Organization > Cleaning, Homeware > Cleaning & Organization, Lifestyle & Everyday Essentials, Lifestyle & Everyday Essentials > Novelty",no_description
11603,9902054108064,Casio FX-82ES PLUS Scientific Calculator -2nd Edition,simple,True,unknown,500,True,True,False,"All Products, Lifestyle & Everyday Essentials > Stationery",no_description
11610,9902062788852,2 x Budget Magic Puzzle Cube 3x3,simple,False,unknown,100,True,True,False,"Lifestyle & Everyday Essentials, Lifestyle & Everyday Essentials > Novelty, Lifestyle & Everyday Essentials > Under R99",no_description
11612,9902031454764,10 Pack LED 5w Light Bulb B22,simple,True,unknown,248,True,True,False,"All Products, Hardware > Electrical, Hardware > Electrical > Lights",no_description
11614,9902062788623,Peppa Pig Wooden Jet With Peppa,simple,False,unknown,580,True,True,False,"Lifestyle & Everyday Essentials, Lifestyle & Everyday Essentials > Novelty",no_description
11688,9902062545813,Jiffy Transparent Adjustable Heavy-Duty Plastic Book Covers - 10 Pack,simple,True,unknown,35,True,True,False,"All Products, Lifestyle & Everyday Essentials > Stationery, Lifestyle & Everyday Essentials > Under R99",no_description
11704,9902062725970,3.52sqm Peel & Stick Vinyl Tiles- KLD0708,simple,False,unknown,580,True,True,False,"Hardware, Hardware > Peel and Stick Tiles > Peel & Stick Vinyl Tiles, Hardware > Peel and Stick Tiles",no_description
11706,9902062725994,3.52sqm Peel & Stick Vinyl Tiles- KLD0505,simple,False,unknown,580,True,True,False,"All Products, Hardware, Hardware > Peel and Stick Tiles > Peel & Stick Vinyl Tiles, Hardware > Peel and Stick Tiles",no_description
11712,9902062726052,3.52sqm Peel & Stick Vinyl Tiles- KLD0805,simple,False,unknown,580,True,True,False,"All Products, Hardware, Hardware > Peel and Stick Tiles > Peel & Stick Vinyl Tiles, Hardware > Peel and Stick Tiles",no_description
11737,9902063450604,Flip Top Tumbler - 470ml,simple,False,unknown,280,True,True,False,"All Products, Homeware > Dining, Homeware > Dining > Drinkware, Homeware, Homeware > Dining > Drinkware > Plastic Cups",no_description
11756,9902063676592,Vegetables Patterns Design Tray Cloth,simple,False,unknown,170,True,True,False,"Homeware, Homeware > Decor > Kitchen & Table Accessories",no_description
11790,FWXI711790,Striped Lace Teddy,simple,False,unknown,350,True,True,False,"All Products, Lifestyle & Everyday Essentials > Fashion, Lifestyle & Everyday Essentials",no_description
11947,SO23L11947,Digimark 2 Bar Electric Heater,simple,True,unknown,550,True,True,True,"All Products, Homeware > Appliances, Hardware > Electrical, Homeware > Fans & Heaters, Homeware > Appliances > Small Appliances",
11949,R4Z8411949,Mellerware Floor Fan Heater 2000w,simple,False,unknown,650,True,True,True,"All Products, Homeware > Appliances, Homeware > Fans & Heaters, Homeware > Appliances > Small Appliances",
11951,9Y42X11951,Sinotec Bluetooth 5.1CH Soundbar Home Theatre System - SBS-511HS,simple,False,unknown,1900,True,True,True,"Mobile Tech & Gadgets > Audio, Mobile Tech & Gadgets > Tech & Gadgets, Mobile Tech & Gadgets > Tv's",
11956,BQ23911956,Midea Teapot kettle,simple,False,unknown,1400,True,True,True,"All Products, Homeware > Appliances, Homeware > Appliances > Small Appliances > Kettles & Toasters, Homeware > Appliances > Small Appliances",
11958,1969I11958,Midea 1.7L Teapot Kettle - Cream,simple,False,unknown,1400,True,True,True,"All Products, Homeware > Appliances, Homeware > Appliances > Small Appliances > Kettles & Toasters, Homeware > Appliances > Small Appliances",
11965,G1BW611965,Midea stainless steel kettle,simple,False,unknown,650,True,True,True,"All Products, Homeware > Appliances, Homeware > Appliances > Small Appliances > Kettles & Toasters, Homeware > Appliances > Small Appliances",
12125,UD9RD12125,Philips 2000w Easy Speed Iron - Light Blue,simple,False,unknown,650,True,True,True,"All Products, Homeware > Appliances, Homeware > Appliances > Small Appliances > Irons, Homeware > Appliances > Small Appliances",
12149,4PSI512149,Dress Brocade Bottom,variable,False,unknown,,False,True,True,"Lifestyle & Everyday Essentials > Fashion, Lifestyle & Everyday Essentials",no_price
12159,XBS2F12159,Dress Bell Sleeves,variable,False,unknown,,False,True,True,"Lifestyle & Everyday Essentials > Fashion, Lifestyle & Everyday Essentials",no_price
12166,OZOFI12166,Dress Chiffon Sleeves,simple,False,unknown,1750,True,True,True,"Lifestyle & Everyday Essentials > Fashion, Lifestyle & Everyday Essentials",
12169,KC2AR12169,Dress Sleeveless Brocade,simple,False,unknown,1800,True,True,True,"Lifestyle & Everyday Essentials > Fashion, Lifestyle & Everyday Essentials",
12172,8WKV512172,Dress Feather Detail On Hem,variable,False,unknown,,False,True,True,"Lifestyle & Everyday Essentials > Fashion, Lifestyle & Everyday Essentials",no_price
12176,K39F812176,Dress Shimmer Bottom,variable,False,unknown,,False,True,True,"Lifestyle & Everyday Essentials > Fashion, Lifestyle & Everyday Essentials",no_price
12180,9P26Y12180,Dress Beautiful Brocade An Bead,variable,False,unknown,,False,True,True,"Lifestyle & Everyday Essentials > Fashion, Lifestyle & Everyday Essentials",no_price
12184,6AHCA12184,Jacket Net And Bead Detil,variable,False,unknown,,False,True,True,"Lifestyle & Everyday Essentials > Fashion, Lifestyle & Everyday Essentials",no_price
12187,4AA4L12187,Pleated Dress,variable,False,unknown,,False,True,True,"Lifestyle & Everyday Essentials > Fashion, Lifestyle & Everyday Essentials",no_price
12192,2O75412192,Shirt Bell Sleeves,variable,False,unknown,,False,True,True,"Lifestyle & Everyday Essentials > Fashion, Lifestyle & Everyday Essentials",no_price
12195,K472312195,Shirt Bell Sleeves and 3d Flowers,simple,False,unknown,1250,True,True,True,"All Products, Lifestyle & Everyday Essentials > Fashion, Lifestyle & Everyday Essentials",
12198,7SZ6512198,Shirt Gold Lace,variable,False,unknown,,False,True,True,"Lifestyle & Everyday Essentials > Fashion, Lifestyle & Everyday Essentials",no_price
12202,K943Z12202,Shirt pearl and 3d cut out flower,variable,False,unknown,,False,True,True,"All Products, Lifestyle & Everyday Essentials > Fashion, Lifestyle & Everyday Essentials",no_price
12204,U91LM12204,Shirt Bell Sleeves,variable,False,unknown,,False,True,True,"Lifestyle & Everyday Essentials > Fashion, Lifestyle & Everyday Essentials",no_price
12206,W8BG312206,Shirt Bell Sleeves,variable,False,unknown,,False,True,True,"Lifestyle & Everyday Essentials > Fashion, Lifestyle & Everyday Essentials",no_price
12209,Y2E2O12209,Shirt Pearl and Sequin Collar,simple,False,unknown,1500,True,True,True,"All Products, Lifestyle & Everyday Essentials > Fashion, Lifestyle & Everyday Essentials",
12212,RHQ9212212,Shirt pearl and Sequin Collar,variable,False,unknown,,False,True,True,"Lifestyle & Everyday Essentials > Fashion, Lifestyle & Everyday Essentials",no_price
12215,BTNM912215,Dress Brocade,variable,True,unknown,,False,True,True,"All Products, Lifestyle & Everyday Essentials > Fashion, Lifestyle & Everyday Essentials",no_price
12219,UJIJQ12219,Dress Mock Cot and Embellished,variable,False,unknown,,False,True,True,"Lifestyle & Everyday Essentials > Fashion, Lifestyle & Everyday Essentials",no_price
12223,4H12E12223,Cocktail Dress Sequin Work,variable,False,unknown,,False,True,True,"All Products, Lifestyle & Everyday Essentials > Fashion, Lifestyle & Everyday Essentials",no_price
12226,NBSA612226,Cocktail Dress Blusso Style,variable,False,unknown,,False,True,True,"All Products, Lifestyle & Everyday Essentials > Fashion, Lifestyle & Everyday Essentials",no_price
12229,LHH3C12229,"Dress Sequin Bodice, Chiffon",variable,False,unknown,,False,True,True,"Lifestyle & Everyday Essentials > Fashion, Lifestyle & Everyday Essentials",no_price
12232,I5K2D12232,Dress Encrusted Waist,variable,False,unknown,,False,True,True,"All Products, Lifestyle & Everyday Essentials > Fashion, Lifestyle & Everyday Essentials",no_price
12235,M52TZ12235,Dress Chiffon Overlay,variable,False,unknown,,False,True,True,"Lifestyle & Everyday Essentials > Fashion, Lifestyle & Everyday Essentials",no_price
12240,1MUEQ12240,Dress Stonework on Flowers,variable,False,unknown,,False,True,True,"All Products, Lifestyle & Everyday Essentials > Fashion, Lifestyle & Everyday Essentials",no_price
12243,6Y26L12243,Dress Chiffon Overlay. 1pc,variable,False,unknown,,False,True,True,"Lifestyle & Everyday Essentials > Fashion, Lifestyle & Everyday Essentials",no_price
12247,DS61W12247,Body Con Dress Satin animal print,variable,False,unknown,,False,True,True,"Lifestyle & Everyday Essentials > Fashion, Lifestyle & Everyday Essentials",no_price
12252,9UTTX12252,Long Lightweight Jacket Sequin Pockets,variable,False,unknown,,False,True,True,"Lifestyle & Everyday Essentials > Fashion, Lifestyle & Everyday Essentials",no_price
12257,XM55P12257,2Pc Dress With Coat,variable,False,unknown,,False,True,True,"Lifestyle & Everyday Essentials > Fashion, Lifestyle & Everyday Essentials",no_price
12262,G4F8K12262,2Pc Dress with Coat Animal Print With Stones,variable,False,unknown,,False,True,True,"Lifestyle & Everyday Essentials > Fashion, Lifestyle & Everyday Essentials",no_price
12266,Z29VB12266,2Pc Top Inner With Outer Coat,variable,False,unknown,,False,True,True,"Lifestyle & Everyday Essentials > Fashion, Lifestyle & Everyday Essentials",no_price
12269,7UD3C12269,2pc Top Inner Top With Over Coat,variable,False,unknown,,False,True,True,"Lifestyle & Everyday Essentials > Fashion, Lifestyle & Everyday Essentials",no_price
12274,EPT6512274,Jacket Leather and Lace,variable,True,unknown,,False,True,True,"Lifestyle & Everyday Essentials > Fashion, Lifestyle & Everyday Essentials",no_price
12278,PMY4M12278,Shirt Pearl Work,variable,True,unknown,,False,True,True,"Lifestyle & Everyday Essentials > Fashion, Lifestyle & Everyday Essentials",no_price
12281,TU65K12281,Shirt Silk And Velour,variable,False,unknown,,False,True,True,"Lifestyle & Everyday Essentials > Fashion, Lifestyle & Everyday Essentials",no_price
12284,14BNT12284,Shirt Bottom Down and Pearl Work,variable,False,unknown,,False,True,True,"Lifestyle & Everyday Essentials > Fashion, Lifestyle & Everyday Essentials",no_price
12289,41KK112289,Dress Cool Soft Fabric,variable,False,unknown,,False,True,True,"All Products, Lifestyle & Everyday Essentials > Fashion, Lifestyle & Everyday Essentials",no_price
12450,RS9UF12450,Philips Featherlight Plus Steam Iron,simple,True,unknown,650,True,True,True,"All Products, Homeware > Appliances, Homeware > Cleaning & Organization, Homeware, Homeware > Appliances > Small Appliances > Irons, Homeware > Cleaning & Organization > Laundry, Homeware > Appliances > Small Appliances",
12494,V1CHA12494,"Barkan 19"" To 65"" Tilt Mount Bracket",simple,False,unknown,,False,True,False,"All Products, Homeware > Appliances, Homeware > Appliances > Small Appliances",no_price|no_description
12704,SYNT112704,Condere Electric Oven with 2 Hot Plates - 46L,simple,False,unknown,,False,True,False,"All Products, Homeware > Appliances, Homeware, Homeware > Appliances > Small Appliances",no_price|no_description
12711,8B5GH12711,23L Mini Compact Kitchen Oven & 2 Plate Stove - Condere,simple,False,unknown,1500,True,True,True,"Homeware > Appliances, Homeware > Appliances > Small Appliances > Cookers, Homeware, Homeware > Appliances > Small Appliances, Homeware > Appliances > Stoves",
12713,R82AS12713,Condere 26-63inch wall mount bracket TV Bracket,simple,False,unknown,,False,True,False,"All Products, Hardware",no_price|no_description
12714,43JXW12714,Condere 32-80 inch Flat Panel Wall Mount TV bracket Feature,simple,False,unknown,,False,True,False,"All Products, Hardware",no_price|no_description
12722,1SI4V12722,Condere - Ceramic Tube Electric Heater - ZR-1003,simple,False,unknown,,False,True,False,"All Products, Homeware > Appliances, Homeware > Fans & Heaters, Homeware > Appliances > Small Appliances",no_price|no_description
12723,7CSVX12723,Condere Electric Quartz Heater - 800W - White - ZR-2002,simple,False,unknown,,False,True,False,"All Products, Homeware > Appliances, Homeware > Fans & Heaters, Homeware > Appliances > Small Appliances",no_price|no_description
12724,A6FBS12724,Condere - 1200W Halogen Electric Tubular Heater - ZR-3002,simple,False,unknown,,False,True,False,"All Products, Homeware > Appliances, Homeware > Fans & Heaters, Homeware > Appliances > Small Appliances",no_price|no_description
12726,CC72912726,"Mellerware Kettle Corded Plastic White 1.7L 2200W ""Sabie""",simple,False,unknown,,False,True,False,"All Products, Homeware > Appliances, Homeware, Homeware > Appliances > Small Appliances > Kettles & Toasters, Homeware > Appliances > Small Appliances",no_price|no_description
12747,P5Q4B12747,"iTel 17"" LED TV - A175",simple,False,unknown,,False,True,False,"All Products, Mobile Tech & Gadgets > Tv's",no_price|no_description
12749,D2Z9612749,Light Glass Ceiling Fitting 2 X E27 TCL0 - Square,simple,False,unknown,350,True,True,False,"Hardware > Electrical, Hardware > Electrical > Lights",no_description
12755,A1AC412755,Light Glass Ceiling Fitting 2 X E27 TCL0 - Rose Gold,simple,False,unknown,500,True,True,False,"Hardware > Electrical, Hardware > Electrical > Lights",no_description
12846,768ZC12846,Tyson Light LED Ceiling Fitting 24W - Circle,simple,True,unknown,400,True,True,True,"All Products, Hardware > Electrical, Hardware > Electrical > Lights",
12847,I829I12847,Tyson Light LED Ceiling Fitting 24W - Sky,simple,False,unknown,400,True,True,True,"All Products, Hardware > Electrical, Hardware > Electrical > Lights",
12849,LH6FM12849,Tyson Light LED Ceiling Fitting 24W - Square,simple,False,unknown,400,True,True,True,"All Products, Hardware > Electrical, Hardware > Electrical > Lights",
12850,N6IMO12850,Tyson Light LED Ceiling Fitting 24W - Space,simple,True,unknown,400,True,True,True,"All Products, Hardware > Electrical, Hardware > Electrical > Lights",
12859,C6ERS12859,Stoneglow Perfume Mist Diffuser - Pink,simple,False,unknown,1899,True,True,False,"Homeware > Decor > Candles & Holders, Homeware > Decor, Homeware > Decor > Kitchen & Table Accessories, Lifestyle & Everyday Essentials, Lifestyle & Everyday Essentials > Novelty",no_description
12895,7H5YT12895,Stoneglow Orris & Ylang Ylang Diffuser,simple,False,unknown,429,True,True,False,"Homeware > Decor > Candles & Holders, Homeware > Decor, Homeware, Homeware > Decor > Kitchen & Table Accessories, Lifestyle & Everyday Essentials, Lifestyle & Everyday Essentials > Novelty",no_description
12922,6M6KN12922,Honey With A Twist,simple,False,unknown,250,True,True,True,"All Products, Lifestyle & Everyday Essentials, Lifestyle & Everyday Essentials > Novelty",
13121,IGEB313121,Happy Harvesting Non - Electric HotPot Bag- Small,simple,False,unknown,300,True,True,True,"All Products, Homeware, Homeware > Slow Cookers",
13122,Y7GSA13122,Happy Harvesting Non - Electric HotPot Bag- Medium,simple,False,unknown,300,True,True,True,"All Products, Homeware, Homeware > Slow Cookers",
13124,X9BBB13124,Happy Harvesting Non - Electric HotPot Bag- Large,variable,False,unknown,,False,True,True,"All Products, Homeware, Homeware > Slow Cookers",no_price
13293,G239413293,Peg Bag,variable,True,unknown,,False,True,True,"All Products, Homeware > Cleaning & Organization, Homeware, Homeware > Cleaning & Organization > Laundry, Lifestyle & Everyday Essentials > Under R99",no_price
13375,42WSD13375,Christmas 0.3 L 2 Pack Mugs,simple,False,unknown,120,True,True,False,"Homeware > Dining, Lifestyle & Everyday Essentials > Christmas > Festive Dining, Lifestyle & Everyday Essentials, Homeware > Dining > Drinkware > Mugs",no_description
13385,67DCF13385,Philips XXL Premium (7.3L) SmartSensing Technology Airfryer - HD9860,simple,True,unknown,8500,True,True,True,"Homeware > Appliances, Homeware > Appliances > Small Appliances > Cookers, Homeware > Appliances > Small Appliances",
13418,M4VGU13418,Stud Dual Black & White,simple,False,unknown,600,True,True,False,"All Products, Lifestyle & Everyday Essentials > Fashion, Lifestyle & Everyday Essentials",no_description
13422,PD8HM13422,Stud Dual Black & Shocking Pink,simple,False,unknown,600,True,True,False,"All Products, Lifestyle & Everyday Essentials > Fashion, Lifestyle & Everyday Essentials",no_description
13430,SOZXJ13430,Cream Chiffon Stud & Stone Detail Dress,simple,False,unknown,600,True,True,False,"All Products, Lifestyle & Everyday Essentials > Fashion, Lifestyle & Everyday Essentials",no_description
13436,NJQLO13436,Navy Dress - Flat Zip,simple,False,unknown,550,True,True,False,"All Products, Lifestyle & Everyday Essentials > Fashion, Lifestyle & Everyday Essentials",no_description
13440,G8SGP13440,Shocking Pink Sequin Dress,simple,False,unknown,450,True,True,False,"All Products, Lifestyle & Everyday Essentials > Fashion, Lifestyle & Everyday Essentials",no_description
13444,K452O13444,Gold Sequin Dress,simple,False,unknown,450,True,True,False,"All Products, Lifestyle & Everyday Essentials > Fashion, Lifestyle & Everyday Essentials",no_description
13448,3VOEB13448,Grey Sequin Dress,simple,False,unknown,450,True,True,False,"Lifestyle & Everyday Essentials > Fashion, Lifestyle & Everyday Essentials",no_description
13452,PCPBO13452,Black Sequin Dress,simple,False,unknown,450,True,True,False,"All Products, Lifestyle & Everyday Essentials > Fashion, Lifestyle & Everyday Essentials",no_description
13456,TVN2I13456,Black Net Wing Dress,simple,False,unknown,650,True,True,False,"All Products, Lifestyle & Everyday Essentials > Fashion, Lifestyle & Everyday Essentials",no_description
13462,NCD6A13462,Black Dress with Pink lace,simple,False,unknown,500,True,True,False,"All Products, Lifestyle & Everyday Essentials > Fashion, Lifestyle & Everyday Essentials",no_description
13466,FBLM713466,Scuba Glass Work Dress - Black & Cream,simple,False,unknown,650,True,True,False,"All Products, Lifestyle & Everyday Essentials > Fashion, Lifestyle & Everyday Essentials",no_description
13470,X7S5813470,Stone Dress - Wing Detail,simple,False,unknown,700,True,True,False,"All Products, Lifestyle & Everyday Essentials > Fashion, Lifestyle & Everyday Essentials",no_description
13474,1AZ7913474,Shocking Pink Dress - Gold Plated Waist,simple,False,unknown,600,True,True,False,"All Products, Lifestyle & Everyday Essentials > Fashion, Lifestyle & Everyday Essentials",no_description
13481,692L213481,Black Dress with White Lace Strip,simple,False,unknown,500,True,True,False,"All Products, Lifestyle & Everyday Essentials > Fashion, Lifestyle & Everyday Essentials",no_description
13489,O63QQ13489,Gold Satin Dress,simple,False,unknown,550,True,True,False,"All Products, Lifestyle & Everyday Essentials > Fashion, Lifestyle & Everyday Essentials",no_description
13493,3FT8C13493,Stone & Gold Sequin Dress,simple,False,unknown,550,True,True,False,"All Products, Lifestyle & Everyday Essentials > Fashion, Lifestyle & Everyday Essentials",no_description
13498,NP44W13498,Black & Copper Sequin Dress,simple,False,unknown,550,True,True,False,"All Products, Lifestyle & Everyday Essentials > Fashion, Lifestyle & Everyday Essentials",no_description
13503,IIA7313503,Lemon Flower Dress,simple,False,unknown,500,True,True,False,"All Products, Lifestyle & Everyday Essentials > Fashion, Lifestyle & Everyday Essentials",no_description
13510,Y336513510,Plain Lemon Dress,simple,False,unknown,550,True,True,False,"All Products, Lifestyle & Everyday Essentials > Fashion, Lifestyle & Everyday Essentials",no_description
13514,7A82513514,Shocking Pink Dress with Stone Detail,simple,False,unknown,550,True,True,False,"All Products, Lifestyle & Everyday Essentials > Fashion, Lifestyle & Everyday Essentials",no_description
13519,T9PKF13519,Sequin Royal Blue,simple,False,unknown,650,True,True,False,"All Products, Lifestyle & Everyday Essentials > Fashion, Lifestyle & Everyday Essentials",no_description
13524,898K313524,Mint Flower Chiffon Dress,simple,False,unknown,600,True,True,False,"All Products, Lifestyle & Everyday Essentials > Fashion, Lifestyle & Everyday Essentials",no_description
13529,R6MQX13529,Stone & Peach Dress,simple,False,unknown,650,True,True,False,"All Products, Lifestyle & Everyday Essentials > Fashion, Lifestyle & Everyday Essentials",no_description
13537,G61MW13537,Navy Blue Dress with Gold Plated Waistline,simple,False,unknown,500,True,True,False,"All Products, Lifestyle & Everyday Essentials > Fashion, Lifestyle & Everyday Essentials",no_description
13541,HXGF413541,Pink & Navy Party Dress,simple,False,unknown,600,True,True,False,"All Products, Lifestyle & Everyday Essentials > Fashion, Lifestyle & Everyday Essentials",no_description
13545,2JTY813545,Plain Aqua Dress,simple,False,unknown,500,True,True,False,"All Products, Lifestyle & Everyday Essentials > Fashion, Lifestyle & Everyday Essentials",no_description
13549,1T3O113549,Ice & Stone Dress,simple,False,unknown,550,True,True,False,"All Products, Lifestyle & Everyday Essentials > Fashion, Lifestyle & Everyday Essentials",no_description
13553,QU15C13553,Mint Long Dress with Glass Work,simple,False,unknown,950,True,True,False,"All Products, Lifestyle & Everyday Essentials > Fashion, Lifestyle & Everyday Essentials",no_description
13557,N472413557,Purple Dress with Stone Detail on Neckline,simple,False,unknown,950,True,True,False,"All Products, Lifestyle & Everyday Essentials > Fashion, Lifestyle & Everyday Essentials",no_description
13565,2U4DO13565,Navy Blue Long Evening Gown,simple,False,unknown,850,True,True,False,"All Products, Lifestyle & Everyday Essentials > Fashion, Lifestyle & Everyday Essentials",no_description
13569,J35FR13569,Navy Stud Chiffon Dress,simple,False,unknown,800,True,True,False,"All Products, Lifestyle & Everyday Essentials > Fashion, Lifestyle & Everyday Essentials",no_description
13578,31SJE13578,Plain Navy Evening Gown,simple,False,unknown,700,True,True,False,"All Products, Lifestyle & Everyday Essentials > Fashion, Lifestyle & Everyday Essentials",no_description
13583,T9BS613583,Peach Chiffon Evening Gown with Sequins,simple,False,unknown,600,True,True,False,"All Products, Lifestyle & Everyday Essentials > Fashion, Lifestyle & Everyday Essentials",no_description
13589,M1O9T13589,Seige Solo Dress with Studs,simple,False,unknown,650,True,True,False,"All Products, Lifestyle & Everyday Essentials > Fashion, Lifestyle & Everyday Essentials",no_description
13593,8Q96K13593,Maroon Sequin Dress,simple,False,unknown,600,True,True,False,"All Products, Lifestyle & Everyday Essentials > Fashion, Lifestyle & Everyday Essentials",no_description
13597,X7U7213597,"Blue Mist - Lace Top, Chiffon Bottom Dress",simple,False,unknown,850,True,True,False,"All Products, Lifestyle & Everyday Essentials > Fashion, Lifestyle & Everyday Essentials",no_description
13603,IFXNY13603,Lace & Sequin Dress - Indigo,simple,False,unknown,1000,True,True,False,"All Products, Lifestyle & Everyday Essentials > Fashion, Lifestyle & Everyday Essentials",no_description
13607,YLK9513607,Peach Satin Dress,simple,False,unknown,600,True,True,False,"All Products, Lifestyle & Everyday Essentials > Fashion, Lifestyle & Everyday Essentials",no_description
13619,176S213619,Happy Harvesting Laundry Liquid 5L,simple,False,unknown,200,True,True,False,"Homeware > Cleaning & Organization, Homeware > Cleaning & Organization > Detergents, Homeware",no_description
13620,EG9Z413620,Happy Harvesting Fabric Softener 5L,simple,False,unknown,150,True,True,False,"Homeware > Cleaning & Organization, Homeware > Cleaning & Organization > Detergents, Homeware",no_description
13621,5QIX713621,Happy Harvesting Thick Bleach 5L,simple,False,unknown,155,True,True,False,"All Products, Homeware > Cleaning & Organization > Detergents",no_description
13622,SJ33X13622,Happy Harvesting Bleach 5L,simple,False,unknown,140,True,True,True,"All Products, Homeware > Cleaning & Organization > Detergents",
13623,K99CN13623,Happy Harvesting Multipurpose Cleaning Cream 5L,simple,False,unknown,140,True,True,False,"All Products, Homeware > Cleaning & Organization > Detergents",no_description
13624,5ZZ4413624,Happy Harvesting Dishwashing Liquid 5L,simple,False,unknown,136,True,True,False,"All Products, Homeware > Cleaning & Organization > Detergents",no_description
13630,628H913630,Long Seige Dress with Stud Detail,simple,False,unknown,1000,True,True,False,"All Products, Lifestyle & Everyday Essentials > Fashion, Lifestyle & Everyday Essentials",no_description
13635,MO1JJ13635,Bengline Black & Cream Dress,simple,False,unknown,550,True,True,False,"All Products, Lifestyle & Everyday Essentials > Fashion, Lifestyle & Everyday Essentials",no_description
13640,1BBJX13640,Black Chiffon Dress with gold sequins,simple,False,unknown,550,True,True,False,"All Products, Lifestyle & Everyday Essentials > Fashion, Lifestyle & Everyday Essentials",no_description
13644,92J5X13644,Stone & Navy Dress with Sequins,simple,False,unknown,550,True,True,False,"All Products, Lifestyle & Everyday Essentials > Fashion, Lifestyle & Everyday Essentials",no_description
13648,C65K213648,Violet Dress with Lace & Chiffon,simple,False,unknown,550,True,True,False,"All Products, Lifestyle & Everyday Essentials > Fashion, Lifestyle & Everyday Essentials",no_description
13729,427P313729,Imou 1080P H265 Wireless Security System,simple,False,unknown,4999,True,True,True,"All Products, Homeware > Appliances, Homeware > Appliances > Small Appliances",
13733,7K6SX13733,FITNASTICS Kids Trampoline,simple,False,unknown,1500,True,True,False,"All Products, Lifestyle & Everyday Essentials > Fitnastics, Lifestyle & Everyday Essentials",no_description
13750,N5QK513750,LED Lamp Light,variable,True,unknown,,False,True,False,"Hardware > Electrical, Hardware > Electrical > Globes, Hardware, Hardware > Electrical > Lights",no_price|no_description
13753,PS8U713753,Wudhu Socks - Waterproof Ultra Thin Socks,variable,True,unknown,,False,True,False,"All Products, Lifestyle & Everyday Essentials > Fashion, Lifestyle & Everyday Essentials, Lifestyle & Everyday Essentials > Novelty",no_price|no_description
13759,HKHH313759,Seasoning Set,simple,True,unknown,150,True,True,False,"Homeware > Kitchenware > Food Storage Containers, Homeware, Homeware > Kitchenware, Lifestyle & Everyday Essentials > Under R99",no_description
13766,N634413766,Get Chiki Sauces,variable,True,unknown,,False,True,False,"All Products, Lifestyle & Everyday Essentials > Sauces",no_price|no_description
13798,C73N913798,Amare One - 600 Puffs,variable,True,unknown,,False,True,False,"All Products, Lifestyle & Everyday Essentials > Under R99, Lifestyle & Everyday Essentials > Vapes & eLiquids",no_price|no_description
13810,ONPC313810,Crystal Bar - 600 Puffs,variable,True,unknown,,False,True,False,"Lifestyle & Everyday Essentials > Under R99, Lifestyle & Everyday Essentials > Vapes & eLiquids",no_price|no_description
13825,ZNL3913825,Beer Mug - 560ML,variable,True,unknown,,False,True,False,"Homeware > Dining > Drinkware, Homeware, Homeware > Dining > Drinkware > Mugs, Homeware > Dining > Drinkware > Tumblers",no_price|no_description
13851,OS9HO13851,Tumbler (Set of 6 ) 310ml,variable,True,unknown,,False,True,False,"All Products, Homeware, Homeware > Dining > Drinkware > Tumblers",no_price|no_description
13852,ACFKC13852,Tumbler (Set of 6) 210ml,variable,True,unknown,,False,True,False,"Homeware, Homeware > Dining > Drinkware > Tumblers",no_price|no_description
13866,NZPOK13866,Novelty Mugs,variable,True,unknown,,False,True,True,"Homeware, Homeware > Dining > Drinkware > Mugs",no_price
14003,12RH714003,Ironing Board Cover,variable,False,unknown,,False,True,True,"All Products, Homeware > Cleaning & Organization, Homeware, Homeware > Cleaning & Organization > Laundry",no_price
14618,6Q7Q614618,Smart LED Ceiling Fan Light with Remote Control & 3 Speed Fan Control,simple,True,unknown,550,True,True,False,"Homeware > Fans & Heaters, Homeware",no_description
14624,B9VH414624,Space Saver LED Ceiling Fan With Remote,simple,True,unknown,500,True,True,False,"Homeware > Fans & Heaters, Homeware",no_description
14674,p2ww2dr,2 Drawer Melamine Pedestals,simple,False,unknown,,False,False,True,All Products,no_price|no_image
14675,p2gvd,Suede Diamond Pedestals,simple,False,unknown,,False,True,True,All Products,no_price
14676,p2pyv2dr,2 Drawer Velvet Pedestals,simple,False,unknown,,False,False,True,All Products,no_price|no_image
14677,p2vcdd,Cream Vinyl Pedestals,simple,False,unknown,,False,False,True,All Products,no_price|no_image
14687,52SBU14687,Skyworth 32'' TV HD,simple,True,unknown,3100,True,True,True,"Homeware > Appliances, Homeware, Mobile Tech & Gadgets > Tv's",
14688,2LDSJ14688,Telefunken 32''TV LED - Elevate Your View,simple,True,unknown,2500,True,True,True,"Homeware > Appliances, Homeware, Mobile Tech & Gadgets > Tv's",
14690,AQ1D714690,JVC 32'' TV HD -  Elevate Your View,simple,False,unknown,2700,True,True,True,"Homeware > Appliances, Homeware, Mobile Tech & Gadgets > Tv's",
14691,DB4UR14691,Sinotech 32'' TV HD - Elevate Your View,simple,True,unknown,2600,True,True,True,"Homeware > Appliances, Homeware, Mobile Tech & Gadgets > Tv's",
14739,YMK9Y14739,Window Basket Large White,simple,False,unknown,450,True,True,True,"Garden > Garden Pots, Homeware > Decor > Pots & Planters",
14746,,Chelsea Window Box Large White,simple,True,unknown,650,True,True,True,"Garden > Garden Pots, Homeware > Decor > Pots & Planters",no_sku
14780,,Potstory Casablanca White,simple,True,unknown,850,True,True,True,"Garden, Garden > Garden Pots, Homeware > Decor > Pots & Planters",no_sku
14794,JIHA514794,Potstory Twisted Pots White,variable,True,unknown,,False,True,True,"Garden, Garden > Garden Pots, Homeware > Decor > Pots & Planters",no_price
14798,2YV1X14798,Potstory Ulundi,variable,True,unknown,,False,True,True,"Garden, Garden > Garden Pots, Homeware > Decor > Pots & Planters",no_price
14801,7LTBZ14801,Potstory Savante,variable,False,unknown,,False,True,True,"Garden, Garden > Garden Pots, Homeware > Decor > Pots & Planters",no_price
14805,C6MPS14805,Potstory Quattro Pot,variable,True,unknown,,False,True,True,"Garden, Garden > Garden Pots, Homeware > Decor > Pots & Planters",no_price
14808,3W15D14808,Potstory Inca Pot,variable,True,unknown,,False,True,True,"Garden, Garden > Garden Pots, Homeware > Decor > Pots & Planters",no_price
14811,I2E1D14811,Potstory Succulent Pots,variable,True,unknown,,False,True,True,"Garden, Garden > Garden Pots, Homeware > Decor > Pots & Planters",no_price
14816,JYBUG14816,Potstory Classic Pot,variable,False,unknown,,False,True,True,"Garden, Garden > Garden Pots, Homeware > Decor > Pots & Planters",no_price
14950,53CG814950,U Shaped LED Fan Light,simple,True,unknown,200,True,True,False,"Homeware > Fans & Heaters, Homeware, Hardware > Electrical > Lights",no_description
15110,mrp,MRP Scatter Cushion,simple,False,unknown,200,True,True,True,"Homeware > Decor > Cushions, Homeware",
15133,Mokoya,Scatter Cushion Animal Print Patch Work,variable,False,unknown,,False,True,True,"Homeware > Decor > Cushions, Homeware",no_price
15137,KVC8X15137,Foil Fur Scatter Cushion,simple,False,unknown,350,True,True,True,"Homeware > Decor > Cushions, Homeware",
15138,Mokoya 1-8,Fur Scatter Cushion,variable,False,unknown,,False,True,True,"Homeware > Decor > Cushions, Homeware",no_price
15207,6777,Kids Camping Stool,simple,False,unknown,200,True,True,True,"Furniture > Chairs, Furniture",
15222,camp,Kids Camping Chair,simple,False,unknown,1200,True,True,True,"Furniture > Chairs, Furniture",
15224,AtlantisB / AtlantisG / AtlantisR / AtlantisY,Atlantis Round Chair,variable,False,unknown,,False,True,True,"Furniture > Chairs, Furniture",no_price
15229,6812 / 6813,Kids Sofa,variable,False,unknown,,False,True,True,"Furniture > Couches, Furniture",no_price
15232,M2U4G15232,Urban Decor Shell Beach Legs Chair,variable,True,unknown,,False,True,True,"Furniture > Chairs, Furniture",no_price
15242,FsVGO / FsVR / FsVGR / FsVGRE / FsVB / FsVY/,Foot Stool / Ottomon,variable,False,unknown,,False,True,True,"Furniture > Chairs, Furniture",no_price
15259,ConG,Condere Steam Iron 1800W,simple,False,unknown,300,True,True,True,"Homeware > Appliances, Homeware > Cleaning & Organization, Homeware, Homeware > Appliances > Small Appliances > Irons, Homeware > Cleaning & Organization > Laundry, Homeware > Appliances > Small Appliances",
15336,Disco,Aerbes AB-Z1105 Disco Light,simple,False,unknown,180,True,True,True,"Hardware > Electrical, Lifestyle & Everyday Essentials > Christmas > Festive Lights, Hardware > Electrical > Globes, Hardware > Electrical > Lights, Lifestyle & Everyday Essentials > Novelty, Lifestyle & Everyday Essentials > Under R99",
15343,ZR5K915343,LED  Holographic Mini Stage Light Laser Projector,simple,False,unknown,350,True,True,True,"Lifestyle & Everyday Essentials > Christmas > Festive Lights, Mobile Tech & Gadgets, Lifestyle & Everyday Essentials > Novelty, Mobile Tech & Gadgets > Tech & Gadgets",
15361,SGMD,Sparkling Gold Symphony,simple,False,unknown,130,True,True,True,"All Products, Lifestyle & Everyday Essentials > Christmas, Homeware > Decor, Lifestyle & Everyday Essentials > Christmas > Festive Decor, Lifestyle & Everyday Essentials, Lifestyle & Everyday Essentials > Under R99",
15368,SGFD,Golden Blooms Elegance hanging Decor,simple,False,unknown,120,True,True,True,"Lifestyle & Everyday Essentials > Christmas, Homeware > Decor, Lifestyle & Everyday Essentials > Christmas > Festive Decor, Lifestyle & Everyday Essentials, Lifestyle & Everyday Essentials > Under R99",
15386,PUK2E15386,Star Bell - Tree Décor,simple,False,unknown,100,True,True,True,"Lifestyle & Everyday Essentials > Christmas, Homeware > Decor, Lifestyle & Everyday Essentials > Christmas > Festive Decor, Lifestyle & Everyday Essentials, Lifestyle & Everyday Essentials > Under R99",
15449,WHCE,Wooden Hanging Christmas egg,simple,False,unknown,35,True,True,True,"Homeware > Decor, Lifestyle & Everyday Essentials > Christmas > Festive Decor, Lifestyle & Everyday Essentials > Under R99",
15457,RBM,6pc Red/Gold Bells Decor,variable,False,unknown,,False,True,True,"Homeware > Decor, Lifestyle & Everyday Essentials > Christmas > Festive Decor, Lifestyle & Everyday Essentials > Under R99",no_price
15461,MDGB,6pc Mini Double Gold Bells Decor,simple,False,unknown,50,True,True,True,"Homeware > Decor, Lifestyle & Everyday Essentials > Christmas > Festive Decor, Lifestyle & Everyday Essentials, Lifestyle & Everyday Essentials > Novelty, Lifestyle & Everyday Essentials > Under R99",
15464,NMM,3pc Nutcracker Mini Man Set,simple,False,unknown,250,True,True,True,"Homeware > Decor, Lifestyle & Everyday Essentials > Christmas > Festive Decor, Homeware > Decor > Kitchen & Table Accessories, Lifestyle & Everyday Essentials",
15471,TM9C315471,Christmas Serviettes - Blue/Red/Beige Santa - 20pc,variable,False,unknown,,False,True,True,"Homeware > Decor, Lifestyle & Everyday Essentials > Christmas > Festive Dining, Lifestyle & Everyday Essentials > Under R99",no_price
15475,SGW,Christmas Serviettes - 20pc,simple,False,unknown,25,True,True,True,"Homeware > Decor, Lifestyle & Everyday Essentials > Christmas > Festive Dining, Lifestyle & Everyday Essentials > Novelty, Lifestyle & Everyday Essentials > Under R99",
15479,WTM,White Merry Christmas Tinsel Mistletoe,simple,False,unknown,100,True,True,True,Lifestyle & Everyday Essentials > Christmas > Festive Decor,
15485,TSH,Tinsel Santa Hat Decoration,simple,False,unknown,120,True,True,True,Lifestyle & Everyday Essentials > Christmas > Festive Decor,
15495,LRL,10m LED Christmas Rope Lights,simple,False,unknown,220,True,True,True,"Homeware > Decor, Lifestyle & Everyday Essentials > Christmas > Festive Lights, Hardware > Electrical > Globes",
15504,RPD,Puppet Doll - Raindeer,simple,False,unknown,350,True,True,True,"Homeware > Decor, Lifestyle & Everyday Essentials > Christmas > Festive Decor, Lifestyle & Everyday Essentials, Lifestyle & Everyday Essentials > Novelty",
15511,HST,Hanging Santa - Tree Accessory,simple,False,unknown,90,True,True,True,"Homeware > Decor, Lifestyle & Everyday Essentials > Christmas > Festive Trees, Lifestyle & Everyday Essentials, Lifestyle & Everyday Essentials > Novelty, Lifestyle & Everyday Essentials > Under R99",
15514,6HT7A15514,Hanging Glitter Light Globe,variable,False,unknown,,False,True,True,"Homeware > Decor, Lifestyle & Everyday Essentials > Christmas > Festive Decor, Lifestyle & Everyday Essentials > Christmas > Festive Lights, Hardware > Electrical > Globes, Lifestyle & Everyday Essentials, Lifestyle & Everyday Essentials > Novelty",no_price
15522,MS,Miniature Santa,simple,False,unknown,350,True,True,True,"Lifestyle & Everyday Essentials > Christmas > Festive Decor, Lifestyle & Everyday Essentials, Lifestyle & Everyday Essentials > Novelty",
15526,PS,Santa Puppet Doll,simple,False,unknown,250,True,True,True,"Lifestyle & Everyday Essentials > Christmas, Lifestyle & Everyday Essentials > Christmas > Festive Decor, Lifestyle & Everyday Essentials > Novelty",
15531,RAB,Reindeer Aliceband With Bear Stuffing,simple,False,unknown,120,True,True,True,"Lifestyle & Everyday Essentials > Christmas, Lifestyle & Everyday Essentials > Christmas > Festive Decor, Lifestyle & Everyday Essentials, Lifestyle & Everyday Essentials > Novelty",
15537,PRE,Plain Aliceband Deer Ears,simple,False,unknown,80,True,True,True,"Lifestyle & Everyday Essentials > Christmas, Lifestyle & Everyday Essentials > Christmas > Festive Decor, Lifestyle & Everyday Essentials, Lifestyle & Everyday Essentials > Novelty, Lifestyle & Everyday Essentials > Under R99",
15541,RES,Reindeer Aliceband Red Sequence,simple,False,unknown,80,True,True,True,"Lifestyle & Everyday Essentials > Christmas > Festive Decor, Lifestyle & Everyday Essentials, Lifestyle & Everyday Essentials > Novelty, Lifestyle & Everyday Essentials > Under R99",
15547,PRAR,Plain Red Reindeer Aliceband,simple,False,unknown,80,True,True,True,"Lifestyle & Everyday Essentials > Christmas > Festive Decor, Lifestyle & Everyday Essentials, Lifestyle & Everyday Essentials > Novelty, Lifestyle & Everyday Essentials > Under R99",
15597,SPD,Puppet Snowman Doll,simple,False,unknown,220,True,True,True,"Lifestyle & Everyday Essentials > Christmas > Festive Decor, Lifestyle & Everyday Essentials > Novelty",
15613,PSD1,Puppet Santa Doll,simple,False,unknown,220,True,True,True,"Lifestyle & Everyday Essentials > Christmas > Festive Decor, Lifestyle & Everyday Essentials > Novelty",
15628,PSD2,Puppet Santa Doll,simple,False,unknown,220,True,True,True,"Lifestyle & Everyday Essentials > Christmas > Festive Decor, Lifestyle & Everyday Essentials > Novelty",
15647,SSGO,Starlight Splendor Gleaming Ornaments for a Merry Tree,simple,False,unknown,180,True,True,True,"Lifestyle & Everyday Essentials > Christmas > Festive Decor, Lifestyle & Everyday Essentials > Christmas > Festive Trees, Lifestyle & Everyday Essentials > Novelty",
15653,HTA,Hanging Tree Accessory - Santa's House,simple,False,unknown,60,True,True,True,"Lifestyle & Everyday Essentials > Christmas > Festive Decor, Lifestyle & Everyday Essentials > Christmas > Festive Trees, Lifestyle & Everyday Essentials > Under R99",
15654,HAA,Hanging Accessory - Acorn's,simple,False,unknown,80,True,True,True,"Lifestyle & Everyday Essentials > Christmas > Festive Decor, Lifestyle & Everyday Essentials > Christmas > Festive Trees, Lifestyle & Everyday Essentials > Under R99",
15655,SRB/RRB/GRB,Round Décor Ball,variable,False,unknown,,False,True,True,"Homeware > Decor, Lifestyle & Everyday Essentials > Christmas > Festive Decor, Lifestyle & Everyday Essentials > Christmas > Festive Trees, Homeware, Homeware > Decor > Kitchen & Table Accessories, Lifestyle & Everyday Essentials, Lifestyle & Everyday Essentials > Novelty, Lifestyle & Everyday Essentials > Under R99",no_price
15660,GGS/RGS/WGS/WPGS,Christmas Gift Stocking,variable,False,unknown,,False,True,True,"Lifestyle & Everyday Essentials > Christmas > Festive Decor, Lifestyle & Everyday Essentials > Christmas > Festive Trees, Lifestyle & Everyday Essentials > Under R99",no_price
15668,SSD2,Santa Standing Doll,simple,False,unknown,950,True,True,True,Lifestyle & Everyday Essentials > Christmas > Festive Decor,
15670,7C8ZW15670,Mistletoe Round,variable,False,unknown,,False,True,True,"Lifestyle & Everyday Essentials > Christmas > Festive Decor, Lifestyle & Everyday Essentials > Christmas > Festive Trees",no_price
15673,CSD,Candy Stick Tinsel,simple,False,unknown,150,True,True,True,"Lifestyle & Everyday Essentials > Christmas > Festive Decor, Lifestyle & Everyday Essentials > Christmas > Festive Trees",
15674,A6L9V15674,Santa Round Wooden Pot Stand,variable,False,unknown,,False,True,True,Lifestyle & Everyday Essentials > Christmas > Festive Dining,no_price
15696,SWHS,Snowflake Wooden Hanging Sign,simple,False,unknown,110,True,True,True,"Lifestyle & Everyday Essentials > Christmas > Festive Decor, Lifestyle & Everyday Essentials > Christmas > Festive Trees",
15697,ASC,Silver Acon Candle,simple,False,unknown,80,True,True,True,"Lifestyle & Everyday Essentials > Christmas > Festive Decor, Lifestyle & Everyday Essentials > Christmas > Festive Dining, Lifestyle & Everyday Essentials, Lifestyle & Everyday Essentials > Novelty, Lifestyle & Everyday Essentials > Under R99",
15698,SRT,Silver Ribbon Tape,simple,False,unknown,40,True,True,True,"Lifestyle & Everyday Essentials > Christmas > Festive Decor, Lifestyle & Everyday Essentials, Lifestyle & Everyday Essentials > Novelty, Lifestyle & Everyday Essentials > Under R99",
15699,CWWB,Christmas Wooden Wonder Box,simple,False,unknown,80,True,True,True,"Lifestyle & Everyday Essentials > Christmas > Festive Decor, Lifestyle & Everyday Essentials, Lifestyle & Everyday Essentials > Novelty, Lifestyle & Everyday Essentials > Under R99",
15700,SWS,Santa's Wooden Stand,simple,False,unknown,80,True,True,True,"Lifestyle & Everyday Essentials > Christmas > Festive Decor, Lifestyle & Everyday Essentials > Christmas > Festive Lights, Lifestyle & Everyday Essentials, Lifestyle & Everyday Essentials > Novelty, Lifestyle & Everyday Essentials > Under R99",
15701,7235U15701,Christmas Globe with Light and Snow,variable,False,unknown,,False,True,True,"Lifestyle & Everyday Essentials > Christmas > Festive Decor, Lifestyle & Everyday Essentials > Christmas > Festive Lights, Lifestyle & Everyday Essentials > Christmas > Festive Trees, Lifestyle & Everyday Essentials, Lifestyle & Everyday Essentials > Novelty",no_price
15705,CGS,Christmas Globe with sand- No light,simple,False,unknown,40,True,True,True,"Lifestyle & Everyday Essentials > Christmas > Festive Decor, Lifestyle & Everyday Essentials > Christmas > Festive Trees, Lifestyle & Everyday Essentials, Lifestyle & Everyday Essentials > Novelty",
15706,SWC,Square Wooden Christmas Light Box,simple,False,unknown,80,True,True,False,"Lifestyle & Everyday Essentials > Christmas > Festive Decor, Lifestyle & Everyday Essentials > Christmas > Festive Lights, Lifestyle & Everyday Essentials, Lifestyle & Everyday Essentials > Novelty, Lifestyle & Everyday Essentials > Under R99",no_description
15707,WCL,Wooden Christmas Light Box,simple,False,unknown,80,True,True,True,"Lifestyle & Everyday Essentials > Christmas > Festive Decor, Lifestyle & Everyday Essentials > Christmas > Festive Lights, Lifestyle & Everyday Essentials, Lifestyle & Everyday Essentials > Novelty, Lifestyle & Everyday Essentials > Under R99",
15708,41YMG15708,Merry Christmas Insta Frame,variable,False,unknown,,False,True,True,"Lifestyle & Everyday Essentials > Christmas > Festive Decor, Lifestyle & Everyday Essentials, Lifestyle & Everyday Essentials > Novelty",no_price
15781,7C8SQ15781,Green Christmas tree,variable,False,unknown,,False,True,True,"Lifestyle & Everyday Essentials > Christmas, Lifestyle & Everyday Essentials > Christmas > Festive Trees",no_price
15785,WCT,White Christmas Tree,variable,False,unknown,,False,True,True,Lifestyle & Everyday Essentials > Christmas > Festive Trees,no_price
15835,KSC,Kids Scratch Cards,simple,False,unknown,40,True,True,True,"Lifestyle & Everyday Essentials, Lifestyle & Everyday Essentials > Novelty, Lifestyle & Everyday Essentials > Stationery, Lifestyle & Everyday Essentials > Under R99",
15854,6496915854,Condere Gas Geyser,variable,False,unknown,,False,True,True,"Hardware > Gas Geysers, Hardware",no_price
15930,BLS,Desk Lamp Bluetooth Portable Speaker,simple,False,unknown,120,True,True,True,"Lifestyle & Everyday Essentials, Hardware > Electrical > Lights, Lifestyle & Everyday Essentials > Novelty",
15932,ZQDG715932,Round LED Water Activated Lamps,simple,False,unknown,180,True,True,True,"Homeware > Decor, Lifestyle & Everyday Essentials > Christmas > Festive Lights, Lifestyle & Everyday Essentials, Lifestyle & Everyday Essentials > Novelty",
15936,SQ7JG15936,Lighting McQueen Round Foil Balloon,simple,False,unknown,30,True,True,True,"Lifestyle & Everyday Essentials > Balloons, Lifestyle & Everyday Essentials > Under R99",
15957,DQH4615957,Rainbow Striped Balloon,variable,False,unknown,,False,True,True,"Lifestyle & Everyday Essentials > Balloons, Homeware > Decor, Lifestyle & Everyday Essentials > Under R99",no_price
15965,UZI9T15965,Ninja Turtles -5 Pc Foil Balloon,simple,False,unknown,60,True,True,True,"Lifestyle & Everyday Essentials > Balloons, Lifestyle & Everyday Essentials > Under R99",
15968,EWF1H15968,Captain America Round Foil Balloon,simple,False,unknown,30,True,True,True,"Lifestyle & Everyday Essentials > Balloons, Lifestyle & Everyday Essentials > Under R99",
15969,HC4A815969,Airplane Happy Birthday Foil Balloon - Helium/Air,simple,False,unknown,60,True,True,True,"Lifestyle & Everyday Essentials > Balloons, Lifestyle & Everyday Essentials > Under R99",
15970,B2RYH15970,10pc Latex helium Party Balloons,variable,False,unknown,,False,True,True,"Lifestyle & Everyday Essentials > Balloons, Lifestyle & Everyday Essentials > Under R99",no_price
15977,CO5TZ15977,Just Married - 4 pc Foil Helium Balloon,simple,False,unknown,70,True,True,True,"Lifestyle & Everyday Essentials > Balloons, Lifestyle & Everyday Essentials > Under R99",
15979,O7CLC15979,Batman Round Foil Helium Balloon,simple,False,unknown,30,True,True,True,"Lifestyle & Everyday Essentials > Balloons, Lifestyle & Everyday Essentials > Under R99",
15980,MTA8R15980,6pc Mickey Mouse Balloon,variable,False,unknown,,False,True,True,"Lifestyle & Everyday Essentials > Balloons, Lifestyle & Everyday Essentials > Under R99",no_price
15985,WWY7515985,Baby Shower Foil Balloon,variable,False,unknown,,False,True,True,"Lifestyle & Everyday Essentials > Balloons, Lifestyle & Everyday Essentials > Under R99",no_price
15992,Y911J15992,Tropical Balloon,simple,False,unknown,60,True,True,True,"Lifestyle & Everyday Essentials > Balloons, Lifestyle & Everyday Essentials > Under R99",
15993,8QDWI15993,Pj Mask Foil Balloon,simple,False,unknown,70,True,True,True,"Lifestyle & Everyday Essentials > Balloons, Lifestyle & Everyday Essentials > Under R99",
15994,WJF5415994,Paw Patrol Foil Helium Balloon,simple,False,unknown,50,True,True,True,"Lifestyle & Everyday Essentials > Balloons, Lifestyle & Everyday Essentials > Under R99",
15995,ZFLC515995,10pc Cluster star Heart Balloon,variable,False,unknown,,False,True,True,"Lifestyle & Everyday Essentials > Balloons, Lifestyle & Everyday Essentials > Under R99",no_price
15998,43Q2915998,9pc Cluster star heart Balloon,simple,False,unknown,80,True,True,True,"Lifestyle & Everyday Essentials > Balloons, Lifestyle & Everyday Essentials > Under R99",
15999,O226M15999,Pink Baby Girl Garland Balloon,simple,False,unknown,55,True,True,True,"Lifestyle & Everyday Essentials > Balloons, Lifestyle & Everyday Essentials > Under R99",
16000,86V6X16000,Happy Birthday Cluster Balloon,simple,False,unknown,150,True,True,True,Lifestyle & Everyday Essentials > Balloons,
16001,BTS3716001,Animal Garland Balloon,simple,False,unknown,40,True,True,True,"Lifestyle & Everyday Essentials > Balloons, Lifestyle & Everyday Essentials > Under R99",
16006,IQL5616006,Pink Star Garland Balloon,simple,False,unknown,40,True,True,True,"Lifestyle & Everyday Essentials > Balloons, Lifestyle & Everyday Essentials > Under R99",
16008,722GD16008,Festive Gift Wrap,variable,False,unknown,,False,True,True,"Lifestyle & Everyday Essentials > Christmas > Gift Wrap, Lifestyle & Everyday Essentials, Lifestyle & Everyday Essentials > Stationery",no_price
16040,L3HUP16040,Lateax Helium Balloons,variable,False,unknown,,False,True,True,"Lifestyle & Everyday Essentials > Balloons, Lifestyle & Everyday Essentials > Under R99",no_price
16051,3PC9916051,Happy Birthday Letters Foil Balloon,variable,False,unknown,,False,True,True,"Lifestyle & Everyday Essentials > Balloons, Lifestyle & Everyday Essentials > Under R99",no_price
16058,ZPL2D16058,Party Decor Balloons,simple,False,unknown,200,True,True,True,"Lifestyle & Everyday Essentials > Balloons, Lifestyle & Everyday Essentials",
16062,HM4HI16062,Party Decor Balloon,simple,False,unknown,200,True,True,True,Lifestyle & Everyday Essentials > Balloons,
16063,1VQK116063,Happy Birthday Party Balloon Decor Set,simple,False,unknown,95,True,True,True,"Lifestyle & Everyday Essentials > Balloons, Lifestyle & Everyday Essentials > Under R99",
16064,FUOBI16064,Batman Round Foil Balloon,simple,False,unknown,30,True,True,True,"Lifestyle & Everyday Essentials > Balloons, Lifestyle & Everyday Essentials > Under R99",
16065,UQHY316065,Round Tinsil,variable,False,unknown,,False,True,True,"Lifestyle & Everyday Essentials > Christmas > Festive Decor, Lifestyle & Everyday Essentials > Under R99",no_price
16133,12KJ516133,Round Plate Holders,variable,False,unknown,,False,True,True,"Lifestyle & Everyday Essentials > Christmas > Festive Dining, Homeware > Decor > Kitchen & Table Accessories, Lifestyle & Everyday Essentials > Under R99",no_price
16220,VJDA616220,Cake Stand,variable,False,unknown,,False,True,True,"Homeware > Decor, Lifestyle & Everyday Essentials > Christmas > Festive Dining, Homeware, Homeware > Decor > Kitchen & Table Accessories, Lifestyle & Everyday Essentials, Lifestyle & Everyday Essentials > Novelty",no_price
16224,C56DX16224,White LED  Rope Lights,simple,False,unknown,300,True,True,True,"Hardware > Electrical, Lifestyle & Everyday Essentials > Christmas > Festive Lights, Lifestyle & Everyday Essentials, Hardware > Electrical > Lights",
16225,X29H416225,Mirror Table Stand with  crystal beads,variable,False,unknown,,False,True,True,"Homeware > Decor, Homeware, Homeware > Decor > Kitchen & Table Accessories, Lifestyle & Everyday Essentials, Lifestyle & Everyday Essentials > Novelty",no_price
16229,L3XQU16229,Lantern Cosmetic bucket with crystal beads,simple,False,unknown,320,True,True,True,"Homeware > Decor, Homeware, Homeware > Decor > Kitchen & Table Accessories, Lifestyle & Everyday Essentials, Lifestyle & Everyday Essentials > Novelty",
16230,I2SCY16230,Round holder bucket with crystal beads,simple,False,unknown,190,True,True,True,"Homeware > Decor, Homeware, Homeware > Decor > Kitchen & Table Accessories, Lifestyle & Everyday Essentials, Lifestyle & Everyday Essentials > Novelty",
16231,VVMX716231,Round  Candle Crystal Beads Ornament,simple,False,unknown,190,True,True,True,"Homeware > Decor > Candles & Holders, Homeware > Decor, Homeware, Homeware > Decor > Kitchen & Table Accessories, Lifestyle & Everyday Essentials, Lifestyle & Everyday Essentials > Novelty",
16232,CH2YD16232,Round Spike Candle Holder,simple,False,unknown,300,True,True,True,"Homeware > Decor > Candles & Holders, Homeware > Decor, Homeware, Homeware > Decor > Kitchen & Table Accessories, Lifestyle & Everyday Essentials, Lifestyle & Everyday Essentials > Novelty",
16233,Q6Q9816233,Round Candle Stick Holder,variable,False,unknown,,False,True,True,"Homeware > Decor > Candles & Holders, Homeware > Decor, Homeware, Homeware > Decor > Kitchen & Table Accessories, Lifestyle & Everyday Essentials, Lifestyle & Everyday Essentials > Novelty",no_price
16236,8YP7216236,Glass Box Candle Holder with Silver Candle,simple,False,unknown,400,True,True,True,"Homeware > Decor > Candles & Holders, Homeware > Decor, Homeware, Homeware > Decor > Kitchen & Table Accessories, Lifestyle & Everyday Essentials, Lifestyle & Everyday Essentials > Novelty",
16237,4HZVP16237,Christmas Tree with White Snowflakes,simple,False,unknown,60,True,True,True,"Homeware > Decor, Lifestyle & Everyday Essentials > Christmas > Festive Trees, Homeware, Homeware > Decor > Kitchen & Table Accessories, Lifestyle & Everyday Essentials > Under R99",
16238,5S34T16238,Candle Holder Crystal,variable,False,unknown,,False,True,True,"Homeware > Decor > Candles & Holders, Homeware > Decor, Homeware, Homeware > Decor > Kitchen & Table Accessories, Lifestyle & Everyday Essentials, Lifestyle & Everyday Essentials > Novelty",no_price
16241,Y5L1G16241,Gold Cup Stand with Black Trio Legs,simple,False,unknown,650,True,True,True,"Homeware > Decor, Homeware, Homeware > Decor > Kitchen & Table Accessories, Lifestyle & Everyday Essentials, Homeware > Dining > Drinkware > Mugs, Lifestyle & Everyday Essentials > Novelty",
16242,69YP816242,Round Candle Stick Holder Round,variable,False,unknown,,False,True,True,"Homeware > Decor > Candles & Holders, Homeware > Decor, Homeware, Homeware > Decor > Kitchen & Table Accessories, Lifestyle & Everyday Essentials, Lifestyle & Everyday Essentials > Novelty",no_price
16245,RL1QG16245,Mirror Stand with crystal beads,variable,False,unknown,,False,True,True,"Homeware > Decor, Homeware, Homeware > Decor > Kitchen & Table Accessories, Lifestyle & Everyday Essentials, Lifestyle & Everyday Essentials > Novelty",no_price
16319,NTM6Q16319,Tongdi 18 color pens,simple,False,unknown,55,True,True,True,"Lifestyle & Everyday Essentials, Lifestyle & Everyday Essentials > Stationery, Lifestyle & Everyday Essentials > Under R99",
16515,PUGXC16515,12pc water color pen,simple,False,unknown,35,True,True,True,"Lifestyle & Everyday Essentials, Lifestyle & Everyday Essentials > Stationery, Lifestyle & Everyday Essentials > Under R99",
16519,17DRO16519,12pc Cooky color Pastel Chalk Markers,simple,False,unknown,85,True,True,True,"Lifestyle & Everyday Essentials, Lifestyle & Everyday Essentials > Stationery, Lifestyle & Everyday Essentials > Under R99",
16520,3R8U116520,12 Colors Yalong Color Pencils,simple,False,unknown,55,True,True,True,"Lifestyle & Everyday Essentials, Lifestyle & Everyday Essentials > Stationery, Lifestyle & Everyday Essentials > Under R99",
16521,49OL916521,12 pencils 24 colors YL816053-24,simple,False,unknown,40,True,True,True,"Lifestyle & Everyday Essentials, Lifestyle & Everyday Essentials > Stationery, Lifestyle & Everyday Essentials > Under R99",
16522,H323916522,Tyno 12 color pen pack,simple,False,unknown,60,True,True,True,"Lifestyle & Everyday Essentials, Lifestyle & Everyday Essentials > Stationery, Lifestyle & Everyday Essentials > Under R99",
16523,FE51716523,Educational alphabet form and write,simple,False,unknown,50,True,True,True,"Lifestyle & Everyday Essentials, Lifestyle & Everyday Essentials > Stationery, Lifestyle & Everyday Essentials > Under R99",
16530,VP38316530,10pc Magnets,simple,False,unknown,25,True,True,True,"Lifestyle & Everyday Essentials, Lifestyle & Everyday Essentials > Stationery, Lifestyle & Everyday Essentials > Under R99",
16532,2CC7H16532,8 Color Paint set,simple,False,unknown,35,True,True,True,"Lifestyle & Everyday Essentials, Lifestyle & Everyday Essentials > Stationery, Lifestyle & Everyday Essentials > Under R99",
16535,827FO16535,8pc Magnet set,simple,False,unknown,20,True,True,True,"Lifestyle & Everyday Essentials, Lifestyle & Everyday Essentials > Stationery, Lifestyle & Everyday Essentials > Under R99",
16536,3869116536,6 pc Compressed Charcoal,simple,False,unknown,60,True,True,True,"Lifestyle & Everyday Essentials, Lifestyle & Everyday Essentials > Stationery, Lifestyle & Everyday Essentials > Under R99",
16560,Q3CZU16560,New Years Assorted Boxes of Light,simple,False,unknown,300,True,True,True,"Lifestyle & Everyday Essentials > Fireworks, Lifestyle & Everyday Essentials",
16561,6W7E716561,New Years Festival of Lights Fireworks,simple,False,unknown,400,True,True,True,"Lifestyle & Everyday Essentials > Fireworks, Lifestyle & Everyday Essentials",
16563,B7A4H16563,New Years Heavenly Wonder Box Fireworks,simple,False,unknown,400,True,True,True,"Lifestyle & Everyday Essentials > Fireworks, Lifestyle & Everyday Essentials",
16566,85N3Y16566,"New Years 100 Shot 08"" Saturn Missile Firework",simple,False,unknown,200,True,True,True,"Lifestyle & Everyday Essentials > Fireworks, Lifestyle & Everyday Essentials",
16567,A5J3516567,"100 Shot 12"" Fan Firework",simple,False,unknown,3500,True,True,True,"Lifestyle & Everyday Essentials > Fireworks, Lifestyle & Everyday Essentials",
16569,245NI16569,"10 Shot Assorted 0.8"" New Years Fireworks",simple,False,unknown,210,True,True,True,"Lifestyle & Everyday Essentials > Fireworks, Lifestyle & Everyday Essentials",
16587,IM2DV16587,"10 Shot Assorted 1.2"" New Years Fireworks",simple,False,unknown,300,True,True,True,"Lifestyle & Everyday Essentials > Fireworks, Lifestyle & Everyday Essentials",
16588,YJWH316588,"19 Shot 12"" Assorted New years Fireworks",simple,False,unknown,520,True,True,True,"Lifestyle & Everyday Essentials > Fireworks, Lifestyle & Everyday Essentials",
16589,YN7SF16589,19 Shot Small New Year Firework,simple,False,unknown,450,True,True,True,"Lifestyle & Everyday Essentials > Fireworks, Lifestyle & Everyday Essentials",
16590,3178B16590,200 Shot Saturn Missile New Year Firework,simple,False,unknown,300,True,True,True,"Lifestyle & Everyday Essentials > Fireworks, Lifestyle & Everyday Essentials",
16591,8I16J16591,"25 Shot Fan 1.2"" New Years Firework",simple,False,unknown,400,True,True,True,"Lifestyle & Everyday Essentials > Fireworks, Lifestyle & Everyday Essentials",
16592,SQ7ZC16592,25 Shot Limited Edition New Years Firework,simple,False,unknown,450,True,True,True,"Lifestyle & Everyday Essentials > Fireworks, Lifestyle & Everyday Essentials",
16593,PZ8PE16593,25 Shot Saturn Missile New Years Firework,simple,False,unknown,190,True,True,True,"Lifestyle & Everyday Essentials > Fireworks, Lifestyle & Everyday Essentials",
16594,SE55A16594,"25 Shot Square 1.2"" New Years Firework",simple,False,unknown,850,True,True,True,"Lifestyle & Everyday Essentials > Fireworks, Lifestyle & Everyday Essentials",
16595,VYCYN16595,"36 Fan 1.2"" New Years Firework",simple,False,unknown,1200,True,True,True,"Lifestyle & Everyday Essentials > Fireworks, Lifestyle & Everyday Essentials",
16611,K3GQH16611,"36 Shot 0.8"" New Years Firework",simple,False,unknown,480,True,True,True,"Lifestyle & Everyday Essentials > Fireworks, Lifestyle & Everyday Essentials",
16612,O7V2216612,36 Square 1.2 New Years Firework,simple,False,unknown,1200,True,True,True,"Lifestyle & Everyday Essentials > Fireworks, Lifestyle & Everyday Essentials",
16613,P97YD16613,"40 Shot 0.8"" Sky Beauty New Years Firework",simple,False,unknown,480,True,True,True,"Lifestyle & Everyday Essentials > Fireworks, Lifestyle & Everyday Essentials",
16614,94XBZ16614,49 Shot Fighter Ace Square 1.2 New Years Firework,simple,False,unknown,1500,True,True,True,"Lifestyle & Everyday Essentials > Fireworks, Lifestyle & Everyday Essentials",
16616,D7J7A16616,9 Shot 1.2 Happy New Year Firework,simple,False,unknown,350,True,True,True,"Lifestyle & Everyday Essentials > Fireworks, Lifestyle & Everyday Essentials",
16617,SZ46K16617,"9 Shot Good Time 1.2"" New Years Firework",simple,False,unknown,320,True,True,True,"Lifestyle & Everyday Essentials > Fireworks, Lifestyle & Everyday Essentials",
16618,YO1ZM16618,Best Group Fountain New Years Firework,simple,False,unknown,350,True,True,True,"Lifestyle & Everyday Essentials > Fireworks, Lifestyle & Everyday Essentials",
16619,SY2SQ16619,Snow Fountain New Years Firework,simple,False,unknown,110,True,True,True,"Lifestyle & Everyday Essentials > Fireworks, Lifestyle & Everyday Essentials",
16621,EOUM216621,Festival Balls New Years Firework,variable,False,unknown,,False,True,True,"Lifestyle & Everyday Essentials > Fireworks, Lifestyle & Everyday Essentials",no_price
16624,5F5O416624,New Years Shooter Fireworks,variable,False,unknown,,False,True,True,"Lifestyle & Everyday Essentials > Fireworks, Lifestyle & Everyday Essentials, Lifestyle & Everyday Essentials > Under R99",no_price
16629,7A7P816629,Firework Candles,variable,False,unknown,,False,True,True,"Lifestyle & Everyday Essentials > Fireworks, Lifestyle & Everyday Essentials",no_price
16633,PKECB16633,Sparkles New Years Firework,variable,False,unknown,,False,True,True,"Lifestyle & Everyday Essentials > Fireworks, Lifestyle & Everyday Essentials",no_price
16637,5FQ7216637,3.52 SQM Peel And Stick Vinyl Tiles,variable,False,unknown,,False,True,True,"Homeware > Decor, Hardware, Hardware > Peel and Stick Tiles > Peel & Stick Vinyl Tiles, Hardware > Peel and Stick Tiles",no_price
16700,7747916700,Pink Fluffy Pencil Case,simple,False,unknown,200,True,True,True,"Lifestyle & Everyday Essentials, Lifestyle & Everyday Essentials > Stationery",
16701,7H9G616701,12 Color Pastel Pencils,simple,False,unknown,150,True,True,True,"Lifestyle & Everyday Essentials, Lifestyle & Everyday Essentials > Stationery",
16703,HU97916703,12pc Yalong 2B Wooden Pencil,simple,False,unknown,60,True,True,True,"Lifestyle & Everyday Essentials, Lifestyle & Everyday Essentials > Stationery, Lifestyle & Everyday Essentials > Under R99",
16705,P3GRK16705,Blue series Pencil Case,simple,False,unknown,120,True,True,True,"Lifestyle & Everyday Essentials, Lifestyle & Everyday Essentials > Stationery",
16706,SIJ7416706,Blue Pencil Case,simple,False,unknown,120,True,True,True,"Lifestyle & Everyday Essentials, Lifestyle & Everyday Essentials > Stationery",
16707,F6AE416707,Green Pencil case,simple,False,unknown,110,True,True,True,"Lifestyle & Everyday Essentials, Lifestyle & Everyday Essentials > Stationery",
16708,C9M2716708,Kids Alphabet Cartoon Cubes,simple,False,unknown,120,True,True,True,"Lifestyle & Everyday Essentials, Lifestyle & Everyday Essentials > Stationery",
16709,41TR116709,White Board + 2 Magnets,simple,False,unknown,110,True,True,True,"Lifestyle & Everyday Essentials, Lifestyle & Everyday Essentials > Stationery",
16710,9LF4616710,Blue Spider Man Art Set,simple,False,unknown,80,True,True,True,"Lifestyle & Everyday Essentials, Lifestyle & Everyday Essentials > Stationery, Lifestyle & Everyday Essentials > Under R99",
16711,ME1J716711,Magnet White Board With Stamps and Pen item,simple,False,unknown,120,True,True,True,"Lifestyle & Everyday Essentials, Lifestyle & Everyday Essentials > Stationery",
16712,I794216712,Unicorn Pink Pencil case,simple,False,unknown,150,True,True,True,"Lifestyle & Everyday Essentials, Lifestyle & Everyday Essentials > Stationery",
16717,IGE8J16717,Marlin 5pc Pen/Pencil Set,variable,False,unknown,,False,True,True,"Lifestyle & Everyday Essentials, Lifestyle & Everyday Essentials > Stationery, Lifestyle & Everyday Essentials > Under R99",no_price
16738,INERT16738,30 cm ruler - Marlin,variable,False,unknown,,False,True,True,"Lifestyle & Everyday Essentials, Lifestyle & Everyday Essentials > Stationery, Lifestyle & Everyday Essentials > Under R99",no_price
16761,96AXB16761,Marlin Ballpoint Pen Set - 10 Pieces,variable,False,unknown,,False,True,True,"Lifestyle & Everyday Essentials, Lifestyle & Everyday Essentials > Stationery, Lifestyle & Everyday Essentials > Under R99",no_price
16765,WU5FM16765,Marlin Correction Tape - 5mm x 6mm,simple,False,unknown,45,True,True,True,"Lifestyle & Everyday Essentials, Lifestyle & Everyday Essentials > Stationery, Lifestyle & Everyday Essentials > Under R99",
16766,USF4D16766,12 Pc - Precision Fineliner Color pen set,simple,False,unknown,50,True,True,True,"Lifestyle & Everyday Essentials, Lifestyle & Everyday Essentials > Stationery, Lifestyle & Everyday Essentials > Under R99",
16767,I98Q116767,8-Piece Jumbo Marlin Fiber Tip Pen Set,simple,False,unknown,60,True,True,True,"Lifestyle & Everyday Essentials, Lifestyle & Everyday Essentials > Stationery, Lifestyle & Everyday Essentials > Under R99",
16768,757E116768,3 pack Marlin  Glue Stick washable glue stick,simple,False,unknown,69,True,True,True,"Lifestyle & Everyday Essentials, Lifestyle & Everyday Essentials > Stationery, Lifestyle & Everyday Essentials > Under R99",
16769,G4S6216769,24pc Marlin Fiber Tip Pens,simple,False,unknown,60,True,True,True,"Lifestyle & Everyday Essentials, Lifestyle & Everyday Essentials > Stationery, Lifestyle & Everyday Essentials > Under R99",
16770,9ZR8Z16770,Marlin Corrector Fluid with  Brush - 20ml,simple,False,unknown,40,True,True,True,"Lifestyle & Everyday Essentials, Lifestyle & Everyday Essentials > Stationery, Lifestyle & Everyday Essentials > Under R99",
16772,2NDFU16772,Marlin Set Eraser & Sharpner Set,simple,True,unknown,35,True,True,True,"Lifestyle & Everyday Essentials, Lifestyle & Everyday Essentials > Stationery, Lifestyle & Everyday Essentials > Under R99",
16773,2Y37316773,Marlin Corrector Pen 7ml,simple,False,unknown,35,True,True,True,"Lifestyle & Everyday Essentials, Lifestyle & Everyday Essentials > Stationery, Lifestyle & Everyday Essentials > Under R99",
16774,BM98B16774,4pc Marlin Pastel Highlighters,simple,False,unknown,35,True,True,True,"Lifestyle & Everyday Essentials, Lifestyle & Everyday Essentials > Stationery, Lifestyle & Everyday Essentials > Under R99",
16789,OSP2716789,Marlin 2 Pc Liquid Glue 30ml,simple,False,unknown,20,True,True,True,"Lifestyle & Everyday Essentials, Lifestyle & Everyday Essentials > Stationery, Lifestyle & Everyday Essentials > Under R99",
16790,C56CY16790,Colorful Stainless Scissors,variable,False,unknown,,False,True,True,"Lifestyle & Everyday Essentials, Lifestyle & Everyday Essentials > Stationery, Lifestyle & Everyday Essentials > Under R99",no_price
16794,81O7E16794,My unicorn Calculator,simple,True,unknown,75,True,True,True,"Lifestyle & Everyday Essentials, Lifestyle & Everyday Essentials > Stationery, Lifestyle & Everyday Essentials > Under R99",
16795,38B4116795,Essential Blue Scissors for Office,simple,False,unknown,45,True,True,True,"Lifestyle & Everyday Essentials, Lifestyle & Everyday Essentials > Stationery, Lifestyle & Everyday Essentials > Under R99",
16796,571X416796,Office Essentials Scissors Kit,simple,False,unknown,45,True,True,True,"Lifestyle & Everyday Essentials, Lifestyle & Everyday Essentials > Stationery, Lifestyle & Everyday Essentials > Under R99",
16797,54A4616797,Red-Grip Precision Scissors,simple,False,unknown,60,True,True,True,"Lifestyle & Everyday Essentials, Lifestyle & Everyday Essentials > Stationery, Lifestyle & Everyday Essentials > Under R99",
16798,DKIG916798,Blue Grip Steel Scissors,simple,False,unknown,50,True,True,True,"Lifestyle & Everyday Essentials, Lifestyle & Everyday Essentials > Stationery, Lifestyle & Everyday Essentials > Under R99",
16799,4788C16799,Basic Office Deck Set,simple,False,unknown,110,True,True,True,"Lifestyle & Everyday Essentials, Lifestyle & Everyday Essentials > Stationery",
16800,42AZW16800,BlueLight Set + 2x Staples,simple,False,unknown,95,True,True,True,"Lifestyle & Everyday Essentials, Lifestyle & Everyday Essentials > Stationery, Lifestyle & Everyday Essentials > Under R99",
16801,LQ58416801,Color Splash Mini Stapler,variable,False,unknown,,False,True,True,"Lifestyle & Everyday Essentials, Lifestyle & Everyday Essentials > Stationery, Lifestyle & Everyday Essentials > Under R99",no_price
16809,DH5F316809,Color Splash Mini Stapler,variable,False,unknown,,False,True,True,"Lifestyle & Everyday Essentials, Lifestyle & Everyday Essentials > Stationery, Lifestyle & Everyday Essentials > Under R99",no_price
16856,18EX116856,Paint Canvas lion + Mini paint Set,simple,False,unknown,110,True,True,True,"Lifestyle & Everyday Essentials, Lifestyle & Everyday Essentials > Stationery",
16857,1NQ5G16857,Office Trend 3-Pc Highlighter Set,simple,False,unknown,30,True,True,True,"Lifestyle & Everyday Essentials, Lifestyle & Everyday Essentials > Stationery, Lifestyle & Everyday Essentials > Under R99",
16858,J3A7I16858,12-Pack Fineliner Color Pens - 0.4mm,simple,False,unknown,60,True,True,True,"Lifestyle & Everyday Essentials, Lifestyle & Everyday Essentials > Stationery, Lifestyle & Everyday Essentials > Under R99",
16859,VPOR616859,Highlighter Pack: 6 Fluorescent Colors,simple,False,unknown,45,True,True,True,"Lifestyle & Everyday Essentials, Lifestyle & Everyday Essentials > Stationery, Lifestyle & Everyday Essentials > Under R99",
16862,86B6J16862,4-Pack Fluorescent Highlighters,simple,False,unknown,50,True,True,True,"Lifestyle & Everyday Essentials, Lifestyle & Everyday Essentials > Stationery, Lifestyle & Everyday Essentials > Under R99",
16863,K993516863,2-in-1 Correction Pen + Tape Combo,simple,False,unknown,40,True,True,True,"Lifestyle & Everyday Essentials, Lifestyle & Everyday Essentials > Stationery, Lifestyle & Everyday Essentials > Under R99",
16864,C73XV16864,BESTDI highlighters 4pc/6pc,variable,False,unknown,,False,True,True,"Lifestyle & Everyday Essentials, Lifestyle & Everyday Essentials > Stationery, Lifestyle & Everyday Essentials > Under R99",no_price
16867,NSUE116867,Black Mini Stapler Set,simple,False,unknown,30,True,True,True,"Lifestyle & Everyday Essentials, Lifestyle & Everyday Essentials > Stationery, Lifestyle & Everyday Essentials > Under R99",
16868,X295J16868,Hello Kitty Pink Kids' Scissors,simple,False,unknown,50,True,True,True,"Lifestyle & Everyday Essentials, Lifestyle & Everyday Essentials > Stationery, Lifestyle & Everyday Essentials > Under R99",
16869,AVMQT16869,2 pc gel pen set - 0.5mm white and black - GP-3813,simple,False,unknown,35,True,True,True,"Lifestyle & Everyday Essentials, Lifestyle & Everyday Essentials > Stationery, Lifestyle & Everyday Essentials > Under R99",
16870,VVOCV16870,10pc 2B Blue Pencils & Sharpener Set,simple,False,unknown,40,True,True,True,"Lifestyle & Everyday Essentials, Lifestyle & Everyday Essentials > Stationery, Lifestyle & Everyday Essentials > Under R99",
16871,ET27816871,12 Pc Blue/Green Pencils & Sharpener Set,simple,False,unknown,40,True,True,True,"Lifestyle & Everyday Essentials, Lifestyle & Everyday Essentials > Stationery, Lifestyle & Everyday Essentials > Under R99",
16872,1K7RJ16872,10 HB Pencils + Bonus Sharpener,variable,False,unknown,,False,True,True,"Lifestyle & Everyday Essentials, Lifestyle & Everyday Essentials > Stationery, Lifestyle & Everyday Essentials > Under R99",no_price
16876,3P75G16876,Artistic Duo: Paint Pallet + 6 Paints,simple,False,unknown,60,True,True,True,"Lifestyle & Everyday Essentials, Lifestyle & Everyday Essentials > Stationery, Lifestyle & Everyday Essentials > Under R99",
16877,IV4X716877,5-Piece Pencil Set,simple,False,unknown,40,True,True,True,"Lifestyle & Everyday Essentials, Lifestyle & Everyday Essentials > Stationery, Lifestyle & Everyday Essentials > Under R99",
16878,7564Z16878,Click-Top Gel Pens Duo - Set of 2,variable,False,unknown,,False,True,True,"Lifestyle & Everyday Essentials, Lifestyle & Everyday Essentials > Stationery, Lifestyle & Everyday Essentials > Under R99",no_price
16881,57ZVY16881,Pencil Safari: 12 Animal Stripe Edition,simple,False,unknown,45,True,True,True,"Lifestyle & Everyday Essentials, Lifestyle & Everyday Essentials > Stationery, Lifestyle & Everyday Essentials > Under R99",
16882,XBOST16882,Artistic Spectrum: 12-Color Palette,simple,False,unknown,40,True,True,True,"Lifestyle & Everyday Essentials, Lifestyle & Everyday Essentials > Stationery, Lifestyle & Everyday Essentials > Under R99",
16883,6YCJF16883,8-Piece Pastel Highlighter Collection,simple,False,unknown,95,True,True,True,"Lifestyle & Everyday Essentials, Lifestyle & Everyday Essentials > Stationery, Lifestyle & Everyday Essentials > Under R99",
16884,OYGT616884,Double Pack: 1000 Staples per Box (2 Boxes) - NO.10-1M,simple,False,unknown,30,True,True,True,"Lifestyle & Everyday Essentials, Lifestyle & Everyday Essentials > Stationery, Lifestyle & Everyday Essentials > Under R99",
16885,N1K1H16885,24-Pack Wax Crayons,simple,False,unknown,50,True,True,True,"Lifestyle & Everyday Essentials, Lifestyle & Everyday Essentials > Stationery, Lifestyle & Everyday Essentials > Under R99",
16886,EL7XX16886,Compact Electronic Calculator,simple,False,unknown,110,True,True,True,"Lifestyle & Everyday Essentials, Lifestyle & Everyday Essentials > Stationery",
16887,HE8WC16887,12 Colored Pencils in 24 Vibrant Shades,simple,False,unknown,55,True,True,True,"Lifestyle & Everyday Essentials, Lifestyle & Everyday Essentials > Stationery, Lifestyle & Everyday Essentials > Under R99",
16888,8B53916888,9 Pc Compass set,simple,False,unknown,60,True,True,True,"Lifestyle & Everyday Essentials, Lifestyle & Everyday Essentials > Stationery, Lifestyle & Everyday Essentials > Under R99",
16889,ZS79U16889,Magic Marker Set - 20 Brush Tips,simple,False,unknown,60,True,True,True,"Lifestyle & Everyday Essentials, Lifestyle & Everyday Essentials > Stationery, Lifestyle & Everyday Essentials > Under R99",
16890,9RPSM16890,Set of 3 Precision Outline Markers,simple,False,unknown,75,True,True,True,"Lifestyle & Everyday Essentials, Lifestyle & Everyday Essentials > Stationery, Lifestyle & Everyday Essentials > Under R99",
16891,BF81P16891,Colorful Duo: 6 Pens with 12 Shades Each,simple,False,unknown,45,True,True,True,"Lifestyle & Everyday Essentials, Lifestyle & Everyday Essentials > Stationery, Lifestyle & Everyday Essentials > Under R99",
16892,7MI7816892,Essential Set: 12 HB Pencils,variable,False,unknown,,False,True,True,"Lifestyle & Everyday Essentials, Lifestyle & Everyday Essentials > Stationery, Lifestyle & Everyday Essentials > Under R99",no_price
16895,1EYRO16895,Colorful Pen Collection - 18 Pack,simple,False,unknown,50,True,True,True,"Lifestyle & Everyday Essentials, Lifestyle & Everyday Essentials > Stationery, Lifestyle & Everyday Essentials > Under R99",
16896,9T71616896,Watercolor Pencils - Set of 12,simple,False,unknown,40,True,True,True,"Lifestyle & Everyday Essentials, Lifestyle & Everyday Essentials > Stationery, Lifestyle & Everyday Essentials > Under R99",
16897,9M71G16897,12 Color Pencils with 24 Colors,simple,False,unknown,60,True,True,True,"Lifestyle & Everyday Essentials, Lifestyle & Everyday Essentials > Stationery, Lifestyle & Everyday Essentials > Under R99",
16898,51H1J16898,Palette of 12 Oil Pastel Colors,simple,False,unknown,55,True,True,True,"Lifestyle & Everyday Essentials, Lifestyle & Everyday Essentials > Stationery, Lifestyle & Everyday Essentials > Under R99",
16899,69CN816899,Variety Starter Stationary Set,simple,False,unknown,95,True,True,True,"Lifestyle & Everyday Essentials, Lifestyle & Everyday Essentials > Stationery, Lifestyle & Everyday Essentials > Under R99",
16900,8X8BU16900,Versatile Double-Ended Permanent Markers - 12pc,simple,False,unknown,85,True,True,True,"Lifestyle & Everyday Essentials, Lifestyle & Everyday Essentials > Stationery, Lifestyle & Everyday Essentials > Under R99",
16901,5BPGQ16901,Color Pencils - Set of 12,simple,False,unknown,50,True,True,True,"Lifestyle & Everyday Essentials, Lifestyle & Everyday Essentials > Stationery, Lifestyle & Everyday Essentials > Under R99",
16902,Y4F5516902,Stapler Plier with staples,simple,False,unknown,80,True,True,True,"Hardware > Hand Tools, Lifestyle & Everyday Essentials, Lifestyle & Everyday Essentials > Stationery, Lifestyle & Everyday Essentials > Under R99",
16903,KA5X916903,6 Gel Pens with Bonus Refills,simple,False,unknown,80,True,True,True,"Lifestyle & Everyday Essentials, Lifestyle & Everyday Essentials > Stationery, Lifestyle & Everyday Essentials > Under R99",
16904,L678716904,Versatile Pen Collection - 10 Pack,simple,False,unknown,65,True,True,True,"Lifestyle & Everyday Essentials, Lifestyle & Everyday Essentials > Stationery, Lifestyle & Everyday Essentials > Under R99",
16905,N92L316905,Staples - 1 Box of 1000 Staples,simple,False,unknown,25,True,True,True,"Lifestyle & Everyday Essentials, Lifestyle & Everyday Essentials > Stationery, Lifestyle & Everyday Essentials > Under R99",
16944,FFI9416944,Mondi Rotatrim A4 Office Copy Paper,variable,True,unknown,,False,True,True,"Lifestyle & Everyday Essentials, Lifestyle & Everyday Essentials > Stationery, Lifestyle & Everyday Essentials > Under R99",no_price
16970,45Z4V16970,UZSPACE BPA-Free Water Bottle,variable,True,unknown,,False,True,True,"Homeware > Dining > Drinkware > Bottles, Homeware > Dining > Drinkware, Homeware, Homeware > Kitchenware",no_price
17007,BTAH617007,Space Saver LED Ceiling Fan With Remote,simple,True,unknown,1700,True,True,True,"Hardware > Electrical, Homeware > Fans & Heaters, Homeware, Hardware > Electrical > Lights",
17008,YTTWD17008,Modern Black Cage Ceiling Fan LED Light With Remote Control,simple,True,unknown,4500,True,True,True,"Homeware > Appliances, Hardware > Electrical, Homeware > Fans & Heaters, Homeware, Hardware > Electrical > Lights",
17013,4MFH117013,Remote Control Retractable Ceiling Fan with Lights,simple,True,unknown,1900,True,True,True,"Hardware > Electrical, Homeware > Fans & Heaters, Homeware, Hardware > Electrical > Lights",
17019,431O117019,Handheld Desktop Usb Charging Fan,variable,True,unknown,,False,True,True,"Homeware > Fans & Heaters, Homeware, Lifestyle & Everyday Essentials > Under R99",no_price
17038,6754C17038,Cordless Desktop Fan USB Charge,simple,True,unknown,130,True,True,True,"Homeware > Fans & Heaters, Homeware, Lifestyle & Everyday Essentials > Under R99",
17076,VUBBG17076,Personalized Magnet Frame,simple,False,unknown,80,True,True,True,"Lifestyle & Everyday Essentials, Lifestyle & Everyday Essentials > Novelty, Lifestyle & Everyday Essentials > Under R99, Lifestyle & Everyday Essentials > Valentine's Day",
17079,TUD1M17079,Puzzle of love 60pc,simple,False,unknown,150,True,True,True,"Lifestyle & Everyday Essentials, Lifestyle & Everyday Essentials > Novelty, Lifestyle & Everyday Essentials > Valentine's Day",
17080,3577W17080,Heart Shaped Magic Mirror,simple,False,unknown,250,True,True,True,"Homeware > Decor, Lifestyle & Everyday Essentials > Christmas > Festive Decor, Lifestyle & Everyday Essentials, Lifestyle & Everyday Essentials > Novelty, Lifestyle & Everyday Essentials > Valentine's Day",
17081,KRHWK17081,Desk/Shelf Clock,simple,False,unknown,280,True,True,True,"Homeware > Decor, Lifestyle & Everyday Essentials > Christmas > Festive Decor, Lifestyle & Everyday Essentials, Lifestyle & Everyday Essentials > Novelty, Lifestyle & Everyday Essentials > Valentine's Day",
17082,K13ET17082,Rectangular Picture Frame,variable,False,unknown,,False,True,True,"Lifestyle & Everyday Essentials > Christmas > Festive Decor, Lifestyle & Everyday Essentials, Lifestyle & Everyday Essentials > Novelty, Lifestyle & Everyday Essentials > Valentine's Day",no_price
17100,YXMAR17100,Personalized Tea Mugs,variable,False,unknown,,False,True,True,"Lifestyle & Everyday Essentials, Homeware > Dining > Drinkware > Mugs, Lifestyle & Everyday Essentials > Novelty, Lifestyle & Everyday Essentials > Valentine's Day",no_price
17145,9Y45217145,Desktop Fan,simple,True,unknown,210,True,True,True,"Homeware > Fans & Heaters, Homeware",
17148,J3J9117148,3-Burner Tempered Glass Panel Gas Stove with Auto-Ignition,simple,True,unknown,699,True,True,True,"Homeware > Appliances, Homeware, Homeware > Appliances > Stoves",
17165,A2EFP17165,Ladies Free Size Kaftans,variable,False,unknown,,False,True,True,"Lifestyle & Everyday Essentials > Fashion, Lifestyle & Everyday Essentials",no_price
17175,OXMFN17175,Mugs 18OZ Assorted Decal Writing,variable,True,unknown,,False,True,True,"Homeware > Dining > Drinkware > Mugs, Lifestyle & Everyday Essentials > Novelty",no_price
17470,C4CN417470,USB C Power Adapter,variable,True,unknown,,False,True,True,"Hardware > Electrical, Mobile Tech & Gadgets, Hardware > Electrical > Multiplugs & Adapters, Mobile Tech & Gadgets > Phone Chargers",no_price
17486,48UTV17486,IPhone 8 Lightning to USB Cable,simple,True,unknown,200,True,True,True,"Hardware > Electrical, Mobile Tech & Gadgets, Mobile Tech & Gadgets > Phone Chargers",
17487,WN15117487,USB C to Lightning Cable - IPhone,simple,True,unknown,200,True,True,True,"Hardware > Electrical, Mobile Tech & Gadgets, Mobile Tech & Gadgets > Phone Chargers",
17488,C4YC517488,Wireless Magnetic Charger,simple,True,unknown,300,True,True,True,"Hardware > Electrical, Mobile Tech & Gadgets, Mobile Tech & Gadgets > Phone Chargers",
17489,5B7MX17489,IPhone USB Power Adapter 5W,simple,True,unknown,200,True,True,True,"Mobile Tech & Gadgets, Mobile Tech & Gadgets > Phone Chargers",
17491,MPTALX13225867-0,3 Piece Icing Bottle Set,simple,True,unknown,170,True,True,True,"Homeware > Decor, Homeware > Decor > Kitchen & Table Accessories, Lifestyle & Everyday Essentials, Lifestyle & Everyday Essentials > Novelty",
17493,8V54717493,Type C Adapter Charger,variable,True,unknown,,False,True,True,"Hardware > Electrical, Mobile Tech & Gadgets, Hardware > Electrical > Multiplugs & Adapters, Mobile Tech & Gadgets > Phone Chargers",no_price
17540,C3NYM17540,Tray Cloth,simple,True,unknown,30,True,True,True,"Homeware > Decor > Kitchen & Table Accessories, Lifestyle & Everyday Essentials, Lifestyle & Everyday Essentials > Novelty, Lifestyle & Everyday Essentials > Under R99",
17542,A579217542,Square Super Keeper -  (2lt),variable,True,unknown,,False,True,True,"Homeware > Kitchenware > Food Storage Containers, Homeware, Homeware > Kitchenware",no_price
17569,7V54117569,Samsung Galaxy Z Flip5 Graphite 256GB -SM-F31BZEEAFA,simple,True,unknown,17000,True,True,True,"Mobile Tech & Gadgets > Mobile Phones, Mobile Tech & Gadgets",
17570,3NOBW17570,Samsung Galaxy Z Flip5 Graphite 512GB - SM-F731BZAAAFA,simple,True,unknown,20000,True,True,True,"Mobile Tech & Gadgets > Mobile Phones, Mobile Tech & Gadgets",
17571,LJ24417571,Portable Folding Charging Fan Fu-013,simple,True,unknown,290,True,True,True,"Hardware > Electrical, Homeware > Fans & Heaters, Homeware",
17574,8YNTJ17574,Portable Coolness - Rechargeable Folding Travel Fan FU009,simple,True,unknown,300,True,True,True,"Hardware > Electrical, Homeware > Fans & Heaters, Homeware",
17577,7748417577,One Step Hair Dryer And Styler,simple,True,unknown,350,True,True,True,"Homeware > Appliances > Small Appliances > Irons, Homeware > Appliances > Small Appliances > Personal Care, Homeware > Appliances > Small Appliances",
17588,47E5T17588,Fold Up Towel Beach Bag,simple,True,unknown,650,True,True,True,"Homeware > Decor, Lifestyle & Everyday Essentials, Lifestyle & Everyday Essentials > Novelty",
17651,VWKLT17651,Garden Patio/Lounge,variable,True,unknown,,False,True,True,"Furniture, Garden, Garden > Garden Furniture, Furniture > Outdoor Furniture",no_price
17656,OJUO717656,Perfume Fragrance (AAA),variable,True,unknown,,False,True,True,"Lifestyle & Everyday Essentials > Fragrance & Perfumes, Lifestyle & Everyday Essentials",no_price
17778,GUU4G17778,Crime Stopper - Pepper Spray,simple,True,unknown,250,True,True,True,"Lifestyle & Everyday Essentials, Lifestyle & Everyday Essentials > Self Defense",
17779,ARKOM17779,5000K Volt Taser,simple,True,unknown,350,True,True,True,"Lifestyle & Everyday Essentials, Lifestyle & Everyday Essentials > Self Defense",
17797,UX9AS17797,Padel Racket + 3Balls,simple,False,unknown,1600,True,True,True,"Lifestyle & Everyday Essentials, Lifestyle & Everyday Essentials > Novelty, Lifestyle & Everyday Essentials > Padel > Padel Rackets",
17813,4196,KELVINATOR MICROWAVE 45LT BLACK,simple,True,unknown,2400,True,True,False,Homeware > Appliances > Microwaves,no_description
17829,6132,COLD FACTOR CHEST FREEZER CF205 GO (GAS ONLY),simple,False,unknown,,False,True,False,Homeware > Appliances > Freezers,no_price|no_description
17837,6131,COLD FACTOR CHEST FREEZER CF120 GE (GAS & ELEC),simple,False,unknown,,False,True,False,Homeware > Appliances > Freezers,no_price|no_description
18023,1326,FERRE 3PLT 50x50 COMPACT STOVE F5CO3E3.T.BG,simple,True,unknown,2700,True,True,False,"All Products, Homeware, Homeware > Appliances > Stoves",no_description
18026,2081,UNIVA STOVE 4PLT BLACK WARMER DRAW U116B,simple,True,unknown,4999,True,True,False,"All Products, Homeware, Homeware > Appliances > Stoves",no_description
18032,4780,FERRE 4PLT ELECTRIC STOVE SILVER,simple,True,unknown,3200,True,True,False,"All Products, Homeware, Homeware > Appliances > Stoves",no_description
18040,6696,GOLDAIR HOB 5PLT ELEC S/STEEL,simple,False,unknown,,False,True,False,All Products,no_price|no_description
18041,6762,CADAC 5BURNER GAS HOB (AA5-N12),simple,False,unknown,,False,True,False,"All Products, Homeware > Appliances > Stoves",no_price|no_description
18042,6763,CADAC 4BURNER GAS HOB (AA-N11S),simple,False,unknown,,False,True,False,"All Products, Homeware > Appliances > Stoves",no_price|no_description
18044,6920,SUNBEAM 26LT COMPACT OVEN - SCO-260,simple,True,unknown,1199,True,True,False,"All Products, Homeware, Homeware > Appliances > Stoves",no_description
18047,6953,OBAC 2GAS+2ELEC Stove+  (Electric Oven),simple,True,unknown,3500,True,True,False,"All Products, Homeware, Homeware > Appliances > Stoves",no_description
18048,6973,ARUIF 2PLT STOVE SPIRAL CL-802,simple,False,unknown,,False,True,False,"All Products, Homeware > Appliances > Stoves",no_price|no_description
18127,1691,TELEFUNKEN 55'' SMART UHD LED TV,simple,False,unknown,,False,True,False,"Mobile Tech & Gadgets > Audio, Mobile Tech & Gadgets > Tv's",no_price|no_description
18128,2387,SINOTEC 43'' FHD LED TV,simple,True,unknown,4200,True,True,False,Mobile Tech & Gadgets > Tv's,no_description
18129,2685,TELEFUNKEN 32'' SMART TV,simple,False,unknown,,False,True,False,"Mobile Tech & Gadgets > Audio, Mobile Tech & Gadgets > Tv's",no_price|no_description
18130,3055,"SINOTEC 32"" LED TV",simple,False,unknown,,False,True,False,"Mobile Tech & Gadgets > Audio, Mobile Tech & Gadgets > Tv's",no_price|no_description
18131,4032,JVC ACTIVE SPEAKER XS-N728PB,simple,False,unknown,,False,True,False,Mobile Tech & Gadgets > Audio,no_price|no_description
18132,4048,"JVC 50"" EDGELESS UHD SMART TV LT-50N7105",simple,True,unknown,6299,True,True,True,"Mobile Tech & Gadgets, Mobile Tech & Gadgets > Tv's",
18133,4713,"JVC 32"" HD SMART LED TV",simple,False,unknown,,False,True,False,"Mobile Tech & Gadgets > Audio, Mobile Tech & Gadgets > Tv's",no_price|no_description
18135,5380,"ITEL 43"" LED TV",simple,False,unknown,,False,False,False,"Mobile Tech & Gadgets > Audio, Mobile Tech & Gadgets > Tv's",no_price|no_image|no_description
18137,5664,"ITEL 32"" ICAST TV S22",simple,False,unknown,,False,False,False,"Mobile Tech & Gadgets > Audio, Mobile Tech & Gadgets > Tv's",no_price|no_image|no_description
18138,5665,"ITEL 17"" LED TV",simple,False,unknown,,False,False,False,"Mobile Tech & Gadgets > Audio, Mobile Tech & Gadgets > Tv's",no_price|no_image|no_description
18140,5967,"ITEL 19"" LED TV",simple,False,unknown,,False,False,False,"Mobile Tech & Gadgets > Audio, Mobile Tech & Gadgets > Tv's",no_price|no_image|no_description
18141,6319,CONDERE AMPLIFIER CH-7009,simple,False,unknown,36398.6,True,False,False,Mobile Tech & Gadgets > Audio,no_image|no_description
18142,6361,"JVC 42"" SMART TV",simple,False,unknown,,False,False,False,"Mobile Tech & Gadgets > Audio, Mobile Tech & Gadgets > Tv's",no_price|no_image|no_description
18144,6741,"VILLAON 32"" LED TV",simple,False,unknown,,False,False,False,"Mobile Tech & Gadgets > Audio, Mobile Tech & Gadgets > Tv's",no_price|no_image|no_description
18145,6769,JVC CD PLAYER BLUETOOTH RV-NB22BT,simple,False,unknown,2378.6,True,False,False,Mobile Tech & Gadgets > Audio,no_image|no_description
18146,6770,"SKYWORTH 40"" FHD READY 40STD2000",simple,False,unknown,,False,False,False,"Mobile Tech & Gadgets > Audio, Mobile Tech & Gadgets > Tv's",no_price|no_image|no_description
18150,6810,"SKYWORTH 32"" ANDROID TV",simple,False,unknown,,False,False,False,"Mobile Tech & Gadgets > Audio, Mobile Tech & Gadgets > Tv's",no_price|no_image|no_description
18152,6890,SUPERSONIC H/THEATER 5.1,simple,False,unknown,,False,False,False,Mobile Tech & Gadgets > Audio,no_price|no_image|no_description
18153,6891,"JVC 40"" HD SMART TV LT-40N550A",simple,False,unknown,,False,False,False,"Mobile Tech & Gadgets > Audio, Mobile Tech & Gadgets > Tv's",no_price|no_image|no_description
18155,6954,"JVC 60"" 4K UHD SMART TV",simple,False,unknown,,False,False,False,"Mobile Tech & Gadgets > Audio, Mobile Tech & Gadgets > Tv's",no_price|no_image|no_description
18192,5531,DEFY SLICE SANDWICH PRESS 8031 S/STEEL,simple,False,unknown,,False,True,False,All Products,no_price|no_description
18195,6327,TARGET 9WAY MULTIPLUG W/USB,simple,False,unknown,,False,True,False,All Products,no_price|no_description
18196,6328,CONDERE IRON 1800W EL-3299,simple,False,unknown,,False,True,False,"All Products, Homeware > Appliances > Small Appliances > Irons",no_price|no_description
18197,6329,CONDERE GLASS KETTLE 2LT LX-3003,simple,False,unknown,,False,True,False,"All Products, Homeware > Appliances > Small Appliances > Kettles & Toasters",no_price|no_description
18201,6514,"CONDERE LCD WALL MOUNT 26"" - 63""",simple,False,unknown,,False,True,False,"All Products, Mobile Tech & Gadgets > Tv's",no_price|no_description
18203,6660,"CONDERE WALL MOUNT 32""- 80""",simple,False,unknown,,False,True,False,"All Products, Mobile Tech & Gadgets > Tv's",no_price|no_description
18204,6744,SAFY SURGE PROTECTOR,simple,False,unknown,,False,True,False,"All Products, Homeware > Fans & Heaters",no_price|no_description
18206,6898,"ISTAR 16"" FAN",simple,False,unknown,,False,True,False,"All Products, Homeware > Fans & Heaters",no_price|no_description
18207,6903,ITEL STAINLESS STEEL KETTLE,simple,False,unknown,,False,True,False,"All Products, Homeware > Appliances > Small Appliances > Kettles & Toasters",no_price|no_description
18208,6904,"OMEGA 16"" PEDESTAL FAN",simple,False,unknown,,False,True,False,"All Products, Homeware > Fans & Heaters",no_price|no_description
18209,6905,"OMEGA 16"" DESK FAN",simple,False,unknown,,False,True,False,"All Products, Homeware > Fans & Heaters",no_price|no_description
18210,6970,"CONDERE 20"" FLOOR FAN",simple,False,unknown,,False,True,False,"All Products, Homeware > Fans & Heaters",no_price|no_description
18211,6972,CONDERE ELECTRIC URN 48LT,simple,False,unknown,,False,True,False,"All Products, Homeware > Fans & Heaters",no_price|no_description
18222,2OQ7K18222,Garden Patio/Lounge Seater Waterproof Covers,variable,True,unknown,,False,True,True,"Furniture > Couches, Garden, Garden > Garden Furniture, Homeware, Furniture > Outdoor Furniture",no_price
18286,2607,KBF 635/2 WH,simple,False,unknown,7100,True,True,True,"Homeware > Appliances, Homeware > Appliances > Freezers, Homeware > Appliances > Fridges, Homeware",
18470,9902054134728-1,Alco Caulking Gun,simple,False,unknown,190,True,True,True,"All Products, Garden, Garden > Garden Tools, Hardware, Lifestyle & Everyday Essentials > Under R99",
18620,F01979-01,Brooms Platform,variable,True,unknown,,False,True,True,"Homeware > Cleaning & Organization > Brushware, Homeware > Cleaning & Organization, Homeware",no_price
18696,F01972-01,Broom's Flagged,variable,True,unknown,,False,True,True,"Homeware > Cleaning & Organization > Brushware, Homeware > Cleaning & Organization, Lifestyle & Everyday Essentials > Under R99",no_price
18705,WWK8S18705,Diamond Glass Bottom Bowl,variable,True,unknown,,False,True,True,"Homeware > Dining > Bowls, Homeware > Dining, Homeware, Lifestyle & Everyday Essentials > Under R99",no_price
18707,EF38V18707,Bowl White Deep 8'',variable,True,unknown,,False,True,True,"Homeware > Dining > Bowls, Homeware > Dining, Homeware, Lifestyle & Everyday Essentials > Under R99",no_price
18727,6VUKT18727,Mugs Straight 11Oz 2 Color Glazed,variable,True,unknown,,False,True,True,"Homeware > Dining, Homeware, Homeware > Dining > Drinkware > Mugs, Lifestyle & Everyday Essentials > Under R99",no_price
18732,V2E4318732,Mug Fine Bone China Espresso Shot,variable,True,unknown,,False,True,True,"Homeware > Dining, Homeware, Lifestyle & Everyday Essentials, Homeware > Dining > Drinkware > Mugs, Lifestyle & Everyday Essentials > Novelty, Lifestyle & Everyday Essentials > Under R99",no_price
18742,Q1B8K18742,Mug Fine Bone China,variable,True,unknown,,False,True,True,"Homeware > Dining, Homeware, Lifestyle & Everyday Essentials, Homeware > Dining > Drinkware > Mugs, Lifestyle & Everyday Essentials > Novelty, Lifestyle & Everyday Essentials > Under R99",no_price
18751,7JJKH18751,Mugs 16Oz Bullet Assorted Color,variable,True,unknown,,False,True,True,"Homeware > Dining, Homeware, Homeware > Dining > Drinkware > Mugs, Lifestyle & Everyday Essentials > Under R99",no_price
18755,CT3BH18755,Cortado Coffee Mug,variable,True,unknown,,False,True,True,"Homeware > Dining, Lifestyle & Everyday Essentials, Homeware > Dining > Drinkware > Mugs, Lifestyle & Everyday Essentials > Novelty, Lifestyle & Everyday Essentials > Under R99",no_price
18769,F02507-01,Wall Socket 4x4,variable,True,unknown,,False,True,True,"Hardware > Electrical, Lifestyle & Everyday Essentials > Under R99, Hardware > Electrical > Wall Sockets + Switches",no_price
18773,F02515-01,Wall Switch,variable,True,unknown,,False,True,True,"Hardware > Electrical, Lifestyle & Everyday Essentials > Under R99, Hardware > Electrical > Wall Sockets + Switches",no_price
18820,F02511-01,Down Lights Fixed 85mm,variable,True,unknown,,False,True,True,"Hardware, Hardware > Electrical > Lights, Lifestyle & Everyday Essentials > Under R99",no_price
18916,F02782-01,LED Ceiling Lights 28 W (Glass),variable,True,unknown,,False,True,True,"Hardware > Electrical, Homeware, Hardware > Electrical > Lights",no_price
18931,F02180-01,Light LED Glass Ceiling Fit 28W,variable,True,unknown,,False,True,True,"Hardware > Electrical, Hardware > Electrical > Lights",no_price
18949,W8RJE18949,Enamel Basin,variable,False,unknown,,False,True,True,"Homeware > Dining > Bowls, Homeware > Dining, Homeware > Kitchenware > Enamelware, Lifestyle & Everyday Essentials > Under R99",no_price
18955,NJHD618955,Enamel Cash Bowl (6's),simple,True,unknown,250,True,True,True,"Homeware > Dining > Bowls, Homeware > Dining, Homeware > Kitchenware > Enamelware",
18958,69B3318958,Enamel Plates (6's),variable,False,unknown,,False,True,True,"Homeware > Dining, Homeware > Kitchenware > Enamelware, Homeware > Dining > Plates",no_price
19001,F01556-01,7-Piece Glass Jug & Tumbler Set – Gift Box,variable,True,unknown,,False,True,True,"Homeware > Dining, Homeware, Homeware > Dining > Jugs & Sets",no_price
19080,F01306-01,Awning Brown Hollow,variable,True,unknown,,False,True,True,"Hardware > Doors & Awnings, Hardware, Garden, Garden > Garden Furniture",no_price
19085,65F5619085,3.25 Peel and Stick Vinyl Tiles - F01772,simple,True,unknown,580,True,True,True,"Hardware > Peel and Stick Tiles > Peel & Stick Vinyl Tiles, Hardware > Peel and Stick Tiles",
19112,65F5619085-1,3.25sqm  Peel and Stick Vinyl Tiles - F01554,simple,True,unknown,580,True,True,True,"Hardware > Peel and Stick Tiles > Peel & Stick Vinyl Tiles, Hardware > Peel and Stick Tiles",
19121,65F5619085-2,3.25sqm Peel and Stick Vinyl Titles - F00120,simple,True,unknown,580,True,True,True,"Hardware > Peel and Stick Tiles > Peel & Stick Vinyl Tiles, Hardware > Peel and Stick Tiles",
19130,65F5619085-3,3.25sqm Peel and Stick Vinyl Titles - F00119,simple,True,unknown,580,True,True,True,"Hardware > Peel and Stick Tiles > Peel & Stick Vinyl Tiles, Hardware > Peel and Stick Tiles",
19139,65F5619085-4,3.25sqm Peel and Stick Vinyl  Tiles - F00118,simple,True,unknown,580,True,True,True,"Hardware > Peel and Stick Tiles > Peel & Stick Vinyl Tiles, Hardware > Peel and Stick Tiles",
19166,65F5619085-7,3.25sqm Peel and Stick Vinyl Tiles - F01790,simple,True,unknown,580,True,True,True,"Hardware > Peel and Stick Tiles > Peel & Stick Vinyl Tiles, Hardware > Peel and Stick Tiles",
19180,6REX119180,Alco Cutting Disc 40T,variable,True,unknown,,False,True,True,"Hardware > Cutting Tools, Hardware, Lifestyle & Everyday Essentials > Under R99",no_price
19195,6REX119180-1,Alco Cutting Disc 24T,variable,True,unknown,,False,True,True,"Hardware > Cutting Tools, Hardware, Lifestyle & Everyday Essentials > Under R99",no_price
19205,6REX119180-2,Alco Cutting Disc 60T,variable,True,unknown,,False,True,True,"Hardware > Cutting Tools, Hardware, Lifestyle & Everyday Essentials > Under R99",no_price
19304,SawKit,Hole Saw Kit,variable,True,unknown,,False,True,True,"Hardware > Cutting Tools, Hardware, Lifestyle & Everyday Essentials > Under R99",no_price
19319,KJ7NU19319,Aluminum Ladder Multi Function,variable,True,unknown,,False,True,True,"Hardware, Hardware > Ladders",no_price
19338,F00987-01,Housewife Ladder,variable,True,unknown,,False,True,True,"Hardware, Hardware > Ladders",no_price
19356,F01557/F01558/F01559,Meranti Door Panel Stain,variable,True,unknown,,False,True,True,"Hardware > Doors & Awnings, Hardware",no_price
19523,2BGM419523,Wall panels - UV Sheets,variable,True,unknown,,False,True,True,"All Products, Hardware, Hardware > Wall Panels & Cladding",no_price
20185,15QPM20185,Power 24 Energy Drink Original,variable,False,unknown,,False,True,True,Lifestyle & Everyday Essentials,no_price
20191,4Z26H20191,Power 24 Energy Drink Dry Lemon Blast,variable,False,unknown,,False,True,True,Lifestyle & Everyday Essentials,no_price
20203,WAJE920203,Power 24 Energy Drink Jelly Bean Blast,variable,False,unknown,,False,True,True,Lifestyle & Everyday Essentials,no_price
20248,XM96320248,Power 24 Energy Drink Berry Banana Blast,variable,False,unknown,,False,True,True,Lifestyle & Everyday Essentials,no_price
20256,75HR520256,Power 24 Energy Drink Orange Bubbaloo Blast,variable,False,unknown,,False,True,True,Lifestyle & Everyday Essentials,no_price
20280,75HR520256-1,Power 24 Energy Drink Orange Bubbaloo Blast (Copy),variable,False,unknown,,False,True,True,Lifestyle & Everyday Essentials,no_price
20357,VWKLT17651-1,Garden Patio/Lounge Full Set,variable,True,unknown,,False,True,True,"Furniture, Garden, Garden > Garden Furniture, Furniture > Outdoor Furniture",no_price
20541,E3UX920541,SAMSUNG THE FREESTYLE 2ND GEN  PROJECTOR – FULL HD,simple,True,unknown,12000,True,True,True,Mobile Tech & Gadgets > Tech & Gadgets,
20641,F02229- 0,Alco Adjustable Wrench,variable,True,unknown,,False,True,True,"Hardware > Hand Tools, Hardware, Hardware > Hand Tools > Tightening & Fastening",no_price
20651,2847C20651,Metro Prepaid Meter,simple,True,unknown,199,True,True,True,"Hardware > Electrical > Earth Leakage, Hardware > Electrical",
20653,HU94220653,Utility Systems prepaid water meter,simple,True,unknown,2950,True,True,True,"Hardware > Electrical > Earth Leakage, Hardware > Electrical",
20657,HQRG320657,Custom Delivery,simple,False,unknown,,False,False,False,All Products,no_price|no_image|no_description
20695,F02567-01,Gloves,variable,True,unknown,,False,True,True,"Hardware, Hardware > Safety Gear, Lifestyle & Everyday Essentials > Under R99",no_price
20745,GR8OC20745,Ratchet 10M Tie Down,simple,True,unknown,350,True,True,True,"Hardware, Hardware > Hand Tools > Tightening & Fastening",
20752,WEZR720752,Alco G Clamp,variable,True,unknown,,False,True,True,"Hardware, Hardware > Locks & Clamps, Lifestyle & Everyday Essentials > Under R99",no_price
20791,PK3KU20791,Beginner Padel Duo Set,simple,True,unknown,3500,True,True,True,"Lifestyle & Everyday Essentials, Lifestyle & Everyday Essentials > Padel > Padel Rackets",
20833,P468O20833,Bespoke Jet AI Vacuum Cleaner - VS25C9754QG,simple,True,unknown,19500,True,True,True,"Homeware > Appliances, Homeware > Cleaning & Organization > Cleaning, Homeware",
20997,L8EE720997,12 Way DB Box,simple,True,unknown,750,True,True,True,"Hardware > Electrical > Earth Leakage, Hardware > Electrical",
21034,YOVP121034,SuperWash Wash & Wax,variable,False,unknown,,False,True,True,"Homeware > Cleaning & Organization > Cleaning, Homeware > Cleaning & Organization > Detergents",no_price
21048,YOVP121034-1,SuperWash Super Foam,variable,False,unknown,,False,False,True,"Homeware > Cleaning & Organization > Cleaning, Homeware > Cleaning & Organization > Detergents",no_price|no_image
21052,YOVP121034-1-1,SuperWash UltraWash Miracle 99,variable,False,unknown,,False,True,True,"Homeware > Cleaning & Organization > Cleaning, Homeware > Cleaning & Organization > Detergents",no_price
21056,YOVP121034-1-1-1,SuperWash Tyre Shine,variable,False,unknown,,False,True,True,"Homeware > Cleaning & Organization > Cleaning, Homeware > Cleaning & Organization > Detergents",no_price
21060,YOVP121034-1-1-1-1,SuperWash Instant Detailer (Gloss Enhancer),variable,False,unknown,,False,False,True,"Homeware > Cleaning & Organization > Cleaning, Homeware > Cleaning & Organization > Detergents",no_price|no_image
21076,H33RI21076,CITIQ Hexing Prepaid Meter,simple,False,unknown,,False,True,True,All Products,no_price
21080,91TJU21080,Happy Harvesting Toilet Cleaner 5L,simple,True,unknown,110,True,True,True,"All Products, Homeware > Cleaning & Organization, Homeware > Cleaning & Organization > Detergents",
21082,2KOS921082,Happy Harvesting Window Cleaner 5L,simple,True,unknown,95,True,True,True,"All Products, Homeware > Cleaning & Organization, Homeware > Cleaning & Organization > Detergents, Lifestyle & Everyday Essentials > Under R99",
21084,BB9E921084,Happy Harvesting Title Cleaner 5L,simple,True,unknown,110,True,True,True,"All Products, Homeware > Cleaning & Organization, Homeware > Cleaning & Organization > Detergents",
21086,FHU7F21086,Happy Harvesting Washing Powder 5KG,simple,True,unknown,240,True,True,True,"All Products, Homeware > Cleaning & Organization, Homeware > Cleaning & Organization > Detergents",
21089,2696621089,Happy Harvesting Fabric Softener 5L,simple,True,unknown,115,True,True,True,"All Products, Homeware > Cleaning & Organization, Homeware > Cleaning & Organization > Detergents",
21091,634YL21091,Happy Harvesting Hand Wash 5L,simple,True,unknown,120,True,True,True,"All Products, Homeware > Cleaning & Organization, Homeware > Cleaning & Organization > Detergents",
21094,3U9IO21094,Happy Harvesting Floor Polish 5L,simple,True,unknown,235,True,True,True,"All Products, Homeware > Cleaning & Organization, Homeware > Cleaning & Organization > Detergents",
21096,G33EJ21096,Happy Harvesting Black Dip 5L,simple,True,unknown,225,True,True,True,"All Products, Homeware > Cleaning & Organization, Homeware > Cleaning & Organization > Detergents",
21099,1C1Q821099,Happy Harvesting Pine Cleaner 5L,simple,True,unknown,110,True,True,True,"All Products, Homeware > Cleaning & Organization, Homeware > Cleaning & Organization > Detergents",
21101,ECJ9821101,Happy Harvesting Pine Gel 5KG,simple,True,unknown,230,True,True,True,"All Products, Homeware > Cleaning & Organization, Homeware > Cleaning & Organization > Detergents",
21103,5WP7321103,Happy Harvesting Air Freshener 5L,simple,True,unknown,130,True,True,True,"All Products, Homeware > Cleaning & Organization, Homeware > Cleaning & Organization > Detergents",
21127,F02440-01,Pick Head,variable,True,unknown,,False,True,True,"Garden, Garden > Garden Tools",no_price
21136,F02435-01,Hoe Head,variable,True,unknown,,False,True,True,"Garden, Garden > Garden Tools, Lifestyle & Everyday Essentials > Under R99",no_price
21154,F02444/F02443,Square/ Round Shovel Spade 2kg,variable,True,unknown,,False,True,True,"Garden, Garden > Garden Tools",no_price
21198,,Mortice Lockset,variable,False,unknown,,False,False,True,All Products,no_price|no_image|no_sku
21303,JQ8GB21303,Recharger - GO Single Phase 80Amp Prepaid Electricity Meter,simple,True,unknown,295,True,True,True,"Hardware > Electrical > Earth Leakage, Hardware > Electrical",
21416,2SX5H21416,NOX Tempo 2023 Padel Racket - World Padel Tour Series,simple,True,unknown,3400,True,True,True,"Lifestyle & Everyday Essentials, Lifestyle & Everyday Essentials > Padel > Padel Rackets",
21425,2SX5H21416-1,Head Flash Red Padel Racket,simple,True,unknown,1850,True,True,True,"Lifestyle & Everyday Essentials, Lifestyle & Everyday Essentials > Padel > Padel Rackets",
21426,2SX5H21416-1-1,Babolat Contact Padel Racket,simple,True,unknown,1900,True,True,True,"Lifestyle & Everyday Essentials, Lifestyle & Everyday Essentials > Padel > Padel Rackets",
21428,2SX5H21416-1-1-1-1,Head Edge Yellow,simple,True,unknown,1950,True,True,True,"Lifestyle & Everyday Essentials, Lifestyle & Everyday Essentials > Padel > Padel Rackets",
21429,2SX5H21416-1-1-1-1-1,NOX Equation Advanced Padel Racket,simple,True,unknown,3950,True,True,True,"Lifestyle & Everyday Essentials, Lifestyle & Everyday Essentials > Padel > Padel Rackets",
21434,YGT4421434,Adidas Metalbone Carbon CTRL 3.3 2024,simple,False,unknown,,False,True,True,"Lifestyle & Everyday Essentials, Lifestyle & Everyday Essentials > Padel > Padel Rackets",no_price
21437,YYCV721437,Adidas Adipower Multiweight Padel Racket,simple,False,unknown,,False,True,True,"Lifestyle & Everyday Essentials, Lifestyle & Everyday Essentials > Padel > Padel Rackets",no_price
21440,Y75FT21440,Head Extreme One Hole 2024,simple,True,unknown,4400,True,True,True,"Lifestyle & Everyday Essentials, Lifestyle & Everyday Essentials > Padel > Padel Rackets",
21443,J6CR321443,Adidas Metalbone 3.3,simple,True,unknown,5400,True,True,True,"Lifestyle & Everyday Essentials, Lifestyle & Everyday Essentials > Padel > Padel Rackets",
21492,JXYHF21492,FITNASTICS  Kids Twister,simple,True,unknown,1600,True,True,True,"Lifestyle & Everyday Essentials > Fitnastics, Lifestyle & Everyday Essentials",
21542,7KN1421542,SUPERSONIC 5.1 Home Theater Surround Sound System,simple,True,unknown,1280,True,True,True,Mobile Tech & Gadgets > Audio,
21563,21EVT21563,"TELEFUNKEN 55"" Smart UHD TV",simple,True,unknown,5500,True,True,True,"Mobile Tech & Gadgets, Mobile Tech & Gadgets > Tv's",
21566,ETFK721566,Test,simple,False,unknown,,False,False,True,All Products,no_price|no_image
21587,YKBG821587,ANYX Max - Vape 4000,simple,True,unknown,250,True,True,True,"Lifestyle & Everyday Essentials, Lifestyle & Everyday Essentials > Vapes & eLiquids",
21616,CNCXV21616,Built-In Tempered Glass Countertop 5 Burner Gas Hob,simple,True,unknown,1750,True,True,True,"Homeware, Homeware > Appliances > Stoves",
21621,O6F3321621,Air Fryer 6L LED Display,simple,True,unknown,659,True,True,True,"Homeware > Appliances, Homeware > Appliances > Small Appliances > Cookers, Homeware, Homeware > Appliances > Small Appliances",
21629,G2M1K21629,Gas Cooker,simple,True,unknown,120,True,True,True,"Homeware > Appliances, Homeware > Appliances > Small Appliances > Cookers, Garden, Homeware, Garden > Outdoor Cooking, Homeware > Appliances > Small Appliances, Lifestyle & Everyday Essentials > Under R99",
21631,RCM1921631,Supersonic 5.1 CH Home Theatre Speaker System Bluetooth/USB/SD Card SPK-681,simple,True,unknown,1999,True,True,True,Mobile Tech & Gadgets > Audio,
21679,OD1B721679,Itel 2 In 1 Blender With Grinder – 1.5L,simple,True,unknown,450,True,True,True,"Homeware > Appliances, Homeware > Appliances > Small Appliances > Blenders & Mixers, Homeware, Homeware > Appliances > Small Appliances",
21796,SFFNE21796,Midea Glass Kettle 1.7L,simple,True,unknown,480,True,True,True,"Homeware > Appliances, Homeware, Homeware > Appliances > Small Appliances > Kettles & Toasters",
22210,661W722210,InPod 12 Wireless Pods,variable,True,unknown,,False,True,True,"Mobile Tech & Gadgets > Audio, Mobile Tech & Gadgets, Mobile Tech & Gadgets > Tech & Gadgets",no_price
22230,72MT622230,Damix AS-07 TWS Earbuds,simple,True,unknown,450,True,True,True,"Mobile Tech & Gadgets > Audio, Mobile Tech & Gadgets, Mobile Tech & Gadgets > Tech & Gadgets",
22234,53S6Z22234,5s Mini Earphone Wireless,simple,True,unknown,350,True,True,True,"Mobile Tech & Gadgets > Audio, Mobile Tech & Gadgets, Mobile Tech & Gadgets > Tech & Gadgets",
22246,IT9YR22246,Damix M10 Earpods,simple,True,unknown,350,True,True,True,"Mobile Tech & Gadgets > Audio, Mobile Tech & Gadgets, Mobile Tech & Gadgets > Tech & Gadgets",
22266,DT8WV22266,Aruif Portable Gas Stove,simple,True,unknown,295,True,True,True,"Homeware > Appliances, Garden, Homeware, Garden > Outdoor Cooking, Homeware > Appliances > Stoves",
22280,GHYNT22280,FinnTeck 4-slice toaster,simple,True,unknown,349,True,True,True,"Homeware > Appliances, Homeware, Homeware > Appliances > Small Appliances > Kettles & Toasters, Homeware > Appliances > Small Appliances",
22564,B3NPY122564,Wall panels - UV Sheets,variable,True,unknown,,False,True,True,"All Products, Hardware, Hardware > Wall Panels & Cladding",no_price
22581,2SX5H21416,Siux Diablo Revolution Sanyo Pro 3,simple,True,unknown,4950,True,True,True,"Lifestyle & Everyday Essentials, Lifestyle & Everyday Essentials > Padel > Padel Rackets",
22586,2SX5H21416,Bullpadel Vertex 04 Padel Racket,simple,True,unknown,5850,True,True,True,"Lifestyle & Everyday Essentials, Lifestyle & Everyday Essentials > Padel > Padel Rackets",
22592,2SX5H21416,2025 Bullpadel Neuron,simple,True,unknown,5750,True,True,True,"Lifestyle & Everyday Essentials, Lifestyle & Everyday Essentials > Padel > Padel Rackets",
22611,2SX5H21416,Bullpadel Ionic Light,simple,True,unknown,3400,True,True,True,"Lifestyle & Everyday Essentials, Lifestyle & Everyday Essentials > Padel > Padel Rackets",
22623,2SX5H21416-1-1-1-1-1,NOX Street Series Padel Bag,simple,True,unknown,1950,True,True,True,"Lifestyle & Everyday Essentials, Lifestyle & Everyday Essentials > Padel > Padel Rackets",
22631,2SX5H21416,Nox AT10 genius 18k by Agustin tapia 2025 Padel Racket,simple,True,unknown,5999,True,True,True,"Lifestyle & Everyday Essentials, Lifestyle & Everyday Essentials > Padel > Padel Rackets",
22656,8K1P8622656,Padel Tee 'Duo',variable,True,unknown,,False,True,True,"Lifestyle & Everyday Essentials, Lifestyle & Everyday Essentials > Padel, Lifestyle & Everyday Essentials > Padel > Padel Apparel",no_price
22693,8K1P8622656,Padel Tee 'Techy',variable,True,unknown,,False,True,True,"Lifestyle & Everyday Essentials, Lifestyle & Everyday Essentials > Padel, Lifestyle & Everyday Essentials > Padel > Padel Apparel",no_price
22709,8K1P8622656,Padel Tee 'Hustler',variable,True,unknown,,False,True,True,"Lifestyle & Everyday Essentials, Lifestyle & Everyday Essentials > Padel, Lifestyle & Everyday Essentials > Padel > Padel Apparel",no_price
22755,8K1P8622656,Padel Tee 'Action',variable,True,unknown,,False,True,True,"Lifestyle & Everyday Essentials, Lifestyle & Everyday Essentials > Padel, Lifestyle & Everyday Essentials > Padel > Padel Apparel",no_price
22771,8K1P8622656,Padel Tee 'Fund',variable,True,unknown,,False,True,True,"Lifestyle & Everyday Essentials, Lifestyle & Everyday Essentials > Padel, Lifestyle & Everyday Essentials > Padel > Padel Apparel",no_price
22785,8K1P8622656,Padel Tee 'Me',variable,True,unknown,,False,True,True,"Lifestyle & Everyday Essentials, Lifestyle & Everyday Essentials > Padel, Lifestyle & Everyday Essentials > Padel > Padel Apparel",no_price
22799,8K1P8622656,Padel Tee 'Hapee',variable,True,unknown,,False,True,True,"Lifestyle & Everyday Essentials, Lifestyle & Everyday Essentials > Padel, Lifestyle & Everyday Essentials > Padel > Padel Apparel",no_price
22813,8K1P8622656,Padel Tee 'Tact',variable,True,unknown,,False,True,True,"Lifestyle & Everyday Essentials, Lifestyle & Everyday Essentials > Padel, Lifestyle & Everyday Essentials > Padel > Padel Apparel",no_price
22827,8K1P8622656,Padel Hoodie 'Fund',variable,True,unknown,,False,True,True,"Lifestyle & Everyday Essentials, Lifestyle & Everyday Essentials > Padel, Lifestyle & Everyday Essentials > Padel > Padel Apparel",no_price
22841,8K1P8622656,Padel Hoodie 'Hapee',variable,True,unknown,,False,True,True,"Lifestyle & Everyday Essentials, Lifestyle & Everyday Essentials > Padel, Lifestyle & Everyday Essentials > Padel > Padel Apparel",no_price
22872,8K1P8622656,Padel Hoodie 'Me',variable,True,unknown,,False,True,True,"Lifestyle & Everyday Essentials, Lifestyle & Everyday Essentials > Padel, Lifestyle & Everyday Essentials > Padel > Padel Apparel",no_price
22886,8K1P8622656,Padel Hoodie 'Techy',variable,True,unknown,,False,True,True,"Lifestyle & Everyday Essentials, Lifestyle & Everyday Essentials > Padel, Lifestyle & Everyday Essentials > Padel > Padel Apparel",no_price
22900,8K1P8622656,Padel Hoodie 'Action',variable,True,unknown,,False,True,True,"Lifestyle & Everyday Essentials, Lifestyle & Everyday Essentials > Padel, Lifestyle & Everyday Essentials > Padel > Padel Apparel",no_price
22914,8K1P8622656,Padel Hoodie 'Padel',variable,True,unknown,,False,True,True,"Lifestyle & Everyday Essentials, Lifestyle & Everyday Essentials > Padel, Lifestyle & Everyday Essentials > Padel > Padel Apparel",no_price
22928,8K1P8622656,Padel Hoodie 'Melon',variable,True,unknown,,False,True,True,"Lifestyle & Everyday Essentials, Lifestyle & Everyday Essentials > Padel, Lifestyle & Everyday Essentials > Padel > Padel Apparel",no_price
22942,8K1P8622656,"Padel Sweater 'Hustler""",variable,True,unknown,,False,True,True,"Lifestyle & Everyday Essentials, Lifestyle & Everyday Essentials > Padel, Lifestyle & Everyday Essentials > Padel > Padel Apparel",no_price
22959,8K1P8622656,Padel Hoodie 'Freedom',variable,True,unknown,,False,True,True,"Lifestyle & Everyday Essentials, Lifestyle & Everyday Essentials > Padel, Lifestyle & Everyday Essentials > Padel > Padel Apparel",no_price
22973,8K1P8622656,Padel Hoodie 'Solidarity',variable,True,unknown,,False,True,True,"Lifestyle & Everyday Essentials, Lifestyle & Everyday Essentials > Padel, Lifestyle & Everyday Essentials > Padel > Padel Apparel",no_price
22987,8K1P8622656,Padel Tee 'Punto',variable,True,unknown,,False,True,True,"Lifestyle & Everyday Essentials, Lifestyle & Everyday Essentials > Padel, Lifestyle & Everyday Essentials > Padel > Padel Apparel",no_price
23358,01-ELBA90SS,Elba Classic 90cm Freestanding Stove,simple,True,unknown,21999.99,True,True,False,Homeware > Appliances > Stoves,no_description
23362,GIGA6234250X,Grundig 90cm Gas on Glass Hob,simple,True,unknown,7999.99,True,True,False,Homeware > Appliances > Stoves,no_description
23372,MT130WTL,Midea 13kg Silver Top Loader Washing Machine,simple,False,unknown,6599.99,True,True,False,Homeware > Appliances > Washing Machines,no_description
23375,GC3920,Philips OptiTemp Steam Iron,simple,True,unknown,1299.99,True,True,False,Homeware > Appliances > Small Appliances > Irons,no_description
23376,V11ABSOLUTE,Dyson V11 Absolute Vacuum,simple,True,unknown,12999.99,True,True,False,"Homeware > Cleaning & Organization > Cleaning, Homeware > Cleaning & Organization",no_description
23398,HD-113FN,Midea 87L Double Door Bar Fridge,simple,False,unknown,3999.99,True,True,False,Homeware > Appliances > Fridges,no_description
23399,HD9270/91,Philips 6.2L Black Air Fryer,simple,True,unknown,2999.99,True,True,False,Homeware > Appliances > Small Appliances > Cookers,no_description
23401,DNA95X3,DNA Airfryer Oven,simple,True,unknown,4999.99,True,True,False,Homeware > Appliances > Small Appliances > Cookers,no_description
23404,GC2145,Philips Blue Steam Iron,simple,True,unknown,399.99,True,True,False,Homeware > Appliances > Small Appliances > Irons,no_description
23405,EP3243/50,Philips 3200 Series Espresso Machine,simple,True,unknown,11499.99,True,True,False,Homeware > Appliances > Small Appliances > Coffee Machines,no_description
23406,SM6580/10,Philips Saeco Gran Aroma Espresso,simple,True,unknown,17999.99,True,True,False,Homeware > Appliances > Small Appliances > Coffee Machines,no_description
23415,140-3005-01,Instant Pot Duo 8L Crisp & Air Fryer,simple,True,unknown,5499.99,True,True,False,Homeware > Appliances > Small Appliances > Cookers,no_description
23416,SGC001,Snappy Chef Gas-Qu Combo,simple,True,unknown,5599.99,True,True,False,Homeware > Appliances > Stoves,no_description
23417,SCI2000,Snappy Chef Single Induction Hob,simple,True,unknown,1699.99,True,True,False,Homeware > Appliances > Stoves,no_description
23418,YL1635S,Midea Classic Water Dispenser,simple,True,unknown,2199.99,True,True,False,Homeware > Appliances > Stoves,no_description
23419,HX1 CarClean,Miele CarClean Kit,simple,True,unknown,7999.99,True,True,False,"Homeware > Cleaning & Organization > Cleaning, Homeware > Cleaning & Organization",no_description
23420,SPIRITBLACK,SodaStream Spirit,simple,True,unknown,2199.99,True,True,False,Homeware > Appliances > Small Appliances > Blenders & Mixers,no_description
23422,NBR909,Nutribullet 900W Blender,simple,True,unknown,2599.99,True,True,False,Homeware > Appliances > Small Appliances > Blenders & Mixers,no_description
23423,B1700,Kuvings Cold Press Juicer,simple,True,unknown,9499.99,True,True,False,Homeware > Appliances > Small Appliances > Blenders & Mixers,no_description
23424,83999,Home Classix Travel Mug,simple,True,unknown,199.99,True,True,False,Homeware > Dining > Drinkware > Mugs,no_description
23425,HS01,Dyson Airwrap Multistyler,simple,True,unknown,10999.99,True,True,False,"All Products, Homeware > Appliances > Small Appliances > Personal Care",no_description
23428,BHN20L,Bosch Cordless Handheld Vacuum,simple,True,unknown,1499.99,True,True,False,"Homeware > Cleaning & Organization > Cleaning, Homeware > Cleaning & Organization",no_description
23429,1.673-159.0,Karcher K2 Pressure Cleaner,simple,True,unknown,2499.99,True,True,False,"Homeware > Cleaning & Organization > Cleaning, Homeware > Cleaning & Organization",no_description
23430,SM-R930NZGAXFA/NZEAXFA,Galaxy Watch 7 (40mm),variable,True,unknown,,False,True,False,Mobile Tech & Gadgets > Tech & Gadgets,no_price|no_description
23431,SM-R930NZSAFXA/NZGAXFA,Galaxy Watch 7 (44mm),variable,True,unknown,,False,True,False,Mobile Tech & Gadgets > Audio,no_price|no_description
23432,SM-R805FZTAFA/FZWAFA/FZSAFA,Galaxy Watch Ultra,simple,True,unknown,15999.99,True,True,False,Mobile Tech & Gadgets > Tech & Gadgets,no_description
23439,Go + Play,Harman Kardon Go + Play,simple,True,unknown,6299.99,True,True,False,Mobile Tech & Gadgets > Audio,no_description
23440,CHL806,JBL Soundbar 1000 Pro 7.1ch,simple,True,unknown,20999.99,True,True,False,Mobile Tech & Gadgets > Audio,no_description
23441,CH470,JBL Flip 6 Black,simple,True,unknown,2499.99,True,True,False,Mobile Tech & Gadgets > Audio,no_description
23442,SN 823789F,Polarbox 6L Retro Cooler,simple,False,unknown,1099.99,True,True,False,Homeware > Appliances > Fridges,no_description
23446,SN 80464,ELBA Classic 90cm Stove,simple,True,unknown,15999.99,True,True,False,Homeware > Appliances > Stoves,no_description
23451,EM923ET6,Midea Digital Microwave,simple,True,unknown,1499.99,True,True,False,Homeware > Appliances > Microwaves,no_description
23454,10SPGN900IX,Elica T-Shape Extractor,simple,True,unknown,3999.99,True,True,False,Homeware > Appliances > Stoves,no_description
23455,10SPGN900BL,Elica Wall Mount Extractor,simple,True,unknown,2999.99,True,True,False,Homeware > Appliances > Stoves,no_description
23456,SN 77071,Jamie Oliver Cookware Set,simple,True,unknown,5099.99,True,True,False,Homeware > Kitchenware > Cookware & Bakeware,no_description
23457,SN76979,Tefal Pancake Pan,simple,True,unknown,399.99,True,True,False,Homeware > Kitchenware > Cookware & Bakeware,no_description
23480,S/N H1948,Alliance Comfee 18000BTU Fixed Speed Wall Split Airconditioner - FCMF-18,simple,True,unknown,10999.99,True,True,True,Homeware > Air Conditioners,
23483,S/N H3630,Alliance Comfee 9000BTU Fixed Speed Wall Split Airconditioner - FCMF-09,simple,True,unknown,5499.99,True,True,True,Homeware > Air Conditioners,
23484,S/N H3640,Alliance Comfee 12000BTU Fixed Speed Wall Split Airconditioner - FCMF-12,simple,True,unknown,6999.99,True,True,True,Homeware > Air Conditioners,
23487,H3642,Alliance 24000BTU F/S Comfee Fixed Speed Midwall Split Air Conditioner - FCMF-24,simple,True,unknown,13999.99,True,True,True,Homeware > Air Conditioners,
24520,CHF20A,Condere Radio FM,simple,True,unknown,109,True,True,False,"All Products, Mobile Tech & Gadgets > Audio, Mobile Tech & Gadgets",no_description
24521,RS700,Boomer Speaker,simple,True,unknown,274,True,True,False,"All Products, Mobile Tech & Gadgets > Audio, Mobile Tech & Gadgets",no_description
24522,THBY370,JVC Soundbar,simple,True,unknown,1429,True,True,False,"All Products, Mobile Tech & Gadgets > Audio, Mobile Tech & Gadgets",no_description
24523,SP-4806,Harwa Sound Bar,simple,True,unknown,549,True,True,False,"All Products, Mobile Tech & Gadgets > Audio, Mobile Tech & Gadgets",no_description
24524,TSB46,Telefunken Sound Bar,simple,True,unknown,1099,True,True,False,"All Products, Mobile Tech & Gadgets > Audio, Mobile Tech & Gadgets",no_description
24526,AF-2406,Condere Air Fryer - 6L,simple,True,unknown,659,True,True,False,"All Products, Homeware > Appliances > Small Appliances > Cookers, Homeware > Appliances > Small Appliances",no_description
24528,FS40,Condere 16'' Standing Fan,simple,True,unknown,219,True,True,False,"All Products, Homeware > Fans & Heaters",no_description
24529,USSF-72483,i-star 18'' Standing Fan (White),simple,True,unknown,329,True,True,False,"All Products, Homeware > Fans & Heaters",no_description
24530,USSF-72485,i-star 18'' Standing Fan (Black),simple,True,unknown,274,True,True,False,"All Products, Homeware > Fans & Heaters",no_description
24531,UC125-WHT,Univa Chest Freezer - 125LT,simple,False,unknown,2969,True,True,False,"All Products, Homeware > Appliances > Freezers, Homeware > Appliances > Fridges",no_description
24546,LX2001,Condere Electric Kettle,simple,True,unknown,77,True,True,False,"All Products, Homeware > Appliances > Small Appliances > Kettles & Toasters",no_description
24547,MW20,Midea Microwave 20L,simple,True,unknown,879,True,True,False,"All Products, Homeware > Appliances > Microwaves",no_description
24548,EM30,Midea Microwave,simple,True,unknown,1429,True,True,False,"All Products, Homeware > Appliances > Microwaves",no_description
24549,HP001,Condere Double Hot Plate,simple,True,unknown,109,True,True,False,"All Products, Homeware > Appliances > Stoves",no_description
24551,OB500G,OBAC Gas Stove,simple,True,unknown,2419,True,True,False,"All Products, Homeware > Appliances > Stoves",no_description
24552,UES4-SS,Univa Electric Stove,simple,True,unknown,4839,True,True,False,"All Products, Homeware > Appliances > Stoves",no_description
24555,U3O5B,Univa Electric Stove,simple,True,unknown,3299,True,True,False,"All Products, Homeware > Appliances > Stoves",no_description
24556,LX16GB-2024,Lexar Micro SD Card 32GB,simple,True,unknown,72,True,True,False,"All Products, Mobile Tech & Gadgets > Tech & Gadgets",no_description
24557,USB32,Lexar USB Stick 32GB,simple,True,unknown,66,True,True,False,"All Products, Mobile Tech & Gadgets > Tech & Gadgets",no_description
24558,USB64,Lexar USB Stick 64GB,simple,True,unknown,77,True,True,False,"All Products, Mobile Tech & Gadgets > Tech & Gadgets",no_description
24559,CON32LEDHD,"Condere Target 32"" LED HD Ready TV",simple,True,unknown,1319,True,True,False,Mobile Tech & Gadgets > Tv's,no_description
24560,CON32LED,Condere 32'' LED TV,simple,True,unknown,1539,True,True,False,Mobile Tech & Gadgets > Tv's,no_description
24561,CON40LED,Condere 40'' LED TV,simple,True,unknown,2419,True,True,False,Mobile Tech & Gadgets > Tv's,no_description
24562,CON32SM,Condere 32'' Smart TV,simple,True,unknown,1869,True,True,False,Mobile Tech & Gadgets > Tv's,no_description
24563,32N75OA,JVC 32'' Smart TV,simple,True,unknown,2199,True,True,False,Mobile Tech & Gadgets > Tv's,no_description
24564,ISTAR32SM,I-STAR 32'' Smart TV,simple,True,unknown,1979,True,True,False,Mobile Tech & Gadgets > Tv's,no_description
24565,ISTAR43SM,I-STAR 43'' Smart TV,simple,True,unknown,3079,True,True,False,Mobile Tech & Gadgets > Tv's,no_description
24566,ISTAR50SM,I-STAR 50'' Smart TV,simple,True,unknown,4399,True,True,False,Mobile Tech & Gadgets > Tv's,no_description
24567,ISTAR58SM,I-STAR 58'' Smart TV,simple,True,unknown,5499,True,True,False,Mobile Tech & Gadgets > Tv's,no_description
24572,JVC32A,JVC 32'' QLED Smart TV,simple,True,unknown,2529,True,True,False,Mobile Tech & Gadgets > Tv's,no_description
24573,TLEDDS-55FHD,Telefunken 55'' Smart TV,simple,True,unknown,5499,True,True,False,Mobile Tech & Gadgets > Tv's,no_description
24884,F9899A24884,EMist Epix360 Handheld Cordless Electrostatic Disinfectant Sprayer,simple,True,unknown,45000,True,True,True,"Homeware > Cleaning & Organization > Cleaning, Homeware > Cleaning & Organization",
24921,9VCCNK24921,Lepu LFR30B Digital Infrared Thermometer,simple,True,unknown,750,True,True,True,"Homeware > Cleaning & Organization > Cleaning, Homeware > Cleaning & Organization, Homeware",
24928,G5KZIT24928,AI Thermo Intelligent Real-Time Infrared Body Temperature Screening System,simple,True,unknown,145000,True,True,True,"Homeware > Cleaning & Organization > Cleaning, Homeware > Cleaning & Organization",
25102,1UIC2P25102,Kitchen Confidential Muffin Tray,simple,False,unknown,,False,True,False,"Homeware > Kitchenware > Cookware & Bakeware, Homeware > Kitchenware",no_price|no_description
26251,iPhone-SE-2020-128GB,iPhone SE 2020 128GB Used,simple,True,unknown,3900,True,True,False,Mobile Tech & Gadgets > Mobile Phones,no_description
26252,iPhone-SE-3-2022,iPhone SE 3 2022 Replacement,simple,True,unknown,4900,True,True,False,Mobile Tech & Gadgets > Mobile Phones,no_description
26253,iPhone-8-256GB,iPhone 8 256GB Refurbished,simple,True,unknown,4150,True,True,False,Mobile Tech & Gadgets > Mobile Phones,no_description
26254,iPhone-8-Plus-64GB,iPhone 8+ 64GB Replacement,simple,True,unknown,4150,True,True,False,Mobile Tech & Gadgets > Mobile Phones,no_description
26255,iPhone-8-Plus-256GB,iPhone 8+ 256GB Refurbished,simple,True,unknown,4900,True,True,False,Mobile Tech & Gadgets > Mobile Phones,no_description
26256,iPhone-XR-64GB,iPhone XR 64GB Replacement,simple,True,unknown,5250,True,True,False,Mobile Tech & Gadgets > Mobile Phones,no_description
26257,iPhone-XR-128GB,iPhone XR 128GB Replacement,simple,True,unknown,5650,True,True,False,Mobile Tech & Gadgets > Mobile Phones,no_description
26258,iPhone-X-64GB,iPhone X 64GB Replacement,simple,True,unknown,4900,True,True,False,Mobile Tech & Gadgets > Mobile Phones,no_description
26259,iPhone-X-256GB,iPhone X 256GB Replacement,simple,True,unknown,5400,True,True,False,Mobile Tech & Gadgets > Mobile Phones,no_description
26260,iPhone-XS-256GB,iPhone XS 256GB,simple,True,unknown,5900,True,True,False,Mobile Tech & Gadgets > Mobile Phones,no_description
26261,iPhone-XS-Max-512GB,iPhone XS Max 512GB,simple,True,unknown,6400,True,True,False,Mobile Tech & Gadgets > Mobile Phones,no_description
26262,iPhone-11-64GB-Used,iPhone 11 64GB Used,simple,True,unknown,6150,True,True,False,Mobile Tech & Gadgets > Mobile Phones,no_description
26263,iPhone-11-64GB-Replacement,iPhone 11 64GB Replacement,simple,True,unknown,6400,True,True,False,Mobile Tech & Gadgets > Mobile Phones,no_description
26264,iPhone-11-128GB-Refurbished,iPhone 11 128GB Refurbished,simple,True,unknown,6400,True,True,False,Mobile Tech & Gadgets > Mobile Phones,no_description
26265,iPhone-11-256GB-Replacement,iPhone 11 256GB Replacement,simple,True,unknown,7150,True,True,False,Mobile Tech & Gadgets > Mobile Phones,no_description
26266,iPhone-11-Pro-64GB-Replacement,iPhone 11 Pro 64GB Replacement,simple,True,unknown,7900,True,True,False,Mobile Tech & Gadgets > Mobile Phones,no_description
26267,iPhone-11-Pro-256GB-Used,iPhone 11 Pro 256GB Used,simple,True,unknown,8900,True,True,False,Mobile Tech & Gadgets > Mobile Phones,no_description
26268,iPhone-11-Pro-Max-64GB-Replacement,iPhone 11 Pro Max 64GB Replacement,simple,True,unknown,8900,True,True,False,Mobile Tech & Gadgets > Mobile Phones,no_description
26269,iPhone-11-Pro-Max-256GB-Replacement,iPhone 11 Pro Max 256GB Replacement,simple,True,unknown,9900,True,True,False,Mobile Tech & Gadgets > Mobile Phones,no_description
26270,iPhone-12-Mini-64GB,iPhone 12 Mini 64GB,simple,True,unknown,5400,True,True,False,Mobile Tech & Gadgets > Mobile Phones,no_description
26271,iPhone-12-Mini-128GB-Replacement,iPhone 12 Mini 128GB Replacement,simple,True,unknown,6400,True,True,False,Mobile Tech & Gadgets > Mobile Phones,no_description
26272,iPhone-12-64GB-Refurbished,iPhone 12 64GB Refurbished,simple,True,unknown,7900,True,True,False,Mobile Tech & Gadgets > Mobile Phones,no_description
26273,iPhone-12-64GB-Replacement,iPhone 12 64GB Replacement,simple,True,unknown,8150,True,True,False,Mobile Tech & Gadgets > Mobile Phones,no_description
26274,iPhone-12-128GB-Replacement,iPhone 12 128GB Replacement,simple,True,unknown,8400,True,True,False,Mobile Tech & Gadgets > Mobile Phones,no_description
26275,iPhone-12-Pro-128GB-Replacement,iPhone 12 Pro 128GB Replacement,simple,True,unknown,10400,True,True,False,Mobile Tech & Gadgets > Mobile Phones,no_description
26276,iPhone-12-Pro-256GB-Replacement,iPhone 12 Pro 256GB Replacement,simple,True,unknown,11400,True,True,False,Mobile Tech & Gadgets > Mobile Phones,no_description
26277,iPhone-12-Pro-Max-128GB-Replacement,iPhone 12 Pro Max 128GB Replacement,simple,True,unknown,11400,True,True,False,Mobile Tech & Gadgets > Mobile Phones,no_description
26278,iPhone-12-Pro-Max-256GB-Replacement,iPhone 12 Pro Max 256GB Replacement,simple,True,unknown,12400,True,True,False,Mobile Tech & Gadgets > Mobile Phones,no_description
26279,iPhone-13-Mini-128GB-Replacement,iPhone 13 Mini 128GB Replacement,simple,True,unknown,9400,True,True,False,Mobile Tech & Gadgets > Mobile Phones,no_description
26280,iPhone-13-128GB-Replacement,iPhone 13 128GB Replacement,simple,True,unknown,10400,True,True,False,Mobile Tech & Gadgets > Mobile Phones,no_description
26281,iPhone-13-256GB-Replacement,iPhone 13 256GB Replacement,simple,True,unknown,11400,True,True,False,Mobile Tech & Gadgets > Mobile Phones,no_description
26282,iPhone-13-Pro-128GB-Replacement,iPhone 13 Pro 128GB Replacement,simple,True,unknown,12900,True,True,False,Mobile Tech & Gadgets > Mobile Phones,no_description
26283,iPhone-13-Pro-256GB-Replacement,iPhone 13 Pro 256GB Replacement,simple,True,unknown,13900,True,True,False,Mobile Tech & Gadgets > Mobile Phones,no_description
26284,iPhone-13-Pro-Max-128GB-Used,iPhone 13 Pro Max 128GB Used,simple,True,unknown,13900,True,True,False,Mobile Tech & Gadgets > Mobile Phones,no_description
26285,iPhone-13-Pro-Max-128GB-Replacement,iPhone 13 Pro Max 128GB Replacement,simple,True,unknown,14400,True,True,False,Mobile Tech & Gadgets > Mobile Phones,no_description
26286,iPhone-13-Pro-Max-256GB-Replacement,iPhone 13 Pro Max 256GB Replacement,simple,True,unknown,15400,True,True,False,Mobile Tech & Gadgets > Mobile Phones,no_description
26287,iPhone-14-128GB-Used,iPhone 14 128GB Used,simple,True,unknown,12400,True,True,False,Mobile Tech & Gadgets > Mobile Phones,no_description
26288,iPhone-14-128GB-Replacement,iPhone 14 128GB Replacement,simple,True,unknown,12900,True,True,False,Mobile Tech & Gadgets > Mobile Phones,no_description
26289,iPhone-14-Plus-128GB-Replacement,iPhone 14 Plus 128GB Replacement,simple,True,unknown,16400,True,True,False,Mobile Tech & Gadgets > Mobile Phones,no_description
26290,iPhone-14-Plus-256GB-Replacement,iPhone 14 Plus 256GB Replacement,simple,True,unknown,17400,True,True,False,Mobile Tech & Gadgets > Mobile Phones,no_description
26291,iPhone-14-Pro-128GB-Replacement,iPhone 14 Pro 128GB Replacement,simple,True,unknown,14900,True,True,False,Mobile Tech & Gadgets > Mobile Phones,no_description
26292,iPhone-14-Pro-256GB-Replacement,iPhone 14 Pro 256GB Replacement,simple,True,unknown,15900,True,True,False,Mobile Tech & Gadgets > Mobile Phones,no_description
26293,iPhone-14-Pro-Max-256GB-Black-DS,iPhone 14 Pro Max 256GB Black Used DS,simple,True,unknown,18400,True,True,False,Mobile Tech & Gadgets > Mobile Phones,no_description
26294,iPhone-14-Pro-Max-256GB-Purple-DS,iPhone 14 Pro Max 256GB Purple Used DS,simple,True,unknown,17900,True,True,False,Mobile Tech & Gadgets > Mobile Phones,no_description
26295,iPhone-15-128GB-Replacement,iPhone 15 128GB Replacement,simple,True,unknown,14400,True,True,False,Mobile Tech & Gadgets > Mobile Phones,no_description
26296,iPhone-15-Plus-128GB-Replacement,iPhone 15 Plus 128GB Replacement,simple,True,unknown,17900,True,True,False,Mobile Tech & Gadgets > Mobile Phones,no_description
26297,iPhone-15-Pro-Max-256GB-Blue,iPhone 15 Pro Max 256GB Blue Used,simple,True,unknown,19900,True,True,False,Mobile Tech & Gadgets > Mobile Phones,no_description
26298,iPhone-15-Pro-256GB-Black-DS,iPhone 15 Pro 256GB Black DS,simple,True,unknown,23900,True,True,False,Mobile Tech & Gadgets > Mobile Phones,no_description
26299,iPhone-16-Pro-128GB-DS,iPhone 16 Pro 128GB DS,simple,True,unknown,24900,True,True,False,Mobile Tech & Gadgets > Mobile Phones,no_description
26300,iPhone-16-Pro-Max-256GB-DS,iPhone 16 Pro Max 256GB DS,simple,True,unknown,28900,True,True,False,Mobile Tech & Gadgets > Mobile Phones,no_description
26301,Apple-Watch-S1-40mm-SS,Apple Watch Series 1 40mm SS,simple,True,unknown,2900,True,True,False,Mobile Tech & Gadgets > Tech & Gadgets,no_description
26302,Apple-Watch-S3-38mm,Apple Watch Series 3 38mm,simple,True,unknown,3150,True,True,False,Mobile Tech & Gadgets > Tech & Gadgets,no_description
26303,Apple-Watch-S3-40mm,Apple Watch Series 3 40mm,simple,True,unknown,3650,True,True,False,Mobile Tech & Gadgets > Tech & Gadgets,no_description
26304,Apple-Watch-S4-40mm,Apple Watch Series 4 40mm,simple,True,unknown,3400,True,True,False,Mobile Tech & Gadgets > Tech & Gadgets,no_description
26305,Apple-Watch-S4-44mm,Apple Watch Series 4 44mm,simple,True,unknown,3900,True,True,False,Mobile Tech & Gadgets > Tech & Gadgets,no_description
26306,Apple-Watch-S8-45mm,Apple Watch Series 8 45mm,simple,True,unknown,5900,True,True,False,Mobile Tech & Gadgets > Tech & Gadgets,no_description
26307,Apple-Watch-S9-41mm,Apple Watch Series 9 41mm,simple,True,unknown,6900,True,True,False,Mobile Tech & Gadgets > Tech & Gadgets,no_description
26308,Apple-Watch-S9-45mm,Apple Watch Series 9 45mm,simple,True,unknown,7900,True,True,False,Mobile Tech & Gadgets > Tech & Gadgets,no_description
26309,Apple - ulta 1 silver,Apple Watch Ultra 1 Silver,simple,True,unknown,11800,True,True,False,Mobile Tech & Gadgets > Tech & Gadgets,no_description
26310,Apple-Watch-Ultra-2-Black,Apple Watch Ultra 2 Black,simple,True,unknown,17900,True,True,False,Mobile Tech & Gadgets > Tech & Gadgets,no_description
26311,Apple-Watch-Ultra-2-Silver,Apple Watch Ultra 2 Silver,simple,True,unknown,16900,True,True,False,Mobile Tech & Gadgets > Tech & Gadgets,no_description
26312,Apple-Pencil-USB-C,Apple Pencil USB-C,simple,True,unknown,1900,True,True,False,Mobile Tech & Gadgets > Tech & Gadgets,no_description
26313,Apple-Pencil-2,Apple Pencil 2,simple,True,unknown,2350,True,True,False,Mobile Tech & Gadgets > Tech & Gadgets,no_description
26314,Apple-Pencil-Pro,Apple Pencil Pro,simple,True,unknown,3250,True,True,False,Mobile Tech & Gadgets > Tech & Gadgets,no_description
26315,Apple-AirTag-4-Pack,Apple AirTag 4 Pack,simple,True,unknown,2400,True,True,False,Mobile Tech & Gadgets > Audio,no_description
26316,Apple-Magic-Keyboard-13-Black,Apple Magic Keyboard Black 13-inch,simple,True,unknown,5900,True,True,False,Mobile Tech & Gadgets > Tech & Gadgets,no_description
26317,Apple-Magic-Keyboard-11-M4,Apple Magic Keyboard 11-inch M4,simple,True,unknown,5400,True,True,False,Mobile Tech & Gadgets > Tech & Gadgets,no_description
26318,AirPods-Max-Silver,AirPods Max Silver,simple,True,unknown,11400,True,True,False,"Mobile Tech & Gadgets > Audio, Mobile Tech & Gadgets > Tech & Gadgets",no_description
26319,AirPods-Pro-2-USB-C,AirPods Pro 2 USB-C,simple,True,unknown,4400,True,True,False,"Mobile Tech & Gadgets > Audio, Mobile Tech & Gadgets > Tech & Gadgets",no_description
26320,AirPods-3,AirPods 3rd Gen,simple,True,unknown,3400,True,True,False,"Mobile Tech & Gadgets > Audio, Mobile Tech & Gadgets > Tech & Gadgets",no_description
26321,Pixel-9-Pro-XL-256GB,Google Pixel 9 Pro XL 256GB Black,simple,True,unknown,25400,True,True,False,Mobile Tech & Gadgets > Mobile Phones,no_description
26322,Pixel-9-Pro-Fold,Google Pixel 9 Pro Fold,simple,True,unknown,33900,True,True,False,Mobile Tech & Gadgets > Mobile Phones,no_description
26323,Vivo-X100-Pro-512GB,Vivo X100 Pro 512GB,simple,True,unknown,16900,True,True,False,Mobile Tech & Gadgets > Mobile Phones,no_description
26324,Samsung-Z-Fold-6-512GB,Samsung Z Fold 6 512GB Silver,simple,True,unknown,30400,True,True,False,Mobile Tech & Gadgets > Mobile Phones,no_description
26332,PS5-Disc-Slim,Playstation 5 Pro - 10255441,simple,True,unknown,21100,True,True,True,Mobile Tech & Gadgets > Tech & Gadgets,
26333,PS5-Digital-Slim,PlayStation 5 Slim Console With Disc Drive (PS5 Slim),simple,True,unknown,11600,True,True,True,Mobile Tech & Gadgets > Tech & Gadgets,
26334,Apple-Watch-S9-41mm-Starlight,Apple Watch Series 9 41mm Starlight,simple,True,unknown,7950,True,True,False,Mobile Tech & Gadgets > Tech & Gadgets,no_description
26335,Apple-Watch-S10-42mm-GPS,Apple Watch Series 10 42mm GPS Jet Black,simple,True,unknown,8650,True,True,False,Mobile Tech & Gadgets > Tech & Gadgets,no_description
26336,Apple-Watch-S10-46mm-GPS,Apple Watch Series 10 46mm GPS Gold,simple,True,unknown,10200,True,True,False,Mobile Tech & Gadgets > Tech & Gadgets,no_description
26337,Samsung-Watch-Ultra-32GB,Samsung Watch Ultra 32GB Titanium Silver,simple,True,unknown,9999,True,True,False,Mobile Tech & Gadgets > Tech & Gadgets,no_description
26683,W3PC3926683,"LED, LCD, PDP Flat Panel TV Wall Mount",variable,True,unknown,,False,True,True,"Mobile Tech & Gadgets, Mobile Tech & Gadgets > Tv's",no_price
28801,9902062725963,3.52sqm Peel & Stick Vinyl Tiles- CL2041,simple,True,unknown,580,True,True,False,"All Products, Hardware, Hardware > Peel and Stick Tiles > Peel & Stick Vinyl Tiles, Hardware > Peel and Stick Tiles",no_description
30962,7V5HTY30962,Condere Y-9001 Blender,simple,True,unknown,590,True,True,True,"Homeware > Appliances > Small Appliances > Blenders & Mixers, Homeware",
30983,QW4P7930983,Condere Induction Cooker - C-Cpsf35b,simple,True,unknown,1299,True,True,True,"Homeware > Appliances > Small Appliances > Cookers, Homeware, Homeware > Appliances > Small Appliances",
30996,QW4P7930983,Condere Induction cooker - C-cpsf20A,simple,True,unknown,850,True,True,True,"Homeware > Appliances > Small Appliances > Cookers, Homeware, Homeware > Appliances > Small Appliances",
30998,QW4P7930983,Condere Induction cooker - C-ctsf15A,simple,True,unknown,650,True,True,True,"Homeware > Appliances > Small Appliances > Cookers, Homeware, Homeware > Appliances > Small Appliances",
31006,5ZUQ8M31006,7 Piece Cast Iron Dutch Oven Cookware Set,simple,True,unknown,1550,True,True,True,"Homeware > Kitchenware > Cookware & Bakeware, Homeware, Homeware > Kitchenware",
31012,MQSG7C31012,Condere Remote-Controlled Pedestal Mist Fan - p18 A,simple,True,unknown,1650,True,True,True,"Homeware > Fans & Heaters, Homeware",
31018,D6AI2H31018,Countertop 4 Burner Gas Hob - RH-4004,simple,True,unknown,1450,True,True,True,"Homeware, Homeware > Appliances > Stoves",
31021,4Y3PVR31021,Aucma Stand Mixer - SC-209,simple,True,unknown,1550,True,True,True,"Homeware > Appliances > Small Appliances > Blenders & Mixers, Homeware",
31024,JQH6YD31024,Aucma Slow Juicer - ASJP-AE003,simple,True,unknown,1450,True,True,True,"Homeware > Appliances, Homeware > Appliances > Small Appliances > Blenders & Mixers, Homeware",
31028,4Y3PVR31021,Aucma Stand Mixer - SC-223,simple,True,unknown,1750,True,True,True,"Homeware > Appliances > Small Appliances > Blenders & Mixers, Homeware",
31057,KHMLXR31057,12 ACS (10407 BTU) Alaska SH Series Midwall Split Unit Airconditioner – Complete Set,simple,True,unknown,6500,True,True,True,"Homeware > Air Conditioners, Homeware",
31174,TE912U31174,INAH SUPERIOR GRAPE JUICE - Cabernet Sauvignon,simple,True,unknown,85,True,True,True,Lifestyle & Everyday Essentials > Inah Superior Grape Juice,
31178,TE912U31174,INAH SUPERIOR GRAPE JUICE - Merlot,simple,True,unknown,85,True,True,True,Lifestyle & Everyday Essentials > Inah Superior Grape Juice,
31182,TE912U31174,INAH SUPERIOR GRAPE JUICE - Shiraz,simple,True,unknown,85,True,True,True,Lifestyle & Everyday Essentials > Inah Superior Grape Juice,
31186,TE912U31174,INAH SUPERIOR GRAPE JUICE - Rossore,simple,True,unknown,85,True,True,True,Lifestyle & Everyday Essentials > Inah Superior Grape Juice,
31189,TE912U31174,INAH SUPERIOR GRAPE JUICE - Sauvignon Blanc,simple,True,unknown,85,True,True,True,Lifestyle & Everyday Essentials > Inah Superior Grape Juice,
31192,34H4IF31192,Palestine Cola Original,variable,True,unknown,,False,True,True,"Lifestyle & Everyday Essentials, Lifestyle & Everyday Essentials > Palestine Cola",no_price
31201,34H4IF31192,Palestine Cola No Sugar,variable,True,unknown,,False,True,True,"Lifestyle & Everyday Essentials, Lifestyle & Everyday Essentials > Palestine Cola",no_price
31242,QCNJ9531242,Table Lamp with Textured Base,variable,True,unknown,,False,True,True,"Homeware > Decor > Candles & Holders, Hardware > Electrical > Lights",no_price
31356,PMLQ620447,SAMSUNG GALAXY TAB S9 FE+ 5G (new),simple,True,unknown,15250,True,True,True,Mobile Tech & Gadgets > Laptops,
31357,E7390,Refurbished DELL E7390 (No Touch) I5 8TH GEN Laptop,simple,True,unknown,3749,True,True,True,Mobile Tech & Gadgets > Laptops,
31358,HP430,HP 430 G3 6TH Gen,simple,True,unknown,3249,True,True,True,Mobile Tech & Gadgets > Laptops,
31359,PRO7,Refurbished SURFACE PRO 7  I5 7TH Gen Laptop,simple,True,unknown,4249,True,True,True,Mobile Tech & Gadgets > Laptops,
31360,MiniI5DESK,LENOVO MINI DESKTOP - I5 4TH GEN 4/128 SSD,simple,True,unknown,1500,True,True,True,Mobile Tech & Gadgets > Laptops,
31361,Z30A,Refurbished TOSHIBA Z30A 6th Gen i5 Lap Top,simple,True,unknown,3200,True,True,True,Mobile Tech & Gadgets > Laptops,
31362,iPad9,iPad 9th Gen 64GB WiFi (New),simple,True,unknown,6150,True,True,True,Mobile Tech & Gadgets > Laptops,
31363,iPad1064,iPad 10th Gen 64GB WiFi (New),simple,True,unknown,6900,True,True,True,Mobile Tech & Gadgets > Laptops,
31364,iPad10265,iPad 10th Gen 256GB WiFi (New),simple,True,unknown,10650,True,True,True,Mobile Tech & Gadgets > Laptops,
31365,iPad-Pro-11-M4-256GB,iPad Pro 11 M4 256GB WiFi Space Black (New),simple,True,unknown,20650,True,True,True,Mobile Tech & Gadgets > Laptops,
31366,iPad-Pro-13-M4-512GB,iPad Pro 13 M4 512GB WiFi Space Black (New),simple,True,unknown,31650,True,True,True,Mobile Tech & Gadgets > Laptops,
31367,S10Ultra,Samsung S10 Ultra Tab 256GB (New),simple,True,unknown,27150,True,True,True,Mobile Tech & Gadgets > Laptops,
31368,Pro9,Microsoft Surface Book Pro 9 (New),simple,True,unknown,20650,True,True,True,Mobile Tech & Gadgets > Laptops,
31369,P50,Refurbished Lenovo P50 INTEL CORE NUM PAD I7 6TH GEN Laptop,simple,True,unknown,4550,True,True,True,Mobile Tech & Gadgets > Laptops,
31370,L570,Refurbished Lenovo L570 INTEL CORE I5 6TH GEN NUM PAD Laptop,simple,True,unknown,3650,True,True,True,Mobile Tech & Gadgets > Laptops,
31371,L380,Refurbished Lenovo L380 (Touch) INTEL CORE I5 8TH GEN Laptop,simple,True,unknown,4350,True,True,True,Mobile Tech & Gadgets > Laptops,
31372,L390,Refurbished Lenovo L390 (Touch) INTEL CORE I5 8TH GEN Laptop,simple,True,unknown,4550,True,True,True,Mobile Tech & Gadgets > Laptops,
31373,T460,Refurbished Lenovo T460 INTEL CORE I7 6TH GEN Laptop,simple,True,unknown,4050,True,True,True,Mobile Tech & Gadgets > Laptops,
31374,T450,Refurbished Lenovo T450 INTEL CORE I5 5TH GEN Laptop,simple,True,unknown,3050,True,True,True,Mobile Tech & Gadgets > Laptops,
31375,T440,Refurbished Lenovo T440 INTEL CORE I5 4TH GEN Laptop,simple,True,unknown,2750,True,True,True,Mobile Tech & Gadgets > Laptops,
31376,T460S,Refurbished Lenovo T460S INTEL CORE I5 6TH GEN Laptop,simple,True,unknown,3350,True,True,True,Mobile Tech & Gadgets > Laptops,
31377,YOGA 260,Refurbished Lenovo YOGA 260 INTEL CORE I5 6TH GEN Laptop,simple,True,unknown,3350,True,True,True,Mobile Tech & Gadgets > Laptops,
31378,X1CARG5,Refurbished Lenovo X1 CARBON GEN5 INTEL CORE I7 8TH GEN Laptop,simple,True,unknown,5050,True,True,True,Mobile Tech & Gadgets > Laptops,
31379,L470,Refurbished Lenovo L470 INTEL CORE I3 6TH GEN Laptop,simple,True,unknown,3550,True,True,True,Mobile Tech & Gadgets > Laptops,
31380,T470,Refurbished Lenovo T470 INTEL CORE I5 6TH GEN Laptop,simple,True,unknown,3550,True,True,True,Mobile Tech & Gadgets > Laptops,
31381,11E,Refurbished Lenovo 11E INTEL CORE I3 6TH GEN Laptop,simple,True,unknown,3050,True,True,True,Mobile Tech & Gadgets > Laptops,
31382,V110,Refurbished Lenovo V110 INTEL CORE I6 6TH GEN NUM PAD Laptop,simple,True,unknown,3550,True,True,True,Mobile Tech & Gadgets > Laptops,
31383,X270,Refurbished Lenovo X270 INTEL CORE I5 6TH GEN Laptop,simple,True,unknown,3350,True,True,True,Mobile Tech & Gadgets > Laptops,
31384,X260,Refurbished Lenovo X260 INTEL CORE I7 6TH GEN Laptop,simple,True,unknown,3650,True,True,True,Mobile Tech & Gadgets > Laptops,
31385,X1CAR2G,Refurbished Lenovo X1 CARBON 2GEN INTEL CORE I7 6TH GEN Laptop,simple,True,unknown,4750,True,True,True,Mobile Tech & Gadgets > Laptops,
31386,T14G2,Refurbished Lenovo T14 GEN2 INTEL CORE I5 12TH GEN Laptop,simple,True,unknown,6050,True,True,True,Mobile Tech & Gadgets > Laptops,
31387,X250,Refurbished Lenovo X250 INTEL CORE I5 5TH GEN Laptop,simple,True,unknown,3050,True,True,True,Mobile Tech & Gadgets > Laptops,
31388,X240,Refurbished Lenovo X240 INTEL CORE I5 4TH GEN Laptop,simple,True,unknown,3050,True,True,True,Mobile Tech & Gadgets > Laptops,
31389,T490S,Refurbished Lenovo T490S INTEL CORE I7 8TH 32/256GB NVME Laptop,simple,True,unknown,5050,True,True,True,Mobile Tech & Gadgets > Laptops,
31390,T480S,Refurbished Lenovo T480S INTEL CORE I7 8TH GEN Laptop,simple,True,unknown,4550,True,True,True,Mobile Tech & Gadgets > Laptops,
31391,X1CARG1,Refurbished Lenovo X1 CARBON GEN1 INTEL CORE I7 5TH GEN Laptop,simple,True,unknown,4050,True,True,True,Mobile Tech & Gadgets > Laptops,
31392,T560,Refurbished Lenovo T560 INTEL CORE I5 6TH GEN NUM PAD Laptop,simple,True,unknown,4150,True,True,True,Mobile Tech & Gadgets > Laptops,
31393,L540,Refurbished Lenovo L540 INTEL CORE I5 4TH GEN NUM PAD Laptop,simple,True,unknown,3050,True,True,True,Mobile Tech & Gadgets > Laptops,
31394,A475,Refurbished Lenovo A475 AMD A12 Laptop,simple,True,unknown,2550,True,True,True,Mobile Tech & Gadgets > Laptops,
31395,W540,Refurbished Lenovo W540 INTEL CORE I5 4TH GEN NUM PAD Laptop,simple,True,unknown,3050,True,True,True,Mobile Tech & Gadgets > Laptops,
31396,T570,Refurbished Lenovo T570 INTEL CORE I5 6TH GEN NUM PAD Laptop,simple,True,unknown,3999,True,True,True,Mobile Tech & Gadgets > Laptops,
31397,L440,Refurbished Lenovo L440 INTEL CORE I3 4TH GEN Laptop,simple,True,unknown,2850,True,True,True,Mobile Tech & Gadgets > Laptops,
31398,T410,Refurbished Lenovo T410 INTEL CORE I5 1ST GEN Laptop,simple,True,unknown,2550,True,True,True,Mobile Tech & Gadgets > Laptops,
31399,X200S,"Refurbished Lenovo X200S COUR 2 DUO, 2GB 160HDD Laptop",simple,True,unknown,2300,True,True,True,Mobile Tech & Gadgets > Laptops,
31400,E5250,Refurbished Lenovo E5250 INTEL CORE I7 5TH GEN Laptop,simple,True,unknown,3800,True,True,True,Mobile Tech & Gadgets > Laptops,
31401,E7290,Refurbished Dell E7290 INTEL CORE I7 8TH GEN Laptop,simple,True,unknown,4700,True,True,True,Mobile Tech & Gadgets > Laptops,
31402,E5450,Refurbished Lenovo E5450 INTEL CORE I5 5TH GEN Laptop,simple,True,unknown,2999,True,True,True,Mobile Tech & Gadgets > Laptops,
31403,E7390T,Refurbished Dell E7390 (Touch) INTEL CORE I5 8TH GEN Laptop,simple,True,unknown,4750,True,True,True,Mobile Tech & Gadgets > Laptops,
31404,E5480,Refurbished Dell E5480 INTEL CORE I5 6TH GEN Laptop,simple,True,unknown,3600,True,True,True,Mobile Tech & Gadgets > Laptops,
31405,E7490,Refurbished Dell E7490 INTEL CORE I7 8TH GEN Laptop,simple,True,unknown,4699,True,True,True,Mobile Tech & Gadgets > Laptops,
31406,E5470,Refurbished Dell E5470 INTEL CORE I5 6TH GEN Laptop,simple,True,unknown,3550,True,True,True,Mobile Tech & Gadgets > Laptops,
31407,E5490,Refurbished Dell E5490 INTEL CORE I5 7TH GEN Laptop,simple,True,unknown,3199,True,True,True,Mobile Tech & Gadgets > Laptops,
31408,E7480,Refurbished Dell E7480 INTEL CORE I7 7TH GEN Laptop,simple,True,unknown,3999,True,True,True,Mobile Tech & Gadgets > Laptops,
31409,E3580,Refurbished Dell E3580 INTEL CORE I3 6TH GEN Laptop,simple,True,unknown,3900,True,True,True,Mobile Tech & Gadgets > Laptops,
31410,E5550,Refurbished Dell E5550 INTEL CORE I5 5TH GEN Laptop,simple,True,unknown,3800,True,True,True,Mobile Tech & Gadgets > Laptops,
31411,E5580,Refurbished Dell E5580 INTEL CORE I5 6TH GEN Laptop,simple,True,unknown,3600,True,True,True,Mobile Tech & Gadgets > Laptops,
31412,E3480,Refurbished Dell E3480 INTEL CORE I3 6TH GEN Laptop,simple,True,unknown,3500,True,True,True,Mobile Tech & Gadgets > Laptops,
31413,E5400,Refurbished Dell E5400 INTEL CORE I5 8TH GEN Laptop,simple,True,unknown,4600,True,True,True,Mobile Tech & Gadgets > Laptops,
31414,E5440,Refurbished Dell E5440 INTEL CORE I5 4TH GEN/120GB SSD Laptop,simple,True,unknown,2999,True,True,True,Mobile Tech & Gadgets > Laptops,
31415,E7270,Refurbished Dell E7270 INTEL CORE I7 6TH GEN Laptop,simple,True,unknown,4250,True,True,True,Mobile Tech & Gadgets > Laptops,
31416,E5410,Refurbished Dell E5410 INTEL CORE I5 10TH GEN Laptop,simple,True,unknown,5200,True,True,True,Mobile Tech & Gadgets > Laptops,
31417,VOSTRO 3568,Refurbished Dell VOSTRO 3568 INTEL CORE I5 7TH GEN NUM PAD Laptop,simple,True,unknown,4299,True,True,True,Mobile Tech & Gadgets > Laptops,
31418,E5290,Refurbished DELL E5290 2IN1 INTEL CORE I5 7TH GEN Laptop,simple,True,unknown,3900,True,True,True,Mobile Tech & Gadgets > Laptops,
31419,E5285,Refurbished DELL E5285 2IN1 INTEL CORE I5 7TH GEN Laptop,simple,True,unknown,3950,True,True,True,Mobile Tech & Gadgets > Laptops,
31420,INSI58G,Refurbished Dell INSPIRON INTEL CORE I5 8TH GEN Laptop,simple,True,unknown,4650,True,True,True,Mobile Tech & Gadgets > Laptops,
31421,E7440,Refurbished Dell E7440 INTEL CORE I5 4TH GEN Laptop,simple,True,unknown,3200,True,True,True,Mobile Tech & Gadgets > Laptops,
31422,E5300,Refurbished Dell E5300 (No Touch) INTEL CORE I7 8TH GEN Laptop,simple,True,unknown,4800,True,True,True,Mobile Tech & Gadgets > Laptops,
31423,E5300T,Refurbished Dell E5300 2IN1 (Touch) INTEL CORE I5 8TH GEN Laptop,simple,True,unknown,4600,True,True,True,Mobile Tech & Gadgets > Laptops,
31424,E7280,Refurbished Dell E7280 INTEL CORE I5 6TH GEN Laptop,simple,True,unknown,3550,True,True,True,Mobile Tech & Gadgets > Laptops,
31425,Z30C,Refurbished Z30C INTEL CORE I5 6TH GEN Laptop,simple,True,unknown,3999,True,True,True,Mobile Tech & Gadgets > Laptops,
31426,RM MOBI 300,Refurbished RM MOBI 300 INTEL CORE I5 6TH GEN Laptop,simple,True,unknown,4200,True,True,True,Mobile Tech & Gadgets > Laptops,
31427,FUJITSU U745,Refurbished Fujitsu  U745 INTEL CORE I5 8TH GEN 8GB/256 NVME Laptop,simple,True,unknown,5500,True,True,True,Mobile Tech & Gadgets > Laptops,
31428,DELL 3070,Refurbished Dell 3070 INTEL CORE I5 9TH GEN 4/128SSD Desktop,simple,True,unknown,3999,True,True,True,Mobile Tech & Gadgets > Desktops,
31429,DELL 5060,Refurbished Dell 5060 INTEL CORE  Desktop,simple,True,unknown,3499,True,True,True,Mobile Tech & Gadgets > Desktops,
31430,DELL 5070,Refurbished Dell 5070 INTEL CORE  Desktop,simple,True,unknown,3599,True,True,True,Mobile Tech & Gadgets > Desktops,
31431,DELL 7070,Refurbished Dell 7070 INTEL CORE  Desktop,simple,True,unknown,3999,True,True,True,Mobile Tech & Gadgets > Desktops,
31432,DELL 7060,Refurbished Dell 7060 INTEL CORE  Desktop,simple,True,unknown,3980,True,True,True,Mobile Tech & Gadgets > Desktops,
31433,HP PRO,Refurbished HP PRO INTEL CORE I5 9TH GEN Desktop,simple,True,unknown,4800,True,True,True,Mobile Tech & Gadgets > Desktops,
31434,DELL3060,Refurbished Dell 3060 INTEL CORE I5 8TH GEN Desktop,simple,True,unknown,3950,True,True,True,Mobile Tech & Gadgets > Desktops,
31601,XRN2I731601,50Pc Round Air Fryer Paper,simple,True,unknown,90,True,True,True,"Homeware > Kitchenware > Cookware & Bakeware, Homeware > Kitchenware",
31607,XRN2I731601,50Pc Square Air Fryer Paper,variable,True,unknown,,False,True,True,"Homeware > Kitchenware > Cookware & Bakeware, Homeware > Kitchenware",no_price
31616,MSQ82431616,6L Condere Air Fryer,simple,True,unknown,599,True,True,True,"Homeware > Appliances > Small Appliances > Cookers, Homeware, Homeware > Appliances > Small Appliances",
31620,5523A831620,12L Condere Air Fryer,simple,True,unknown,1299,True,True,True,"Homeware > Appliances > Small Appliances > Cookers, Homeware, Homeware > Appliances > Small Appliances",
31623,14Q95O31623,5L Condere Electric Pressure Cooker - HD60-1005,simple,True,unknown,1200,True,True,True,"Homeware > Appliances > Small Appliances > Cookers, Homeware, Homeware > Slow Cookers, Homeware > Appliances > Small Appliances",
31627,3XE28T31627,Condere Chafing Dish with Two Double Pan Burners,simple,True,unknown,650,True,True,False,"Homeware, Homeware > Kitchenware",no_description
31636,CI42X931636,Gold/Black Chandelier,simple,False,unknown,,False,True,False,"Homeware > Decor, Homeware",no_price|no_description
31640,CI42X931636,Gold Chandelier,simple,False,unknown,,False,True,False,"Homeware > Decor, Homeware",no_price|no_description
31643,CI42X931636,White/ Gold Chandelier,simple,False,unknown,,False,True,False,"Homeware > Decor, Homeware",no_price|no_description
31646,WXRT5731646,Electric Frying Pan,simple,True,unknown,650,True,True,False,"Homeware > Appliances > Small Appliances > Cookers, Homeware, Homeware > Appliances > Small Appliances",no_description
31650,MVE8U731650,Vacuum Cleaner,simple,True,unknown,2899,True,True,False,"Homeware > Cleaning & Organization > Cleaning, Homeware, Homeware > Appliances > Small Appliances",no_description
31653,5DM4VE31653,Non Stick Pan Caker Maker/Tawa,variable,True,unknown,,False,True,True,"Homeware > Appliances > Small Appliances > Cookers, Homeware, Homeware > Appliances > Small Appliances",no_price
31656,LDWQ9V31656,Silicon 2Pc Collapsing Filter Baskets/Colanders,simple,True,unknown,250,True,True,False,"Homeware, Homeware > Kitchenware > Kitchen Organization",no_description
31659,L3885531659,Glass Clip Lock Storage Container,simple,True,unknown,250,True,True,False,"Homeware > Kitchenware > Food Storage Containers, Homeware, Homeware > Kitchenware",no_description
31665,L3885531659,Purple Food Storage Container,simple,False,unknown,,False,True,False,"Homeware > Kitchenware > Food Storage Containers, Homeware, Homeware > Kitchenware",no_price|no_description
31668,L3885531659,Green Food Storage Container,simple,False,unknown,,False,True,False,"Homeware > Kitchenware > Food Storage Containers, Homeware, Homeware > Kitchenware",no_price|no_description
31675,L3885531659,Food Storage Container,simple,False,unknown,,False,True,False,"Homeware > Kitchenware > Food Storage Containers, Homeware, Homeware > Kitchenware",no_price|no_description
31677,U149WL31677,Oven Bake Tray,simple,True,unknown,500,True,True,False,"Homeware > Kitchenware > Cookware & Bakeware, Homeware, Homeware > Kitchenware",no_description
31679,L3885531659,Blue Food Storage Container,simple,False,unknown,,False,True,False,"Homeware > Kitchenware > Food Storage Containers, Homeware, Homeware > Kitchenware",no_price|no_description
31683,3W319531683,Premium Sneaker Solution,simple,True,unknown,199,True,True,True,"Homeware > Cleaning & Organization > Cleaning, Homeware",
31691,RX3EL131691,Shoe Laundry Bag,simple,True,unknown,300,True,True,True,"Homeware > Cleaning & Organization > Cleaning, Homeware, Homeware > Cleaning & Organization > Laundry",
31727,76W9OB31727,Eid Mubarak Yellow Portable Tumbler,simple,True,unknown,300,True,True,False,"Homeware > Dining > Drinkware, Lifestyle & Everyday Essentials > Novelty, Homeware > Dining > Drinkware > Tumblers",no_description
31786,UQV1WG31786,Electric Pressure Cooker,simple,True,unknown,1999,True,True,True,"Homeware > Appliances > Small Appliances > Cookers, Homeware, Homeware > Appliances > Small Appliances",
31793,Q4BDPF31793,Condere Plus Ice Maker,simple,True,unknown,2200,True,True,True,"Homeware > Appliances > Small Appliances > Ice Makers, Homeware > Appliances > Small Appliances",
31801,TX98XA31801,"Lexuco 55"" UHD 4K Frameless Google TV",simple,True,unknown,6999,True,True,True,"Mobile Tech & Gadgets, Mobile Tech & Gadgets > Tv's",
31984,F02549-01,Circular Saw Blade - 24 Teeth,variable,True,unknown,,False,True,True,"Hardware > Cutting Tools > Circular Saw Blade, Hardware > Cutting Tools, Hardware",no_price
32066,F02553-01,40 Teeth Circular Saw,variable,False,unknown,,False,True,True,Hardware > Cutting Tools,no_price
32092,,General Work Gloves,simple,False,unknown,,False,True,True,Hardware > Safety Gear,no_price|no_sku
32096,F02566-01,General Purpose Blue Work Gloves,simple,False,unknown,,False,True,True,Hardware > Safety Gear,no_price
32141,,Hot Water Bottle,variable,False,unknown,,False,True,True,"All Products, Homeware > Appliances > Small Appliances > Personal Care",no_price|no_sku
32151,F00050-01,Vaccum Flask,variable,False,unknown,,False,True,True,All Products,no_price
32218,F02788-1,2 PK + Plastic Lid - 9700 ML,simple,False,unknown,,False,True,True,"Homeware > Kitchenware > Cookware & Bakeware, Homeware > Kitchenware > Food Storage Containers, Homeware > Kitchenware > Kitchen Organization",no_price
32252,F020351,Dustpan and Brush Set BG,simple,False,unknown,,False,True,True,Homeware > Cleaning & Organization > Brushware,no_price
32283,,Container set (3 in 1) Apple Assorted colours,simple,False,unknown,,False,False,True,,no_price|no_image|no_sku
32289,F02370,Cont. set Oval (3-in-1) assorted colours (Copy),simple,False,unknown,,False,True,True,Homeware > Kitchenware > Food Storage Containers,no_price
32323,F02367-1,Baby bath,simple,False,unknown,,False,True,True,Homeware > Kitchenware,no_price
32505,,Electric Induction Cooker,simple,False,unknown,,False,False,False,,no_price|no_image|no_description|no_sku
32640,SawKit-1,Hole Saw Kit (Copy),variable,False,unknown,,False,True,True,"Hardware > Cutting Tools, Hardware, Lifestyle & Everyday Essentials > Under R99",no_price
